role,series_name,expected_source_name,expected_identity_text,source_name,source_url,mapping_status,fetched_at,returned_source_name,date,source_sales
calibration,Model Y,Model Y,特斯拉,车主手册,https://www.icauto.com.cn/rank/car_1692.html,mapped,2026-08-29T15:42:55+08:00,Model Y,2025-01-01,25694
calibration,Model Y,Model Y,特斯拉,车主手册,https://www.icauto.com.cn/rank/car_1692.html,mapped,2026-08-29T15:42:55+08:00,Model Y,2025-02-01,8006
calibration,Model Y,Model Y,特斯拉,车主手册,https://www.icauto.com.cn/rank/car_1692.html,mapped,2026-08-29T15:42:55+08:00,Model Y,2025-03-01,48189
calibration,Model Y,Model Y,特斯拉,车主手册,https://www.icauto.com.cn/rank/car_1692.html,mapped,2026-08-29T15:42:55+08:00,Model Y,2025-04-01,19984
calibration,Model Y,Model Y,特斯拉,车主手册,https://www.icauto.com.cn/rank/car_1692.html,mapped,2026-08-29T15:42:55+08:00,Model Y,2025-05-01,24770
calibration,Model Y,Model Y,特斯拉,车主手册,https://www.icauto.com.cn/rank/car_1692.html,mapped,2026-08-29T15:42:55+08:00,Model Y,2025-06-01,44848
calibration,Model Y,Model Y,特斯拉,车主手册,https://www.icauto.com.cn/rank/car_1692.html,mapped,2026-08-29T15:42:55+08:00,Model Y,2025-07-01,30766
calibration,Model Y,Model Y,特斯拉,车主手册,https://www.icauto.com.cn/rank/car_1692.html,mapped,2026-08-29T15:42:55+08:00,Model Y,2025-08-01,39413
calibration,Model Y,Model Y,特斯拉,车主手册,https://www.icauto.com.cn/rank/car_1692.html,mapped,2026-08-29T15:42:55+08:00,Model Y,2025-09-01,51173
calibration,Model Y,Model Y,特斯拉,车主手册,https://www.icauto.com.cn/rank/car_1692.html,mapped,2026-08-29T15:42:55+08:00,Model Y,2025-10-01,19488
calibration,Model Y,Model Y,特斯拉,车主手册,https://www.icauto.com.cn/rank/car_1692.html,mapped,2026-08-29T15:42:55+08:00,Model Y,2025-11-01,47132
calibration,Model Y,Model Y,特斯拉,车主手册,https://www.icauto.com.cn/rank/car_1692.html,mapped,2026-08-29T15:42:55+08:00,Model Y,2025-12-01,65874
calibration,Model Y,Model Y,特斯拉,车主手册,https://www.icauto.com.cn/rank/car_1692.html,mapped,2026-08-29T15:42:55+08:00,Model Y,2024-01-01,29912
calibration,Model Y,Model Y,特斯拉,车主手册,https://www.icauto.com.cn/rank/car_1692.html,mapped,2026-08-29T15:42:55+08:00,Model Y,2024-02-01,22537
calibration,Model Y,Model Y,特斯拉,车主手册,https://www.icauto.com.cn/rank/car_1692.html,mapped,2026-08-29T15:42:55+08:00,Model Y,2024-03-01,47917
calibration,Model Y,Model Y,特斯拉,车主手册,https://www.icauto.com.cn/rank/car_1692.html,mapped,2026-08-29T15:42:55+08:00,Model Y,2024-04-01,26356
calibration,Model Y,Model Y,特斯拉,车主手册,https://www.icauto.com.cn/rank/car_1692.html,mapped,2026-08-29T15:42:55+08:00,Model Y,2024-05-01,39985
calibration,Model Y,Model Y,特斯拉,车主手册,https://www.icauto.com.cn/rank/car_1692.html,mapped,2026-08-29T15:42:55+08:00,Model Y,2024-06-01,41110
calibration,Model Y,Model Y,特斯拉,车主手册,https://www.icauto.com.cn/rank/car_1692.html,mapped,2026-08-29T15:42:55+08:00,Model Y,2024-07-01,36299
calibration,Model Y,Model Y,特斯拉,车主手册,https://www.icauto.com.cn/rank/car_1692.html,mapped,2026-08-29T15:42:55+08:00,Model Y,2024-08-01,45330
calibration,Model Y,Model Y,特斯拉,车主手册,https://www.icauto.com.cn/rank/car_1692.html,mapped,2026-08-29T15:42:55+08:00,Model Y,2024-09-01,48202
calibration,Model Y,Model Y,特斯拉,车主手册,https://www.icauto.com.cn/rank/car_1692.html,mapped,2026-08-29T15:42:55+08:00,Model Y,2024-10-01,36204
calibration,Model Y,Model Y,特斯拉,车主手册,https://www.icauto.com.cn/rank/car_1692.html,mapped,2026-08-29T15:42:55+08:00,Model Y,2024-11-01,44576
calibration,Model Y,Model Y,特斯拉,车主手册,https://www.icauto.com.cn/rank/car_1692.html,mapped,2026-08-29T15:42:55+08:00,Model Y,2024-12-01,61881
calibration,Model Y,Model Y,特斯拉,车主手册,https://www.icauto.com.cn/rank/car_1692.html,mapped,2026-08-29T15:42:55+08:00,Model Y,2023-01-01,14184
calibration,Model Y,Model Y,特斯拉,车主手册,https://www.icauto.com.cn/rank/car_1692.html,mapped,2026-08-29T15:42:55+08:00,Model Y,2023-02-01,25526
calibration,Model Y,Model Y,特斯拉,车主手册,https://www.icauto.com.cn/rank/car_1692.html,mapped,2026-08-29T15:42:55+08:00,Model Y,2023-03-01,54937
calibration,Model Y,Model Y,特斯拉,车主手册,https://www.icauto.com.cn/rank/car_1692.html,mapped,2026-08-29T15:42:55+08:00,Model Y,2023-04-01,26760
calibration,Model Y,Model Y,特斯拉,车主手册,https://www.icauto.com.cn/rank/car_1692.html,mapped,2026-08-29T15:42:55+08:00,Model Y,2023-05-01,31054
calibration,Model Y,Model Y,特斯拉,车主手册,https://www.icauto.com.cn/rank/car_1692.html,mapped,2026-08-29T15:42:55+08:00,Model Y,2023-06-01,51471
calibration,Model Y,Model Y,特斯拉,车主手册,https://www.icauto.com.cn/rank/car_1692.html,mapped,2026-08-29T15:42:55+08:00,Model Y,2023-07-01,23632
calibration,Model Y,Model Y,特斯拉,车主手册,https://www.icauto.com.cn/rank/car_1692.html,mapped,2026-08-29T15:42:55+08:00,Model Y,2023-08-01,51117
calibration,Model Y,Model Y,特斯拉,车主手册,https://www.icauto.com.cn/rank/car_1692.html,mapped,2026-08-29T15:42:55+08:00,Model Y,2023-09-01,41428
calibration,Model Y,Model Y,特斯拉,车主手册,https://www.icauto.com.cn/rank/car_1692.html,mapped,2026-08-29T15:42:55+08:00,Model Y,2023-10-01,26353
calibration,Model Y,Model Y,特斯拉,车主手册,https://www.icauto.com.cn/rank/car_1692.html,mapped,2026-08-29T15:42:55+08:00,Model Y,2023-11-01,49877
calibration,Model Y,Model Y,特斯拉,车主手册,https://www.icauto.com.cn/rank/car_1692.html,mapped,2026-08-29T15:42:55+08:00,Model Y,2023-12-01,60055
calibration,Model 3,Model 3,特斯拉,车主手册,https://www.icauto.com.cn/rank/car_985.html,mapped,2026-08-29T15:42:55+08:00,Model 3,2025-01-01,8009
calibration,Model 3,Model 3,特斯拉,车主手册,https://www.icauto.com.cn/rank/car_985.html,mapped,2026-08-29T15:42:55+08:00,Model 3,2025-02-01,18771
calibration,Model 3,Model 3,特斯拉,车主手册,https://www.icauto.com.cn/rank/car_985.html,mapped,2026-08-29T15:42:55+08:00,Model 3,2025-03-01,25938
calibration,Model 3,Model 3,特斯拉,车主手册,https://www.icauto.com.cn/rank/car_985.html,mapped,2026-08-29T15:42:55+08:00,Model 3,2025-04-01,8747
calibration,Model 3,Model 3,特斯拉,车主手册,https://www.icauto.com.cn/rank/car_985.html,mapped,2026-08-29T15:42:55+08:00,Model 3,2025-05-01,13818
calibration,Model 3,Model 3,特斯拉,车主手册,https://www.icauto.com.cn/rank/car_985.html,mapped,2026-08-29T15:42:55+08:00,Model 3,2025-06-01,16636
calibration,Model 3,Model 3,特斯拉,车主手册,https://www.icauto.com.cn/rank/car_985.html,mapped,2026-08-29T15:42:55+08:00,Model 3,2025-07-01,9851
calibration,Model 3,Model 3,特斯拉,车主手册,https://www.icauto.com.cn/rank/car_985.html,mapped,2026-08-29T15:42:55+08:00,Model 3,2025-08-01,17739
calibration,Model 3,Model 3,特斯拉,车主手册,https://www.icauto.com.cn/rank/car_985.html,mapped,2026-08-29T15:42:55+08:00,Model 3,2025-09-01,20352
calibration,Model 3,Model 3,特斯拉,车主手册,https://www.icauto.com.cn/rank/car_985.html,mapped,2026-08-29T15:42:55+08:00,Model 3,2025-10-01,6518
calibration,Model 3,Model 3,特斯拉,车主手册,https://www.icauto.com.cn/rank/car_985.html,mapped,2026-08-29T15:42:55+08:00,Model 3,2025-11-01,26013
calibration,Model 3,Model 3,特斯拉,车主手册,https://www.icauto.com.cn/rank/car_985.html,mapped,2026-08-29T15:42:55+08:00,Model 3,2025-12-01,27969
calibration,Model 3,Model 3,特斯拉,车主手册,https://www.icauto.com.cn/rank/car_985.html,mapped,2026-08-29T15:42:55+08:00,Model 3,2024-01-01,9969
calibration,Model 3,Model 3,特斯拉,车主手册,https://www.icauto.com.cn/rank/car_985.html,mapped,2026-08-29T15:42:55+08:00,Model 3,2024-02-01,7604
calibration,Model 3,Model 3,特斯拉,车主手册,https://www.icauto.com.cn/rank/car_985.html,mapped,2026-08-29T15:42:55+08:00,Model 3,2024-03-01,14481
calibration,Model 3,Model 3,特斯拉,车主手册,https://www.icauto.com.cn/rank/car_985.html,mapped,2026-08-29T15:42:55+08:00,Model 3,2024-04-01,5065
calibration,Model 3,Model 3,特斯拉,车主手册,https://www.icauto.com.cn/rank/car_985.html,mapped,2026-08-29T15:42:55+08:00,Model 3,2024-05-01,15230
calibration,Model 3,Model 3,特斯拉,车主手册,https://www.icauto.com.cn/rank/car_985.html,mapped,2026-08-29T15:42:55+08:00,Model 3,2024-06-01,18151
calibration,Model 3,Model 3,特斯拉,车主手册,https://www.icauto.com.cn/rank/car_985.html,mapped,2026-08-29T15:42:55+08:00,Model 3,2024-07-01,9928
calibration,Model 3,Model 3,特斯拉,车主手册,https://www.icauto.com.cn/rank/car_985.html,mapped,2026-08-29T15:42:55+08:00,Model 3,2024-08-01,18126
calibration,Model 3,Model 3,特斯拉,车主手册,https://www.icauto.com.cn/rank/car_985.html,mapped,2026-08-29T15:42:55+08:00,Model 3,2024-09-01,23998
calibration,Model 3,Model 3,特斯拉,车主手册,https://www.icauto.com.cn/rank/car_985.html,mapped,2026-08-29T15:42:55+08:00,Model 3,2024-10-01,4281
calibration,Model 3,Model 3,特斯拉,车主手册,https://www.icauto.com.cn/rank/car_985.html,mapped,2026-08-29T15:42:55+08:00,Model 3,2024-11-01,28914
calibration,Model 3,Model 3,特斯拉,车主手册,https://www.icauto.com.cn/rank/car_985.html,mapped,2026-08-29T15:42:55+08:00,Model 3,2024-12-01,21046
calibration,Model 3,Model 3,特斯拉,车主手册,https://www.icauto.com.cn/rank/car_985.html,mapped,2026-08-29T15:42:55+08:00,Model 3,2023-01-01,12659
calibration,Model 3,Model 3,特斯拉,车主手册,https://www.icauto.com.cn/rank/car_985.html,mapped,2026-08-29T15:42:55+08:00,Model 3,2023-02-01,8397
calibration,Model 3,Model 3,特斯拉,车主手册,https://www.icauto.com.cn/rank/car_985.html,mapped,2026-08-29T15:42:55+08:00,Model 3,2023-03-01,21726
calibration,Model 3,Model 3,特斯拉,车主手册,https://www.icauto.com.cn/rank/car_985.html,mapped,2026-08-29T15:42:55+08:00,Model 3,2023-04-01,13196
calibration,Model 3,Model 3,特斯拉,车主手册,https://www.icauto.com.cn/rank/car_985.html,mapped,2026-08-29T15:42:55+08:00,Model 3,2023-05-01,11454
calibration,Model 3,Model 3,特斯拉,车主手册,https://www.icauto.com.cn/rank/car_985.html,mapped,2026-08-29T15:42:55+08:00,Model 3,2023-06-01,22741
calibration,Model 3,Model 3,特斯拉,车主手册,https://www.icauto.com.cn/rank/car_985.html,mapped,2026-08-29T15:42:55+08:00,Model 3,2023-07-01,7791
calibration,Model 3,Model 3,特斯拉,车主手册,https://www.icauto.com.cn/rank/car_985.html,mapped,2026-08-29T15:42:55+08:00,Model 3,2023-08-01,13577
calibration,Model 3,Model 3,特斯拉,车主手册,https://www.icauto.com.cn/rank/car_985.html,mapped,2026-08-29T15:42:55+08:00,Model 3,2023-09-01,2079
calibration,Model 3,Model 3,特斯拉,车主手册,https://www.icauto.com.cn/rank/car_985.html,mapped,2026-08-29T15:42:55+08:00,Model 3,2023-10-01,2273
calibration,Model 3,Model 3,特斯拉,车主手册,https://www.icauto.com.cn/rank/car_985.html,mapped,2026-08-29T15:42:55+08:00,Model 3,2023-11-01,15627
calibration,Model 3,Model 3,特斯拉,车主手册,https://www.icauto.com.cn/rank/car_985.html,mapped,2026-08-29T15:42:55+08:00,Model 3,2023-12-01,15750
target,长安CS55PLUS,长安CS55 PLUS,长安,车主手册,https://www.icauto.com.cn/rank/car_1432.html,mapped,2026-08-29T15:42:55+08:00,长安CS55 PLUS,2025-01-01,5445
target,长安CS55PLUS,长安CS55 PLUS,长安,车主手册,https://www.icauto.com.cn/rank/car_1432.html,mapped,2026-08-29T15:42:55+08:00,长安CS55 PLUS,2025-02-01,2478
target,长安CS55PLUS,长安CS55 PLUS,长安,车主手册,https://www.icauto.com.cn/rank/car_1432.html,mapped,2026-08-29T15:42:55+08:00,长安CS55 PLUS,2025-03-01,3331
target,长安CS55PLUS,长安CS55 PLUS,长安,车主手册,https://www.icauto.com.cn/rank/car_1432.html,mapped,2026-08-29T15:42:55+08:00,长安CS55 PLUS,2025-04-01,5514
target,长安CS55PLUS,长安CS55 PLUS,长安,车主手册,https://www.icauto.com.cn/rank/car_1432.html,mapped,2026-08-29T15:42:55+08:00,长安CS55 PLUS,2025-05-01,7932
target,长安CS55PLUS,长安CS55 PLUS,长安,车主手册,https://www.icauto.com.cn/rank/car_1432.html,mapped,2026-08-29T15:42:55+08:00,长安CS55 PLUS,2025-06-01,7180
target,长安CS55PLUS,长安CS55 PLUS,长安,车主手册,https://www.icauto.com.cn/rank/car_1432.html,mapped,2026-08-29T15:42:55+08:00,长安CS55 PLUS,2025-07-01,5943
target,长安CS55PLUS,长安CS55 PLUS,长安,车主手册,https://www.icauto.com.cn/rank/car_1432.html,mapped,2026-08-29T15:42:55+08:00,长安CS55 PLUS,2025-08-01,4323
target,长安CS55PLUS,长安CS55 PLUS,长安,车主手册,https://www.icauto.com.cn/rank/car_1432.html,mapped,2026-08-29T15:42:55+08:00,长安CS55 PLUS,2025-09-01,5831
target,长安CS55PLUS,长安CS55 PLUS,长安,车主手册,https://www.icauto.com.cn/rank/car_1432.html,mapped,2026-08-29T15:42:55+08:00,长安CS55 PLUS,2025-10-01,4722
target,长安CS55PLUS,长安CS55 PLUS,长安,车主手册,https://www.icauto.com.cn/rank/car_1432.html,mapped,2026-08-29T15:42:55+08:00,长安CS55 PLUS,2025-11-01,4625
target,长安CS55PLUS,长安CS55 PLUS,长安,车主手册,https://www.icauto.com.cn/rank/car_1432.html,mapped,2026-08-29T15:42:55+08:00,长安CS55 PLUS,2025-12-01,4443
target,长安CS55PLUS,长安CS55 PLUS,长安,车主手册,https://www.icauto.com.cn/rank/car_1432.html,mapped,2026-08-29T15:42:55+08:00,长安CS55 PLUS,2024-01-01,11934
target,长安CS55PLUS,长安CS55 PLUS,长安,车主手册,https://www.icauto.com.cn/rank/car_1432.html,mapped,2026-08-29T15:42:55+08:00,长安CS55 PLUS,2024-02-01,5545
target,长安CS55PLUS,长安CS55 PLUS,长安,车主手册,https://www.icauto.com.cn/rank/car_1432.html,mapped,2026-08-29T15:42:55+08:00,长安CS55 PLUS,2024-03-01,4795
target,长安CS55PLUS,长安CS55 PLUS,长安,车主手册,https://www.icauto.com.cn/rank/car_1432.html,mapped,2026-08-29T15:42:55+08:00,长安CS55 PLUS,2024-04-01,3666
target,长安CS55PLUS,长安CS55 PLUS,长安,车主手册,https://www.icauto.com.cn/rank/car_1432.html,mapped,2026-08-29T15:42:55+08:00,长安CS55 PLUS,2024-05-01,3894
target,长安CS55PLUS,长安CS55 PLUS,长安,车主手册,https://www.icauto.com.cn/rank/car_1432.html,mapped,2026-08-29T15:42:55+08:00,长安CS55 PLUS,2024-06-01,2988
target,长安CS55PLUS,长安CS55 PLUS,长安,车主手册,https://www.icauto.com.cn/rank/car_1432.html,mapped,2026-08-29T15:42:55+08:00,长安CS55 PLUS,2024-07-01,3281
target,长安CS55PLUS,长安CS55 PLUS,长安,车主手册,https://www.icauto.com.cn/rank/car_1432.html,mapped,2026-08-29T15:42:55+08:00,长安CS55 PLUS,2024-08-01,3442
target,长安CS55PLUS,长安CS55 PLUS,长安,车主手册,https://www.icauto.com.cn/rank/car_1432.html,mapped,2026-08-29T15:42:55+08:00,长安CS55 PLUS,2024-09-01,3412
target,长安CS55PLUS,长安CS55 PLUS,长安,车主手册,https://www.icauto.com.cn/rank/car_1432.html,mapped,2026-08-29T15:42:55+08:00,长安CS55 PLUS,2024-10-01,4066
target,长安CS55PLUS,长安CS55 PLUS,长安,车主手册,https://www.icauto.com.cn/rank/car_1432.html,mapped,2026-08-29T15:42:55+08:00,长安CS55 PLUS,2024-11-01,5697
target,长安CS55PLUS,长安CS55 PLUS,长安,车主手册,https://www.icauto.com.cn/rank/car_1432.html,mapped,2026-08-29T15:42:55+08:00,长安CS55 PLUS,2024-12-01,6641
target,长安CS55PLUS,长安CS55 PLUS,长安,车主手册,https://www.icauto.com.cn/rank/car_1432.html,mapped,2026-08-29T15:42:55+08:00,长安CS55 PLUS,2023-01-01,0
target,长安CS55PLUS,长安CS55 PLUS,长安,车主手册,https://www.icauto.com.cn/rank/car_1432.html,mapped,2026-08-29T15:42:55+08:00,长安CS55 PLUS,2023-02-01,0
target,长安CS55PLUS,长安CS55 PLUS,长安,车主手册,https://www.icauto.com.cn/rank/car_1432.html,mapped,2026-08-29T15:42:55+08:00,长安CS55 PLUS,2023-03-01,0
target,长安CS55PLUS,长安CS55 PLUS,长安,车主手册,https://www.icauto.com.cn/rank/car_1432.html,mapped,2026-08-29T15:42:55+08:00,长安CS55 PLUS,2023-04-01,0
target,长安CS55PLUS,长安CS55 PLUS,长安,车主手册,https://www.icauto.com.cn/rank/car_1432.html,mapped,2026-08-29T15:42:55+08:00,长安CS55 PLUS,2023-05-01,0
target,长安CS55PLUS,长安CS55 PLUS,长安,车主手册,https://www.icauto.com.cn/rank/car_1432.html,mapped,2026-08-29T15:42:55+08:00,长安CS55 PLUS,2023-06-01,0
target,长安CS55PLUS,长安CS55 PLUS,长安,车主手册,https://www.icauto.com.cn/rank/car_1432.html,mapped,2026-08-29T15:42:55+08:00,长安CS55 PLUS,2023-07-01,0
target,长安CS55PLUS,长安CS55 PLUS,长安,车主手册,https://www.icauto.com.cn/rank/car_1432.html,mapped,2026-08-29T15:42:55+08:00,长安CS55 PLUS,2023-08-01,7368
target,长安CS55PLUS,长安CS55 PLUS,长安,车主手册,https://www.icauto.com.cn/rank/car_1432.html,mapped,2026-08-29T15:42:55+08:00,长安CS55 PLUS,2023-09-01,8312
target,长安CS55PLUS,长安CS55 PLUS,长安,车主手册,https://www.icauto.com.cn/rank/car_1432.html,mapped,2026-08-29T15:42:55+08:00,长安CS55 PLUS,2023-10-01,8374
target,长安CS55PLUS,长安CS55 PLUS,长安,车主手册,https://www.icauto.com.cn/rank/car_1432.html,mapped,2026-08-29T15:42:55+08:00,长安CS55 PLUS,2023-11-01,7185
target,长安CS55PLUS,长安CS55 PLUS,长安,车主手册,https://www.icauto.com.cn/rank/car_1432.html,mapped,2026-08-29T15:42:55+08:00,长安CS55 PLUS,2023-12-01,7029
target,捷途山海L9,捷途山海L9,捷途,车主手册,https://www.icauto.com.cn/rank/car_3495.html,mapped,2026-08-29T15:42:55+08:00,捷途山海L9,2025-01-01,155
target,捷途山海L9,捷途山海L9,捷途,车主手册,https://www.icauto.com.cn/rank/car_3495.html,mapped,2026-08-29T15:42:55+08:00,捷途山海L9,2025-02-01,53
target,捷途山海L9,捷途山海L9,捷途,车主手册,https://www.icauto.com.cn/rank/car_3495.html,mapped,2026-08-29T15:42:55+08:00,捷途山海L9,2025-03-01,906
target,捷途山海L9,捷途山海L9,捷途,车主手册,https://www.icauto.com.cn/rank/car_3495.html,mapped,2026-08-29T15:42:55+08:00,捷途山海L9,2025-04-01,720
target,捷途山海L9,捷途山海L9,捷途,车主手册,https://www.icauto.com.cn/rank/car_3495.html,mapped,2026-08-29T15:42:55+08:00,捷途山海L9,2025-05-01,620
target,捷途山海L9,捷途山海L9,捷途,车主手册,https://www.icauto.com.cn/rank/car_3495.html,mapped,2026-08-29T15:42:55+08:00,捷途山海L9,2025-06-01,529
target,捷途山海L9,捷途山海L9,捷途,车主手册,https://www.icauto.com.cn/rank/car_3495.html,mapped,2026-08-29T15:42:55+08:00,捷途山海L9,2025-07-01,318
target,捷途山海L9,捷途山海L9,捷途,车主手册,https://www.icauto.com.cn/rank/car_3495.html,mapped,2026-08-29T15:42:55+08:00,捷途山海L9,2025-08-01,156
target,捷途山海L9,捷途山海L9,捷途,车主手册,https://www.icauto.com.cn/rank/car_3495.html,mapped,2026-08-29T15:42:55+08:00,捷途山海L9,2025-09-01,190
target,捷途山海L9,捷途山海L9,捷途,车主手册,https://www.icauto.com.cn/rank/car_3495.html,mapped,2026-08-29T15:42:55+08:00,捷途山海L9,2025-10-01,60
target,捷途山海L9,捷途山海L9,捷途,车主手册,https://www.icauto.com.cn/rank/car_3495.html,mapped,2026-08-29T15:42:55+08:00,捷途山海L9,2025-11-01,49
target,捷途山海L9,捷途山海L9,捷途,车主手册,https://www.icauto.com.cn/rank/car_3495.html,mapped,2026-08-29T15:42:55+08:00,捷途山海L9,2025-12-01,86
target,捷途山海L9,捷途山海L9,捷途,车主手册,https://www.icauto.com.cn/rank/car_3495.html,mapped,2026-08-29T15:42:55+08:00,捷途山海L9,2024-01-01,1899
target,捷途山海L9,捷途山海L9,捷途,车主手册,https://www.icauto.com.cn/rank/car_3495.html,mapped,2026-08-29T15:42:55+08:00,捷途山海L9,2024-02-01,510
target,捷途山海L9,捷途山海L9,捷途,车主手册,https://www.icauto.com.cn/rank/car_3495.html,mapped,2026-08-29T15:42:55+08:00,捷途山海L9,2024-03-01,729
target,捷途山海L9,捷途山海L9,捷途,车主手册,https://www.icauto.com.cn/rank/car_3495.html,mapped,2026-08-29T15:42:55+08:00,捷途山海L9,2024-04-01,502
target,捷途山海L9,捷途山海L9,捷途,车主手册,https://www.icauto.com.cn/rank/car_3495.html,mapped,2026-08-29T15:42:55+08:00,捷途山海L9,2024-05-01,920
target,捷途山海L9,捷途山海L9,捷途,车主手册,https://www.icauto.com.cn/rank/car_3495.html,mapped,2026-08-29T15:42:55+08:00,捷途山海L9,2024-06-01,990
target,捷途山海L9,捷途山海L9,捷途,车主手册,https://www.icauto.com.cn/rank/car_3495.html,mapped,2026-08-29T15:42:55+08:00,捷途山海L9,2024-07-01,1325
target,捷途山海L9,捷途山海L9,捷途,车主手册,https://www.icauto.com.cn/rank/car_3495.html,mapped,2026-08-29T15:42:55+08:00,捷途山海L9,2024-08-01,1595
target,捷途山海L9,捷途山海L9,捷途,车主手册,https://www.icauto.com.cn/rank/car_3495.html,mapped,2026-08-29T15:42:55+08:00,捷途山海L9,2024-09-01,1475
target,捷途山海L9,捷途山海L9,捷途,车主手册,https://www.icauto.com.cn/rank/car_3495.html,mapped,2026-08-29T15:42:55+08:00,捷途山海L9,2024-10-01,1128
target,捷途山海L9,捷途山海L9,捷途,车主手册,https://www.icauto.com.cn/rank/car_3495.html,mapped,2026-08-29T15:42:55+08:00,捷途山海L9,2024-11-01,867
target,捷途山海L9,捷途山海L9,捷途,车主手册,https://www.icauto.com.cn/rank/car_3495.html,mapped,2026-08-29T15:42:55+08:00,捷途山海L9,2024-12-01,951
target,捷途山海L9,捷途山海L9,捷途,车主手册,https://www.icauto.com.cn/rank/car_3495.html,mapped,2026-08-29T15:42:55+08:00,捷途山海L9,2023-01-01,0
target,捷途山海L9,捷途山海L9,捷途,车主手册,https://www.icauto.com.cn/rank/car_3495.html,mapped,2026-08-29T15:42:55+08:00,捷途山海L9,2023-02-01,0
target,捷途山海L9,捷途山海L9,捷途,车主手册,https://www.icauto.com.cn/rank/car_3495.html,mapped,2026-08-29T15:42:55+08:00,捷途山海L9,2023-03-01,0
target,捷途山海L9,捷途山海L9,捷途,车主手册,https://www.icauto.com.cn/rank/car_3495.html,mapped,2026-08-29T15:42:55+08:00,捷途山海L9,2023-04-01,0
target,捷途山海L9,捷途山海L9,捷途,车主手册,https://www.icauto.com.cn/rank/car_3495.html,mapped,2026-08-29T15:42:55+08:00,捷途山海L9,2023-05-01,0
target,捷途山海L9,捷途山海L9,捷途,车主手册,https://www.icauto.com.cn/rank/car_3495.html,mapped,2026-08-29T15:42:55+08:00,捷途山海L9,2023-06-01,0
target,捷途山海L9,捷途山海L9,捷途,车主手册,https://www.icauto.com.cn/rank/car_3495.html,mapped,2026-08-29T15:42:55+08:00,捷途山海L9,2023-07-01,0
target,捷途山海L9,捷途山海L9,捷途,车主手册,https://www.icauto.com.cn/rank/car_3495.html,mapped,2026-08-29T15:42:55+08:00,捷途山海L9,2023-08-01,0
target,捷途山海L9,捷途山海L9,捷途,车主手册,https://www.icauto.com.cn/rank/car_3495.html,mapped,2026-08-29T15:42:55+08:00,捷途山海L9,2023-09-01,0
target,捷途山海L9,捷途山海L9,捷途,车主手册,https://www.icauto.com.cn/rank/car_3495.html,mapped,2026-08-29T15:42:55+08:00,捷途山海L9,2023-10-01,0
target,捷途山海L9,捷途山海L9,捷途,车主手册,https://www.icauto.com.cn/rank/car_3495.html,mapped,2026-08-29T15:42:55+08:00,捷途山海L9,2023-11-01,496
target,捷途山海L9,捷途山海L9,捷途,车主手册,https://www.icauto.com.cn/rank/car_3495.html,mapped,2026-08-29T15:42:55+08:00,捷途山海L9,2023-12-01,826
target,长安欧尚Z6 智电iDD,长安欧尚Z6 智电iDD,长安欧尚,车主手册,https://www.icauto.com.cn/rank/car_3067.html,mapped,2026-08-29T15:42:55+08:00,长安欧尚Z6 智电iDD,2025-01-01,255
target,长安欧尚Z6 智电iDD,长安欧尚Z6 智电iDD,长安欧尚,车主手册,https://www.icauto.com.cn/rank/car_3067.html,mapped,2026-08-29T15:42:55+08:00,长安欧尚Z6 智电iDD,2025-02-01,167
target,长安欧尚Z6 智电iDD,长安欧尚Z6 智电iDD,长安欧尚,车主手册,https://www.icauto.com.cn/rank/car_3067.html,mapped,2026-08-29T15:42:55+08:00,长安欧尚Z6 智电iDD,2025-03-01,204
target,长安欧尚Z6 智电iDD,长安欧尚Z6 智电iDD,长安欧尚,车主手册,https://www.icauto.com.cn/rank/car_3067.html,mapped,2026-08-29T15:42:55+08:00,长安欧尚Z6 智电iDD,2025-04-01,148
target,长安欧尚Z6 智电iDD,长安欧尚Z6 智电iDD,长安欧尚,车主手册,https://www.icauto.com.cn/rank/car_3067.html,mapped,2026-08-29T15:42:55+08:00,长安欧尚Z6 智电iDD,2025-05-01,454
target,长安欧尚Z6 智电iDD,长安欧尚Z6 智电iDD,长安欧尚,车主手册,https://www.icauto.com.cn/rank/car_3067.html,mapped,2026-08-29T15:42:55+08:00,长安欧尚Z6 智电iDD,2025-06-01,105
target,长安欧尚Z6 智电iDD,长安欧尚Z6 智电iDD,长安欧尚,车主手册,https://www.icauto.com.cn/rank/car_3067.html,mapped,2026-08-29T15:42:55+08:00,长安欧尚Z6 智电iDD,2025-07-01,20
target,长安欧尚Z6 智电iDD,长安欧尚Z6 智电iDD,长安欧尚,车主手册,https://www.icauto.com.cn/rank/car_3067.html,mapped,2026-08-29T15:42:55+08:00,长安欧尚Z6 智电iDD,2025-08-01,7
target,长安欧尚Z6 智电iDD,长安欧尚Z6 智电iDD,长安欧尚,车主手册,https://www.icauto.com.cn/rank/car_3067.html,mapped,2026-08-29T15:42:55+08:00,长安欧尚Z6 智电iDD,2025-09-01,4
target,长安欧尚Z6 智电iDD,长安欧尚Z6 智电iDD,长安欧尚,车主手册,https://www.icauto.com.cn/rank/car_3067.html,mapped,2026-08-29T15:42:55+08:00,长安欧尚Z6 智电iDD,2025-10-01,3
target,长安欧尚Z6 智电iDD,长安欧尚Z6 智电iDD,长安欧尚,车主手册,https://www.icauto.com.cn/rank/car_3067.html,mapped,2026-08-29T15:42:55+08:00,长安欧尚Z6 智电iDD,2025-11-01,0
target,长安欧尚Z6 智电iDD,长安欧尚Z6 智电iDD,长安欧尚,车主手册,https://www.icauto.com.cn/rank/car_3067.html,mapped,2026-08-29T15:42:55+08:00,长安欧尚Z6 智电iDD,2025-12-01,2
target,长安欧尚Z6 智电iDD,长安欧尚Z6 智电iDD,长安欧尚,车主手册,https://www.icauto.com.cn/rank/car_3067.html,mapped,2026-08-29T15:42:55+08:00,长安欧尚Z6 智电iDD,2024-01-01,3952
target,长安欧尚Z6 智电iDD,长安欧尚Z6 智电iDD,长安欧尚,车主手册,https://www.icauto.com.cn/rank/car_3067.html,mapped,2026-08-29T15:42:55+08:00,长安欧尚Z6 智电iDD,2024-02-01,1891
target,长安欧尚Z6 智电iDD,长安欧尚Z6 智电iDD,长安欧尚,车主手册,https://www.icauto.com.cn/rank/car_3067.html,mapped,2026-08-29T15:42:55+08:00,长安欧尚Z6 智电iDD,2024-03-01,2195
target,长安欧尚Z6 智电iDD,长安欧尚Z6 智电iDD,长安欧尚,车主手册,https://www.icauto.com.cn/rank/car_3067.html,mapped,2026-08-29T15:42:55+08:00,长安欧尚Z6 智电iDD,2024-04-01,1586
target,长安欧尚Z6 智电iDD,长安欧尚Z6 智电iDD,长安欧尚,车主手册,https://www.icauto.com.cn/rank/car_3067.html,mapped,2026-08-29T15:42:55+08:00,长安欧尚Z6 智电iDD,2024-05-01,1485
target,长安欧尚Z6 智电iDD,长安欧尚Z6 智电iDD,长安欧尚,车主手册,https://www.icauto.com.cn/rank/car_3067.html,mapped,2026-08-29T15:42:55+08:00,长安欧尚Z6 智电iDD,2024-06-01,1135
target,长安欧尚Z6 智电iDD,长安欧尚Z6 智电iDD,长安欧尚,车主手册,https://www.icauto.com.cn/rank/car_3067.html,mapped,2026-08-29T15:42:55+08:00,长安欧尚Z6 智电iDD,2024-07-01,1016
target,长安欧尚Z6 智电iDD,长安欧尚Z6 智电iDD,长安欧尚,车主手册,https://www.icauto.com.cn/rank/car_3067.html,mapped,2026-08-29T15:42:55+08:00,长安欧尚Z6 智电iDD,2024-08-01,979
target,长安欧尚Z6 智电iDD,长安欧尚Z6 智电iDD,长安欧尚,车主手册,https://www.icauto.com.cn/rank/car_3067.html,mapped,2026-08-29T15:42:55+08:00,长安欧尚Z6 智电iDD,2024-09-01,830
target,长安欧尚Z6 智电iDD,长安欧尚Z6 智电iDD,长安欧尚,车主手册,https://www.icauto.com.cn/rank/car_3067.html,mapped,2026-08-29T15:42:55+08:00,长安欧尚Z6 智电iDD,2024-10-01,754
target,长安欧尚Z6 智电iDD,长安欧尚Z6 智电iDD,长安欧尚,车主手册,https://www.icauto.com.cn/rank/car_3067.html,mapped,2026-08-29T15:42:55+08:00,长安欧尚Z6 智电iDD,2024-11-01,649
target,长安欧尚Z6 智电iDD,长安欧尚Z6 智电iDD,长安欧尚,车主手册,https://www.icauto.com.cn/rank/car_3067.html,mapped,2026-08-29T15:42:55+08:00,长安欧尚Z6 智电iDD,2024-12-01,671
target,长安欧尚Z6 智电iDD,长安欧尚Z6 智电iDD,长安欧尚,车主手册,https://www.icauto.com.cn/rank/car_3067.html,mapped,2026-08-29T15:42:55+08:00,长安欧尚Z6 智电iDD,2023-01-01,0
target,长安欧尚Z6 智电iDD,长安欧尚Z6 智电iDD,长安欧尚,车主手册,https://www.icauto.com.cn/rank/car_3067.html,mapped,2026-08-29T15:42:55+08:00,长安欧尚Z6 智电iDD,2023-02-01,592
target,长安欧尚Z6 智电iDD,长安欧尚Z6 智电iDD,长安欧尚,车主手册,https://www.icauto.com.cn/rank/car_3067.html,mapped,2026-08-29T15:42:55+08:00,长安欧尚Z6 智电iDD,2023-03-01,763
target,长安欧尚Z6 智电iDD,长安欧尚Z6 智电iDD,长安欧尚,车主手册,https://www.icauto.com.cn/rank/car_3067.html,mapped,2026-08-29T15:42:55+08:00,长安欧尚Z6 智电iDD,2023-04-01,889
target,长安欧尚Z6 智电iDD,长安欧尚Z6 智电iDD,长安欧尚,车主手册,https://www.icauto.com.cn/rank/car_3067.html,mapped,2026-08-29T15:42:55+08:00,长安欧尚Z6 智电iDD,2023-05-01,1666
target,长安欧尚Z6 智电iDD,长安欧尚Z6 智电iDD,长安欧尚,车主手册,https://www.icauto.com.cn/rank/car_3067.html,mapped,2026-08-29T15:42:55+08:00,长安欧尚Z6 智电iDD,2023-06-01,3808
target,长安欧尚Z6 智电iDD,长安欧尚Z6 智电iDD,长安欧尚,车主手册,https://www.icauto.com.cn/rank/car_3067.html,mapped,2026-08-29T15:42:55+08:00,长安欧尚Z6 智电iDD,2023-07-01,4410
target,长安欧尚Z6 智电iDD,长安欧尚Z6 智电iDD,长安欧尚,车主手册,https://www.icauto.com.cn/rank/car_3067.html,mapped,2026-08-29T15:42:55+08:00,长安欧尚Z6 智电iDD,2023-08-01,4649
target,长安欧尚Z6 智电iDD,长安欧尚Z6 智电iDD,长安欧尚,车主手册,https://www.icauto.com.cn/rank/car_3067.html,mapped,2026-08-29T15:42:55+08:00,长安欧尚Z6 智电iDD,2023-09-01,4949
target,长安欧尚Z6 智电iDD,长安欧尚Z6 智电iDD,长安欧尚,车主手册,https://www.icauto.com.cn/rank/car_3067.html,mapped,2026-08-29T15:42:55+08:00,长安欧尚Z6 智电iDD,2023-10-01,4298
target,长安欧尚Z6 智电iDD,长安欧尚Z6 智电iDD,长安欧尚,车主手册,https://www.icauto.com.cn/rank/car_3067.html,mapped,2026-08-29T15:42:55+08:00,长安欧尚Z6 智电iDD,2023-11-01,3020
target,长安欧尚Z6 智电iDD,长安欧尚Z6 智电iDD,长安欧尚,车主手册,https://www.icauto.com.cn/rank/car_3067.html,mapped,2026-08-29T15:42:55+08:00,长安欧尚Z6 智电iDD,2023-12-01,2858
target,威马W6,威马W6,威马,车主手册,https://www.icauto.com.cn/rank/car_1845.html,mapped,2026-08-29T15:42:55+08:00,威马W6,2022-01-01,761
target,威马W6,威马W6,威马,车主手册,https://www.icauto.com.cn/rank/car_1845.html,mapped,2026-08-29T15:42:55+08:00,威马W6,2022-02-01,415
target,威马W6,威马W6,威马,车主手册,https://www.icauto.com.cn/rank/car_1845.html,mapped,2026-08-29T15:42:55+08:00,威马W6,2022-03-01,884
target,威马W6,威马W6,威马,车主手册,https://www.icauto.com.cn/rank/car_1845.html,mapped,2026-08-29T15:42:55+08:00,威马W6,2022-04-01,540
target,威马W6,威马W6,威马,车主手册,https://www.icauto.com.cn/rank/car_1845.html,mapped,2026-08-29T15:42:55+08:00,威马W6,2022-05-01,791
target,威马W6,威马W6,威马,车主手册,https://www.icauto.com.cn/rank/car_1845.html,mapped,2026-08-29T15:42:55+08:00,威马W6,2022-06-01,500
target,威马W6,威马W6,威马,车主手册,https://www.icauto.com.cn/rank/car_1845.html,mapped,2026-08-29T15:42:55+08:00,威马W6,2022-07-01,963
target,威马W6,威马W6,威马,车主手册,https://www.icauto.com.cn/rank/car_1845.html,mapped,2026-08-29T15:42:55+08:00,威马W6,2022-08-01,740
target,威马W6,威马W6,威马,车主手册,https://www.icauto.com.cn/rank/car_1845.html,mapped,2026-08-29T15:42:55+08:00,威马W6,2022-09-01,354
target,威马W6,威马W6,威马,车主手册,https://www.icauto.com.cn/rank/car_1845.html,mapped,2026-08-29T15:42:55+08:00,威马W6,2022-10-01,395
target,威马W6,威马W6,威马,车主手册,https://www.icauto.com.cn/rank/car_1845.html,mapped,2026-08-29T15:42:55+08:00,威马W6,2022-11-01,1
target,威马W6,威马W6,威马,车主手册,https://www.icauto.com.cn/rank/car_1845.html,mapped,2026-08-29T15:42:55+08:00,威马W6,2022-12-01,20
target,威马W6,威马W6,威马,车主手册,https://www.icauto.com.cn/rank/car_1845.html,mapped,2026-08-29T15:42:55+08:00,威马W6,2021-01-01,0
target,威马W6,威马W6,威马,车主手册,https://www.icauto.com.cn/rank/car_1845.html,mapped,2026-08-29T15:42:55+08:00,威马W6,2021-02-01,0
target,威马W6,威马W6,威马,车主手册,https://www.icauto.com.cn/rank/car_1845.html,mapped,2026-08-29T15:42:55+08:00,威马W6,2021-03-01,13
target,威马W6,威马W6,威马,车主手册,https://www.icauto.com.cn/rank/car_1845.html,mapped,2026-08-29T15:42:55+08:00,威马W6,2021-04-01,973
target,威马W6,威马W6,威马,车主手册,https://www.icauto.com.cn/rank/car_1845.html,mapped,2026-08-29T15:42:55+08:00,威马W6,2021-05-01,705
target,威马W6,威马W6,威马,车主手册,https://www.icauto.com.cn/rank/car_1845.html,mapped,2026-08-29T15:42:55+08:00,威马W6,2021-06-01,746
target,威马W6,威马W6,威马,车主手册,https://www.icauto.com.cn/rank/car_1845.html,mapped,2026-08-29T15:42:55+08:00,威马W6,2021-07-01,649
target,威马W6,威马W6,威马,车主手册,https://www.icauto.com.cn/rank/car_1845.html,mapped,2026-08-29T15:42:55+08:00,威马W6,2021-08-01,719
target,威马W6,威马W6,威马,车主手册,https://www.icauto.com.cn/rank/car_1845.html,mapped,2026-08-29T15:42:55+08:00,威马W6,2021-09-01,850
target,威马W6,威马W6,威马,车主手册,https://www.icauto.com.cn/rank/car_1845.html,mapped,2026-08-29T15:42:55+08:00,威马W6,2021-10-01,838
target,威马W6,威马W6,威马,车主手册,https://www.icauto.com.cn/rank/car_1845.html,mapped,2026-08-29T15:42:55+08:00,威马W6,2021-11-01,1064
target,威马W6,威马W6,威马,车主手册,https://www.icauto.com.cn/rank/car_1845.html,mapped,2026-08-29T15:42:55+08:00,威马W6,2021-12-01,1344
target,威马W6,威马W6,威马,车主手册,https://www.icauto.com.cn/rank/car_1845.html,mapped,2026-08-29T15:42:55+08:00,威马W6,2020-01-01,0
target,威马W6,威马W6,威马,车主手册,https://www.icauto.com.cn/rank/car_1845.html,mapped,2026-08-29T15:42:55+08:00,威马W6,2020-02-01,0
target,威马W6,威马W6,威马,车主手册,https://www.icauto.com.cn/rank/car_1845.html,mapped,2026-08-29T15:42:55+08:00,威马W6,2020-03-01,0
target,威马W6,威马W6,威马,车主手册,https://www.icauto.com.cn/rank/car_1845.html,mapped,2026-08-29T15:42:55+08:00,威马W6,2020-04-01,0
target,威马W6,威马W6,威马,车主手册,https://www.icauto.com.cn/rank/car_1845.html,mapped,2026-08-29T15:42:55+08:00,威马W6,2020-05-01,0
target,威马W6,威马W6,威马,车主手册,https://www.icauto.com.cn/rank/car_1845.html,mapped,2026-08-29T15:42:55+08:00,威马W6,2020-06-01,0
target,威马W6,威马W6,威马,车主手册,https://www.icauto.com.cn/rank/car_1845.html,mapped,2026-08-29T15:42:55+08:00,威马W6,2020-07-01,0
target,威马W6,威马W6,威马,车主手册,https://www.icauto.com.cn/rank/car_1845.html,mapped,2026-08-29T15:42:55+08:00,威马W6,2020-08-01,0
target,威马W6,威马W6,威马,车主手册,https://www.icauto.com.cn/rank/car_1845.html,mapped,2026-08-29T15:42:55+08:00,威马W6,2020-09-01,0
target,威马W6,威马W6,威马,车主手册,https://www.icauto.com.cn/rank/car_1845.html,mapped,2026-08-29T15:42:55+08:00,威马W6,2020-10-01,0
target,威马W6,威马W6,威马,车主手册,https://www.icauto.com.cn/rank/car_1845.html,mapped,2026-08-29T15:42:55+08:00,威马W6,2020-11-01,0
target,威马W6,威马W6,威马,车主手册,https://www.icauto.com.cn/rank/car_1845.html,mapped,2026-08-29T15:42:55+08:00,威马W6,2020-12-01,0
target,宝骏530,宝骏530,宝骏,车主手册,https://www.icauto.com.cn/rank/car_101.html,mapped,2026-08-29T15:42:55+08:00,宝骏530,2022-01-01,6340
target,宝骏530,宝骏530,宝骏,车主手册,https://www.icauto.com.cn/rank/car_101.html,mapped,2026-08-29T15:42:55+08:00,宝骏530,2022-02-01,4655
target,宝骏530,宝骏530,宝骏,车主手册,https://www.icauto.com.cn/rank/car_101.html,mapped,2026-08-29T15:42:55+08:00,宝骏530,2022-03-01,3
target,宝骏530,宝骏530,宝骏,车主手册,https://www.icauto.com.cn/rank/car_101.html,mapped,2026-08-29T15:42:55+08:00,宝骏530,2022-04-01,0
target,宝骏530,宝骏530,宝骏,车主手册,https://www.icauto.com.cn/rank/car_101.html,mapped,2026-08-29T15:42:55+08:00,宝骏530,2022-05-01,1
target,宝骏530,宝骏530,宝骏,车主手册,https://www.icauto.com.cn/rank/car_101.html,mapped,2026-08-29T15:42:55+08:00,宝骏530,2022-06-01,10
target,宝骏530,宝骏530,宝骏,车主手册,https://www.icauto.com.cn/rank/car_101.html,mapped,2026-08-29T15:42:55+08:00,宝骏530,2022-07-01,4
target,宝骏530,宝骏530,宝骏,车主手册,https://www.icauto.com.cn/rank/car_101.html,mapped,2026-08-29T15:42:55+08:00,宝骏530,2022-08-01,3
target,宝骏530,宝骏530,宝骏,车主手册,https://www.icauto.com.cn/rank/car_101.html,mapped,2026-08-29T15:42:55+08:00,宝骏530,2022-09-01,1
target,宝骏530,宝骏530,宝骏,车主手册,https://www.icauto.com.cn/rank/car_101.html,mapped,2026-08-29T15:42:55+08:00,宝骏530,2022-10-01,0
target,宝骏530,宝骏530,宝骏,车主手册,https://www.icauto.com.cn/rank/car_101.html,mapped,2026-08-29T15:42:55+08:00,宝骏530,2022-11-01,1
target,宝骏530,宝骏530,宝骏,车主手册,https://www.icauto.com.cn/rank/car_101.html,mapped,2026-08-29T15:42:55+08:00,宝骏530,2022-12-01,6
target,宝骏530,宝骏530,宝骏,车主手册,https://www.icauto.com.cn/rank/car_101.html,mapped,2026-08-29T15:42:55+08:00,宝骏530,2021-01-01,8397
target,宝骏530,宝骏530,宝骏,车主手册,https://www.icauto.com.cn/rank/car_101.html,mapped,2026-08-29T15:42:55+08:00,宝骏530,2021-02-01,5094
target,宝骏530,宝骏530,宝骏,车主手册,https://www.icauto.com.cn/rank/car_101.html,mapped,2026-08-29T15:42:55+08:00,宝骏530,2021-03-01,7295
target,宝骏530,宝骏530,宝骏,车主手册,https://www.icauto.com.cn/rank/car_101.html,mapped,2026-08-29T15:42:55+08:00,宝骏530,2021-04-01,7977
target,宝骏530,宝骏530,宝骏,车主手册,https://www.icauto.com.cn/rank/car_101.html,mapped,2026-08-29T15:42:55+08:00,宝骏530,2021-05-01,7428
target,宝骏530,宝骏530,宝骏,车主手册,https://www.icauto.com.cn/rank/car_101.html,mapped,2026-08-29T15:42:55+08:00,宝骏530,2021-06-01,5688
target,宝骏530,宝骏530,宝骏,车主手册,https://www.icauto.com.cn/rank/car_101.html,mapped,2026-08-29T15:42:55+08:00,宝骏530,2021-07-01,4671
target,宝骏530,宝骏530,宝骏,车主手册,https://www.icauto.com.cn/rank/car_101.html,mapped,2026-08-29T15:42:55+08:00,宝骏530,2021-08-01,5698
target,宝骏530,宝骏530,宝骏,车主手册,https://www.icauto.com.cn/rank/car_101.html,mapped,2026-08-29T15:42:55+08:00,宝骏530,2021-09-01,14597
target,宝骏530,宝骏530,宝骏,车主手册,https://www.icauto.com.cn/rank/car_101.html,mapped,2026-08-29T15:42:55+08:00,宝骏530,2021-10-01,16763
target,宝骏530,宝骏530,宝骏,车主手册,https://www.icauto.com.cn/rank/car_101.html,mapped,2026-08-29T15:42:55+08:00,宝骏530,2021-11-01,1781
target,宝骏530,宝骏530,宝骏,车主手册,https://www.icauto.com.cn/rank/car_101.html,mapped,2026-08-29T15:42:55+08:00,宝骏530,2021-12-01,8043
target,宝骏530,宝骏530,宝骏,车主手册,https://www.icauto.com.cn/rank/car_101.html,mapped,2026-08-29T15:42:55+08:00,宝骏530,2020-01-01,5986
target,宝骏530,宝骏530,宝骏,车主手册,https://www.icauto.com.cn/rank/car_101.html,mapped,2026-08-29T15:42:55+08:00,宝骏530,2020-02-01,1768
target,宝骏530,宝骏530,宝骏,车主手册,https://www.icauto.com.cn/rank/car_101.html,mapped,2026-08-29T15:42:55+08:00,宝骏530,2020-03-01,3687
target,宝骏530,宝骏530,宝骏,车主手册,https://www.icauto.com.cn/rank/car_101.html,mapped,2026-08-29T15:42:55+08:00,宝骏530,2020-04-01,4583
target,宝骏530,宝骏530,宝骏,车主手册,https://www.icauto.com.cn/rank/car_101.html,mapped,2026-08-29T15:42:55+08:00,宝骏530,2020-05-01,4845
target,宝骏530,宝骏530,宝骏,车主手册,https://www.icauto.com.cn/rank/car_101.html,mapped,2026-08-29T15:42:55+08:00,宝骏530,2020-06-01,5473
target,宝骏530,宝骏530,宝骏,车主手册,https://www.icauto.com.cn/rank/car_101.html,mapped,2026-08-29T15:42:55+08:00,宝骏530,2020-07-01,3695
target,宝骏530,宝骏530,宝骏,车主手册,https://www.icauto.com.cn/rank/car_101.html,mapped,2026-08-29T15:42:55+08:00,宝骏530,2020-08-01,4440
target,宝骏530,宝骏530,宝骏,车主手册,https://www.icauto.com.cn/rank/car_101.html,mapped,2026-08-29T15:42:55+08:00,宝骏530,2020-09-01,18962
target,宝骏530,宝骏530,宝骏,车主手册,https://www.icauto.com.cn/rank/car_101.html,mapped,2026-08-29T15:42:55+08:00,宝骏530,2020-10-01,10963
target,宝骏530,宝骏530,宝骏,车主手册,https://www.icauto.com.cn/rank/car_101.html,mapped,2026-08-29T15:42:55+08:00,宝骏530,2020-11-01,12216
target,宝骏530,宝骏530,宝骏,车主手册,https://www.icauto.com.cn/rank/car_101.html,mapped,2026-08-29T15:42:55+08:00,宝骏530,2020-12-01,12810
target,极越01,极越01,极越,车主手册,https://www.icauto.com.cn/rank/car_3078.html,mapped,2026-08-29T15:42:55+08:00,极越01,2024-01-01,218
target,极越01,极越01,极越,车主手册,https://www.icauto.com.cn/rank/car_3078.html,mapped,2026-08-29T15:42:55+08:00,极越01,2024-02-01,147
target,极越01,极越01,极越,车主手册,https://www.icauto.com.cn/rank/car_3078.html,mapped,2026-08-29T15:42:55+08:00,极越01,2024-03-01,511
target,极越01,极越01,极越,车主手册,https://www.icauto.com.cn/rank/car_3078.html,mapped,2026-08-29T15:42:55+08:00,极越01,2024-04-01,362
target,极越01,极越01,极越,车主手册,https://www.icauto.com.cn/rank/car_3078.html,mapped,2026-08-29T15:42:55+08:00,极越01,2024-05-01,1001
target,极越01,极越01,极越,车主手册,https://www.icauto.com.cn/rank/car_3078.html,mapped,2026-08-29T15:42:55+08:00,极越01,2024-06-01,461
target,极越01,极越01,极越,车主手册,https://www.icauto.com.cn/rank/car_3078.html,mapped,2026-08-29T15:42:55+08:00,极越01,2024-07-01,1143
target,极越01,极越01,极越,车主手册,https://www.icauto.com.cn/rank/car_3078.html,mapped,2026-08-29T15:42:55+08:00,极越01,2024-08-01,2147
target,极越01,极越01,极越,车主手册,https://www.icauto.com.cn/rank/car_3078.html,mapped,2026-08-29T15:42:55+08:00,极越01,2024-09-01,1474
target,极越01,极越01,极越,车主手册,https://www.icauto.com.cn/rank/car_3078.html,mapped,2026-08-29T15:42:55+08:00,极越01,2024-10-01,1022
target,极越01,极越01,极越,车主手册,https://www.icauto.com.cn/rank/car_3078.html,mapped,2026-08-29T15:42:55+08:00,极越01,2024-11-01,902
target,极越01,极越01,极越,车主手册,https://www.icauto.com.cn/rank/car_3078.html,mapped,2026-08-29T15:42:55+08:00,极越01,2024-12-01,160
target,极越01,极越01,极越,车主手册,https://www.icauto.com.cn/rank/car_3078.html,mapped,2026-08-29T15:42:55+08:00,极越01,2023-01-01,0
target,极越01,极越01,极越,车主手册,https://www.icauto.com.cn/rank/car_3078.html,mapped,2026-08-29T15:42:55+08:00,极越01,2023-02-01,0
target,极越01,极越01,极越,车主手册,https://www.icauto.com.cn/rank/car_3078.html,mapped,2026-08-29T15:42:55+08:00,极越01,2023-03-01,0
target,极越01,极越01,极越,车主手册,https://www.icauto.com.cn/rank/car_3078.html,mapped,2026-08-29T15:42:55+08:00,极越01,2023-04-01,0
target,极越01,极越01,极越,车主手册,https://www.icauto.com.cn/rank/car_3078.html,mapped,2026-08-29T15:42:55+08:00,极越01,2023-05-01,0
target,极越01,极越01,极越,车主手册,https://www.icauto.com.cn/rank/car_3078.html,mapped,2026-08-29T15:42:55+08:00,极越01,2023-06-01,0
target,极越01,极越01,极越,车主手册,https://www.icauto.com.cn/rank/car_3078.html,mapped,2026-08-29T15:42:55+08:00,极越01,2023-07-01,0
target,极越01,极越01,极越,车主手册,https://www.icauto.com.cn/rank/car_3078.html,mapped,2026-08-29T15:42:55+08:00,极越01,2023-08-01,0
target,极越01,极越01,极越,车主手册,https://www.icauto.com.cn/rank/car_3078.html,mapped,2026-08-29T15:42:55+08:00,极越01,2023-09-01,0
target,极越01,极越01,极越,车主手册,https://www.icauto.com.cn/rank/car_3078.html,mapped,2026-08-29T15:42:55+08:00,极越01,2023-10-01,0
target,极越01,极越01,极越,车主手册,https://www.icauto.com.cn/rank/car_3078.html,mapped,2026-08-29T15:42:55+08:00,极越01,2023-11-01,0
target,极越01,极越01,极越,车主手册,https://www.icauto.com.cn/rank/car_3078.html,mapped,2026-08-29T15:42:55+08:00,极越01,2023-12-01,774
target,极越01,极越01,极越,车主手册,https://www.icauto.com.cn/rank/car_3078.html,mapped,2026-08-29T15:42:55+08:00,极越01,2022-01-01,0
target,极越01,极越01,极越,车主手册,https://www.icauto.com.cn/rank/car_3078.html,mapped,2026-08-29T15:42:55+08:00,极越01,2022-02-01,0
target,极越01,极越01,极越,车主手册,https://www.icauto.com.cn/rank/car_3078.html,mapped,2026-08-29T15:42:55+08:00,极越01,2022-03-01,0
target,极越01,极越01,极越,车主手册,https://www.icauto.com.cn/rank/car_3078.html,mapped,2026-08-29T15:42:55+08:00,极越01,2022-04-01,0
target,极越01,极越01,极越,车主手册,https://www.icauto.com.cn/rank/car_3078.html,mapped,2026-08-29T15:42:55+08:00,极越01,2022-05-01,0
target,极越01,极越01,极越,车主手册,https://www.icauto.com.cn/rank/car_3078.html,mapped,2026-08-29T15:42:55+08:00,极越01,2022-06-01,0
target,极越01,极越01,极越,车主手册,https://www.icauto.com.cn/rank/car_3078.html,mapped,2026-08-29T15:42:55+08:00,极越01,2022-07-01,0
target,极越01,极越01,极越,车主手册,https://www.icauto.com.cn/rank/car_3078.html,mapped,2026-08-29T15:42:55+08:00,极越01,2022-08-01,0
target,极越01,极越01,极越,车主手册,https://www.icauto.com.cn/rank/car_3078.html,mapped,2026-08-29T15:42:55+08:00,极越01,2022-09-01,0
target,极越01,极越01,极越,车主手册,https://www.icauto.com.cn/rank/car_3078.html,mapped,2026-08-29T15:42:55+08:00,极越01,2022-10-01,0
target,极越01,极越01,极越,车主手册,https://www.icauto.com.cn/rank/car_3078.html,mapped,2026-08-29T15:42:55+08:00,极越01,2022-11-01,0
target,极越01,极越01,极越,车主手册,https://www.icauto.com.cn/rank/car_3078.html,mapped,2026-08-29T15:42:55+08:00,极越01,2022-12-01,0
target,名爵HS,名爵HS,MG名爵,车主手册,https://www.icauto.com.cn/rank/car_58.html,mapped,2026-08-29T15:42:55+08:00,名爵HS,2022-01-01,1148
target,名爵HS,名爵HS,MG名爵,车主手册,https://www.icauto.com.cn/rank/car_58.html,mapped,2026-08-29T15:42:55+08:00,名爵HS,2022-02-01,4316
target,名爵HS,名爵HS,MG名爵,车主手册,https://www.icauto.com.cn/rank/car_58.html,mapped,2026-08-29T15:42:55+08:00,名爵HS,2022-03-01,87
target,名爵HS,名爵HS,MG名爵,车主手册,https://www.icauto.com.cn/rank/car_58.html,mapped,2026-08-29T15:42:55+08:00,名爵HS,2022-04-01,24
target,名爵HS,名爵HS,MG名爵,车主手册,https://www.icauto.com.cn/rank/car_58.html,mapped,2026-08-29T15:42:55+08:00,名爵HS,2022-05-01,46
target,名爵HS,名爵HS,MG名爵,车主手册,https://www.icauto.com.cn/rank/car_58.html,mapped,2026-08-29T15:42:55+08:00,名爵HS,2022-06-01,138
target,名爵HS,名爵HS,MG名爵,车主手册,https://www.icauto.com.cn/rank/car_58.html,mapped,2026-08-29T15:42:55+08:00,名爵HS,2022-07-01,45
target,名爵HS,名爵HS,MG名爵,车主手册,https://www.icauto.com.cn/rank/car_58.html,mapped,2026-08-29T15:42:55+08:00,名爵HS,2022-08-01,39
target,名爵HS,名爵HS,MG名爵,车主手册,https://www.icauto.com.cn/rank/car_58.html,mapped,2026-08-29T15:42:55+08:00,名爵HS,2022-09-01,47
target,名爵HS,名爵HS,MG名爵,车主手册,https://www.icauto.com.cn/rank/car_58.html,mapped,2026-08-29T15:42:55+08:00,名爵HS,2022-10-01,50
target,名爵HS,名爵HS,MG名爵,车主手册,https://www.icauto.com.cn/rank/car_58.html,mapped,2026-08-29T15:42:55+08:00,名爵HS,2022-11-01,52
target,名爵HS,名爵HS,MG名爵,车主手册,https://www.icauto.com.cn/rank/car_58.html,mapped,2026-08-29T15:42:55+08:00,名爵HS,2022-12-01,37
target,名爵HS,名爵HS,MG名爵,车主手册,https://www.icauto.com.cn/rank/car_58.html,mapped,2026-08-29T15:42:55+08:00,名爵HS,2021-01-01,3129
target,名爵HS,名爵HS,MG名爵,车主手册,https://www.icauto.com.cn/rank/car_58.html,mapped,2026-08-29T15:42:55+08:00,名爵HS,2021-02-01,3041
target,名爵HS,名爵HS,MG名爵,车主手册,https://www.icauto.com.cn/rank/car_58.html,mapped,2026-08-29T15:42:55+08:00,名爵HS,2021-03-01,5127
target,名爵HS,名爵HS,MG名爵,车主手册,https://www.icauto.com.cn/rank/car_58.html,mapped,2026-08-29T15:42:55+08:00,名爵HS,2021-04-01,3837
target,名爵HS,名爵HS,MG名爵,车主手册,https://www.icauto.com.cn/rank/car_58.html,mapped,2026-08-29T15:42:55+08:00,名爵HS,2021-05-01,3155
target,名爵HS,名爵HS,MG名爵,车主手册,https://www.icauto.com.cn/rank/car_58.html,mapped,2026-08-29T15:42:55+08:00,名爵HS,2021-06-01,3190
target,名爵HS,名爵HS,MG名爵,车主手册,https://www.icauto.com.cn/rank/car_58.html,mapped,2026-08-29T15:42:55+08:00,名爵HS,2021-07-01,4313
target,名爵HS,名爵HS,MG名爵,车主手册,https://www.icauto.com.cn/rank/car_58.html,mapped,2026-08-29T15:42:55+08:00,名爵HS,2021-08-01,5593
target,名爵HS,名爵HS,MG名爵,车主手册,https://www.icauto.com.cn/rank/car_58.html,mapped,2026-08-29T15:42:55+08:00,名爵HS,2021-09-01,6628
target,名爵HS,名爵HS,MG名爵,车主手册,https://www.icauto.com.cn/rank/car_58.html,mapped,2026-08-29T15:42:55+08:00,名爵HS,2021-10-01,5881
target,名爵HS,名爵HS,MG名爵,车主手册,https://www.icauto.com.cn/rank/car_58.html,mapped,2026-08-29T15:42:55+08:00,名爵HS,2021-11-01,5347
target,名爵HS,名爵HS,MG名爵,车主手册,https://www.icauto.com.cn/rank/car_58.html,mapped,2026-08-29T15:42:55+08:00,名爵HS,2021-12-01,5812
target,名爵HS,名爵HS,MG名爵,车主手册,https://www.icauto.com.cn/rank/car_58.html,mapped,2026-08-29T15:42:55+08:00,名爵HS,2020-01-01,3530
target,名爵HS,名爵HS,MG名爵,车主手册,https://www.icauto.com.cn/rank/car_58.html,mapped,2026-08-29T15:42:55+08:00,名爵HS,2020-02-01,1537
target,名爵HS,名爵HS,MG名爵,车主手册,https://www.icauto.com.cn/rank/car_58.html,mapped,2026-08-29T15:42:55+08:00,名爵HS,2020-03-01,2236
target,名爵HS,名爵HS,MG名爵,车主手册,https://www.icauto.com.cn/rank/car_58.html,mapped,2026-08-29T15:42:55+08:00,名爵HS,2020-04-01,3999
target,名爵HS,名爵HS,MG名爵,车主手册,https://www.icauto.com.cn/rank/car_58.html,mapped,2026-08-29T15:42:55+08:00,名爵HS,2020-05-01,4802
target,名爵HS,名爵HS,MG名爵,车主手册,https://www.icauto.com.cn/rank/car_58.html,mapped,2026-08-29T15:42:55+08:00,名爵HS,2020-06-01,1305
target,名爵HS,名爵HS,MG名爵,车主手册,https://www.icauto.com.cn/rank/car_58.html,mapped,2026-08-29T15:42:55+08:00,名爵HS,2020-07-01,1329
target,名爵HS,名爵HS,MG名爵,车主手册,https://www.icauto.com.cn/rank/car_58.html,mapped,2026-08-29T15:42:55+08:00,名爵HS,2020-08-01,2889
target,名爵HS,名爵HS,MG名爵,车主手册,https://www.icauto.com.cn/rank/car_58.html,mapped,2026-08-29T15:42:55+08:00,名爵HS,2020-09-01,3827
target,名爵HS,名爵HS,MG名爵,车主手册,https://www.icauto.com.cn/rank/car_58.html,mapped,2026-08-29T15:42:55+08:00,名爵HS,2020-10-01,8311
target,名爵HS,名爵HS,MG名爵,车主手册,https://www.icauto.com.cn/rank/car_58.html,mapped,2026-08-29T15:42:55+08:00,名爵HS,2020-11-01,6833
target,名爵HS,名爵HS,MG名爵,车主手册,https://www.icauto.com.cn/rank/car_58.html,mapped,2026-08-29T15:42:55+08:00,名爵HS,2020-12-01,4976
target,长安启源Q05经典,长安启源Q05经典,长安启源,车主手册,https://www.icauto.com.cn/rank/car_3462.html,mapped,2026-08-29T15:42:55+08:00,长安启源Q05经典,2025-01-01,2565
target,长安启源Q05经典,长安启源Q05经典,长安启源,车主手册,https://www.icauto.com.cn/rank/car_3462.html,mapped,2026-08-29T15:42:55+08:00,长安启源Q05经典,2025-02-01,1323
target,长安启源Q05经典,长安启源Q05经典,长安启源,车主手册,https://www.icauto.com.cn/rank/car_3462.html,mapped,2026-08-29T15:42:55+08:00,长安启源Q05经典,2025-03-01,3042
target,长安启源Q05经典,长安启源Q05经典,长安启源,车主手册,https://www.icauto.com.cn/rank/car_3462.html,mapped,2026-08-29T15:42:55+08:00,长安启源Q05经典,2025-04-01,2136
target,长安启源Q05经典,长安启源Q05经典,长安启源,车主手册,https://www.icauto.com.cn/rank/car_3462.html,mapped,2026-08-29T15:42:55+08:00,长安启源Q05经典,2025-05-01,1944
target,长安启源Q05经典,长安启源Q05经典,长安启源,车主手册,https://www.icauto.com.cn/rank/car_3462.html,mapped,2026-08-29T15:42:55+08:00,长安启源Q05经典,2025-06-01,2112
target,长安启源Q05经典,长安启源Q05经典,长安启源,车主手册,https://www.icauto.com.cn/rank/car_3462.html,mapped,2026-08-29T15:42:55+08:00,长安启源Q05经典,2025-07-01,932
target,长安启源Q05经典,长安启源Q05经典,长安启源,车主手册,https://www.icauto.com.cn/rank/car_3462.html,mapped,2026-08-29T15:42:55+08:00,长安启源Q05经典,2025-08-01,1193
target,长安启源Q05经典,长安启源Q05经典,长安启源,车主手册,https://www.icauto.com.cn/rank/car_3462.html,mapped,2026-08-29T15:42:55+08:00,长安启源Q05经典,2025-09-01,1895
target,长安启源Q05经典,长安启源Q05经典,长安启源,车主手册,https://www.icauto.com.cn/rank/car_3462.html,mapped,2026-08-29T15:42:55+08:00,长安启源Q05经典,2025-10-01,1649
target,长安启源Q05经典,长安启源Q05经典,长安启源,车主手册,https://www.icauto.com.cn/rank/car_3462.html,mapped,2026-08-29T15:42:55+08:00,长安启源Q05经典,2025-11-01,1338
target,长安启源Q05经典,长安启源Q05经典,长安启源,车主手册,https://www.icauto.com.cn/rank/car_3462.html,mapped,2026-08-29T15:42:55+08:00,长安启源Q05经典,2025-12-01,4074
target,长安启源Q05经典,长安启源Q05经典,长安启源,车主手册,https://www.icauto.com.cn/rank/car_3462.html,mapped,2026-08-29T15:42:55+08:00,长安启源Q05经典,2024-01-01,0
target,长安启源Q05经典,长安启源Q05经典,长安启源,车主手册,https://www.icauto.com.cn/rank/car_3462.html,mapped,2026-08-29T15:42:55+08:00,长安启源Q05经典,2024-02-01,1749
target,长安启源Q05经典,长安启源Q05经典,长安启源,车主手册,https://www.icauto.com.cn/rank/car_3462.html,mapped,2026-08-29T15:42:55+08:00,长安启源Q05经典,2024-03-01,4751
target,长安启源Q05经典,长安启源Q05经典,长安启源,车主手册,https://www.icauto.com.cn/rank/car_3462.html,mapped,2026-08-29T15:42:55+08:00,长安启源Q05经典,2024-04-01,3241
target,长安启源Q05经典,长安启源Q05经典,长安启源,车主手册,https://www.icauto.com.cn/rank/car_3462.html,mapped,2026-08-29T15:42:55+08:00,长安启源Q05经典,2024-05-01,4063
target,长安启源Q05经典,长安启源Q05经典,长安启源,车主手册,https://www.icauto.com.cn/rank/car_3462.html,mapped,2026-08-29T15:42:55+08:00,长安启源Q05经典,2024-06-01,4196
target,长安启源Q05经典,长安启源Q05经典,长安启源,车主手册,https://www.icauto.com.cn/rank/car_3462.html,mapped,2026-08-29T15:42:55+08:00,长安启源Q05经典,2024-07-01,2672
target,长安启源Q05经典,长安启源Q05经典,长安启源,车主手册,https://www.icauto.com.cn/rank/car_3462.html,mapped,2026-08-29T15:42:55+08:00,长安启源Q05经典,2024-08-01,3503
target,长安启源Q05经典,长安启源Q05经典,长安启源,车主手册,https://www.icauto.com.cn/rank/car_3462.html,mapped,2026-08-29T15:42:55+08:00,长安启源Q05经典,2024-09-01,3628
target,长安启源Q05经典,长安启源Q05经典,长安启源,车主手册,https://www.icauto.com.cn/rank/car_3462.html,mapped,2026-08-29T15:42:55+08:00,长安启源Q05经典,2024-10-01,3478
target,长安启源Q05经典,长安启源Q05经典,长安启源,车主手册,https://www.icauto.com.cn/rank/car_3462.html,mapped,2026-08-29T15:42:55+08:00,长安启源Q05经典,2024-11-01,3695
target,长安启源Q05经典,长安启源Q05经典,长安启源,车主手册,https://www.icauto.com.cn/rank/car_3462.html,mapped,2026-08-29T15:42:55+08:00,长安启源Q05经典,2024-12-01,3201
target,长安启源Q05经典,长安启源Q05经典,长安启源,车主手册,https://www.icauto.com.cn/rank/car_3462.html,mapped,2026-08-29T15:42:55+08:00,长安启源Q05经典,2023-01-01,0
target,长安启源Q05经典,长安启源Q05经典,长安启源,车主手册,https://www.icauto.com.cn/rank/car_3462.html,mapped,2026-08-29T15:42:55+08:00,长安启源Q05经典,2023-02-01,0
target,长安启源Q05经典,长安启源Q05经典,长安启源,车主手册,https://www.icauto.com.cn/rank/car_3462.html,mapped,2026-08-29T15:42:55+08:00,长安启源Q05经典,2023-03-01,0
target,长安启源Q05经典,长安启源Q05经典,长安启源,车主手册,https://www.icauto.com.cn/rank/car_3462.html,mapped,2026-08-29T15:42:55+08:00,长安启源Q05经典,2023-04-01,0
target,长安启源Q05经典,长安启源Q05经典,长安启源,车主手册,https://www.icauto.com.cn/rank/car_3462.html,mapped,2026-08-29T15:42:55+08:00,长安启源Q05经典,2023-05-01,0
target,长安启源Q05经典,长安启源Q05经典,长安启源,车主手册,https://www.icauto.com.cn/rank/car_3462.html,mapped,2026-08-29T15:42:55+08:00,长安启源Q05经典,2023-06-01,0
target,长安启源Q05经典,长安启源Q05经典,长安启源,车主手册,https://www.icauto.com.cn/rank/car_3462.html,mapped,2026-08-29T15:42:55+08:00,长安启源Q05经典,2023-07-01,0
target,长安启源Q05经典,长安启源Q05经典,长安启源,车主手册,https://www.icauto.com.cn/rank/car_3462.html,mapped,2026-08-29T15:42:55+08:00,长安启源Q05经典,2023-08-01,0
target,长安启源Q05经典,长安启源Q05经典,长安启源,车主手册,https://www.icauto.com.cn/rank/car_3462.html,mapped,2026-08-29T15:42:55+08:00,长安启源Q05经典,2023-09-01,0
target,长安启源Q05经典,长安启源Q05经典,长安启源,车主手册,https://www.icauto.com.cn/rank/car_3462.html,mapped,2026-08-29T15:42:55+08:00,长安启源Q05经典,2023-10-01,0
target,长安启源Q05经典,长安启源Q05经典,长安启源,车主手册,https://www.icauto.com.cn/rank/car_3462.html,mapped,2026-08-29T15:42:55+08:00,长安启源Q05经典,2023-11-01,0
target,长安启源Q05经典,长安启源Q05经典,长安启源,车主手册,https://www.icauto.com.cn/rank/car_3462.html,mapped,2026-08-29T15:42:55+08:00,长安启源Q05经典,2023-12-01,338
target,奥迪Q5 e-tron,奥迪Q5 e-tron,奥迪,车主手册,https://www.icauto.com.cn/rank/car_2777.html,mapped,2026-08-29T15:42:55+08:00,奥迪Q5 e-tron,2025-01-01,200
target,奥迪Q5 e-tron,奥迪Q5 e-tron,奥迪,车主手册,https://www.icauto.com.cn/rank/car_2777.html,mapped,2026-08-29T15:42:55+08:00,奥迪Q5 e-tron,2025-02-01,150
target,奥迪Q5 e-tron,奥迪Q5 e-tron,奥迪,车主手册,https://www.icauto.com.cn/rank/car_2777.html,mapped,2026-08-29T15:42:55+08:00,奥迪Q5 e-tron,2025-03-01,750
target,奥迪Q5 e-tron,奥迪Q5 e-tron,奥迪,车主手册,https://www.icauto.com.cn/rank/car_2777.html,mapped,2026-08-29T15:42:55+08:00,奥迪Q5 e-tron,2025-04-01,450
target,奥迪Q5 e-tron,奥迪Q5 e-tron,奥迪,车主手册,https://www.icauto.com.cn/rank/car_2777.html,mapped,2026-08-29T15:42:55+08:00,奥迪Q5 e-tron,2025-05-01,650
target,奥迪Q5 e-tron,奥迪Q5 e-tron,奥迪,车主手册,https://www.icauto.com.cn/rank/car_2777.html,mapped,2026-08-29T15:42:55+08:00,奥迪Q5 e-tron,2025-06-01,109
target,奥迪Q5 e-tron,奥迪Q5 e-tron,奥迪,车主手册,https://www.icauto.com.cn/rank/car_2777.html,mapped,2026-08-29T15:42:55+08:00,奥迪Q5 e-tron,2025-07-01,70
target,奥迪Q5 e-tron,奥迪Q5 e-tron,奥迪,车主手册,https://www.icauto.com.cn/rank/car_2777.html,mapped,2026-08-29T15:42:55+08:00,奥迪Q5 e-tron,2025-08-01,99
target,奥迪Q5 e-tron,奥迪Q5 e-tron,奥迪,车主手册,https://www.icauto.com.cn/rank/car_2777.html,mapped,2026-08-29T15:42:55+08:00,奥迪Q5 e-tron,2025-09-01,30
target,奥迪Q5 e-tron,奥迪Q5 e-tron,奥迪,车主手册,https://www.icauto.com.cn/rank/car_2777.html,mapped,2026-08-29T15:42:55+08:00,奥迪Q5 e-tron,2025-10-01,20
target,奥迪Q5 e-tron,奥迪Q5 e-tron,奥迪,车主手册,https://www.icauto.com.cn/rank/car_2777.html,mapped,2026-08-29T15:42:55+08:00,奥迪Q5 e-tron,2025-11-01,710
target,奥迪Q5 e-tron,奥迪Q5 e-tron,奥迪,车主手册,https://www.icauto.com.cn/rank/car_2777.html,mapped,2026-08-29T15:42:55+08:00,奥迪Q5 e-tron,2025-12-01,100
target,奥迪Q5 e-tron,奥迪Q5 e-tron,奥迪,车主手册,https://www.icauto.com.cn/rank/car_2777.html,mapped,2026-08-29T15:42:55+08:00,奥迪Q5 e-tron,2024-01-01,330
target,奥迪Q5 e-tron,奥迪Q5 e-tron,奥迪,车主手册,https://www.icauto.com.cn/rank/car_2777.html,mapped,2026-08-29T15:42:55+08:00,奥迪Q5 e-tron,2024-02-01,260
target,奥迪Q5 e-tron,奥迪Q5 e-tron,奥迪,车主手册,https://www.icauto.com.cn/rank/car_2777.html,mapped,2026-08-29T15:42:55+08:00,奥迪Q5 e-tron,2024-03-01,390
target,奥迪Q5 e-tron,奥迪Q5 e-tron,奥迪,车主手册,https://www.icauto.com.cn/rank/car_2777.html,mapped,2026-08-29T15:42:55+08:00,奥迪Q5 e-tron,2024-04-01,470
target,奥迪Q5 e-tron,奥迪Q5 e-tron,奥迪,车主手册,https://www.icauto.com.cn/rank/car_2777.html,mapped,2026-08-29T15:42:55+08:00,奥迪Q5 e-tron,2024-05-01,400
target,奥迪Q5 e-tron,奥迪Q5 e-tron,奥迪,车主手册,https://www.icauto.com.cn/rank/car_2777.html,mapped,2026-08-29T15:42:55+08:00,奥迪Q5 e-tron,2024-06-01,350
target,奥迪Q5 e-tron,奥迪Q5 e-tron,奥迪,车主手册,https://www.icauto.com.cn/rank/car_2777.html,mapped,2026-08-29T15:42:55+08:00,奥迪Q5 e-tron,2024-07-01,350
target,奥迪Q5 e-tron,奥迪Q5 e-tron,奥迪,车主手册,https://www.icauto.com.cn/rank/car_2777.html,mapped,2026-08-29T15:42:55+08:00,奥迪Q5 e-tron,2024-08-01,380
target,奥迪Q5 e-tron,奥迪Q5 e-tron,奥迪,车主手册,https://www.icauto.com.cn/rank/car_2777.html,mapped,2026-08-29T15:42:55+08:00,奥迪Q5 e-tron,2024-09-01,380
target,奥迪Q5 e-tron,奥迪Q5 e-tron,奥迪,车主手册,https://www.icauto.com.cn/rank/car_2777.html,mapped,2026-08-29T15:42:55+08:00,奥迪Q5 e-tron,2024-10-01,700
target,奥迪Q5 e-tron,奥迪Q5 e-tron,奥迪,车主手册,https://www.icauto.com.cn/rank/car_2777.html,mapped,2026-08-29T15:42:55+08:00,奥迪Q5 e-tron,2024-11-01,900
target,奥迪Q5 e-tron,奥迪Q5 e-tron,奥迪,车主手册,https://www.icauto.com.cn/rank/car_2777.html,mapped,2026-08-29T15:42:55+08:00,奥迪Q5 e-tron,2024-12-01,1092
target,奥迪Q5 e-tron,奥迪Q5 e-tron,奥迪,车主手册,https://www.icauto.com.cn/rank/car_2777.html,mapped,2026-08-29T15:42:55+08:00,奥迪Q5 e-tron,2023-01-01,70
target,奥迪Q5 e-tron,奥迪Q5 e-tron,奥迪,车主手册,https://www.icauto.com.cn/rank/car_2777.html,mapped,2026-08-29T15:42:55+08:00,奥迪Q5 e-tron,2023-02-01,114
target,奥迪Q5 e-tron,奥迪Q5 e-tron,奥迪,车主手册,https://www.icauto.com.cn/rank/car_2777.html,mapped,2026-08-29T15:42:55+08:00,奥迪Q5 e-tron,2023-03-01,260
target,奥迪Q5 e-tron,奥迪Q5 e-tron,奥迪,车主手册,https://www.icauto.com.cn/rank/car_2777.html,mapped,2026-08-29T15:42:55+08:00,奥迪Q5 e-tron,2023-04-01,455
target,奥迪Q5 e-tron,奥迪Q5 e-tron,奥迪,车主手册,https://www.icauto.com.cn/rank/car_2777.html,mapped,2026-08-29T15:42:55+08:00,奥迪Q5 e-tron,2023-05-01,602
target,奥迪Q5 e-tron,奥迪Q5 e-tron,奥迪,车主手册,https://www.icauto.com.cn/rank/car_2777.html,mapped,2026-08-29T15:42:55+08:00,奥迪Q5 e-tron,2023-06-01,618
target,奥迪Q5 e-tron,奥迪Q5 e-tron,奥迪,车主手册,https://www.icauto.com.cn/rank/car_2777.html,mapped,2026-08-29T15:42:55+08:00,奥迪Q5 e-tron,2023-07-01,425
target,奥迪Q5 e-tron,奥迪Q5 e-tron,奥迪,车主手册,https://www.icauto.com.cn/rank/car_2777.html,mapped,2026-08-29T15:42:55+08:00,奥迪Q5 e-tron,2023-08-01,357
target,奥迪Q5 e-tron,奥迪Q5 e-tron,奥迪,车主手册,https://www.icauto.com.cn/rank/car_2777.html,mapped,2026-08-29T15:42:55+08:00,奥迪Q5 e-tron,2023-09-01,510
target,奥迪Q5 e-tron,奥迪Q5 e-tron,奥迪,车主手册,https://www.icauto.com.cn/rank/car_2777.html,mapped,2026-08-29T15:42:55+08:00,奥迪Q5 e-tron,2023-10-01,405
target,奥迪Q5 e-tron,奥迪Q5 e-tron,奥迪,车主手册,https://www.icauto.com.cn/rank/car_2777.html,mapped,2026-08-29T15:42:55+08:00,奥迪Q5 e-tron,2023-11-01,600
target,奥迪Q5 e-tron,奥迪Q5 e-tron,奥迪,车主手册,https://www.icauto.com.cn/rank/car_2777.html,mapped,2026-08-29T15:42:55+08:00,奥迪Q5 e-tron,2023-12-01,791
target,电动MINI COOPER,电动MINI COOPER,MINI,车主手册,https://www.icauto.com.cn/rank/car_3583.html,mapped,2026-08-29T15:42:55+08:00,电动MINI COOPER,2025-01-01,0
target,电动MINI COOPER,电动MINI COOPER,MINI,车主手册,https://www.icauto.com.cn/rank/car_3583.html,mapped,2026-08-29T15:42:55+08:00,电动MINI COOPER,2025-02-01,0
target,电动MINI COOPER,电动MINI COOPER,MINI,车主手册,https://www.icauto.com.cn/rank/car_3583.html,mapped,2026-08-29T15:42:55+08:00,电动MINI COOPER,2025-03-01,579
target,电动MINI COOPER,电动MINI COOPER,MINI,车主手册,https://www.icauto.com.cn/rank/car_3583.html,mapped,2026-08-29T15:42:55+08:00,电动MINI COOPER,2025-04-01,604
target,电动MINI COOPER,电动MINI COOPER,MINI,车主手册,https://www.icauto.com.cn/rank/car_3583.html,mapped,2026-08-29T15:42:55+08:00,电动MINI COOPER,2025-05-01,1913
target,电动MINI COOPER,电动MINI COOPER,MINI,车主手册,https://www.icauto.com.cn/rank/car_3583.html,mapped,2026-08-29T15:42:55+08:00,电动MINI COOPER,2025-06-01,1658
target,电动MINI COOPER,电动MINI COOPER,MINI,车主手册,https://www.icauto.com.cn/rank/car_3583.html,mapped,2026-08-29T15:42:55+08:00,电动MINI COOPER,2025-07-01,1707
target,电动MINI COOPER,电动MINI COOPER,MINI,车主手册,https://www.icauto.com.cn/rank/car_3583.html,mapped,2026-08-29T15:42:55+08:00,电动MINI COOPER,2025-08-01,645
target,电动MINI COOPER,电动MINI COOPER,MINI,车主手册,https://www.icauto.com.cn/rank/car_3583.html,mapped,2026-08-29T15:42:55+08:00,电动MINI COOPER,2025-09-01,242
target,电动MINI COOPER,电动MINI COOPER,MINI,车主手册,https://www.icauto.com.cn/rank/car_3583.html,mapped,2026-08-29T15:42:55+08:00,电动MINI COOPER,2025-10-01,1740
target,电动MINI COOPER,电动MINI COOPER,MINI,车主手册,https://www.icauto.com.cn/rank/car_3583.html,mapped,2026-08-29T15:42:55+08:00,电动MINI COOPER,2025-11-01,146
target,电动MINI COOPER,电动MINI COOPER,MINI,车主手册,https://www.icauto.com.cn/rank/car_3583.html,mapped,2026-08-29T15:42:55+08:00,电动MINI COOPER,2025-12-01,298
target,电动MINI COOPER,电动MINI COOPER,MINI,车主手册,https://www.icauto.com.cn/rank/car_3583.html,mapped,2026-08-29T15:42:55+08:00,电动MINI COOPER,2024-01-01,0
target,电动MINI COOPER,电动MINI COOPER,MINI,车主手册,https://www.icauto.com.cn/rank/car_3583.html,mapped,2026-08-29T15:42:55+08:00,电动MINI COOPER,2024-02-01,0
target,电动MINI COOPER,电动MINI COOPER,MINI,车主手册,https://www.icauto.com.cn/rank/car_3583.html,mapped,2026-08-29T15:42:55+08:00,电动MINI COOPER,2024-03-01,0
target,电动MINI COOPER,电动MINI COOPER,MINI,车主手册,https://www.icauto.com.cn/rank/car_3583.html,mapped,2026-08-29T15:42:55+08:00,电动MINI COOPER,2024-04-01,0
target,电动MINI COOPER,电动MINI COOPER,MINI,车主手册,https://www.icauto.com.cn/rank/car_3583.html,mapped,2026-08-29T15:42:55+08:00,电动MINI COOPER,2024-05-01,0
target,电动MINI COOPER,电动MINI COOPER,MINI,车主手册,https://www.icauto.com.cn/rank/car_3583.html,mapped,2026-08-29T15:42:55+08:00,电动MINI COOPER,2024-06-01,0
target,电动MINI COOPER,电动MINI COOPER,MINI,车主手册,https://www.icauto.com.cn/rank/car_3583.html,mapped,2026-08-29T15:42:55+08:00,电动MINI COOPER,2024-07-01,0
target,电动MINI COOPER,电动MINI COOPER,MINI,车主手册,https://www.icauto.com.cn/rank/car_3583.html,mapped,2026-08-29T15:42:55+08:00,电动MINI COOPER,2024-08-01,0
target,电动MINI COOPER,电动MINI COOPER,MINI,车主手册,https://www.icauto.com.cn/rank/car_3583.html,mapped,2026-08-29T15:42:55+08:00,电动MINI COOPER,2024-09-01,0
target,电动MINI COOPER,电动MINI COOPER,MINI,车主手册,https://www.icauto.com.cn/rank/car_3583.html,mapped,2026-08-29T15:42:55+08:00,电动MINI COOPER,2024-10-01,0
target,电动MINI COOPER,电动MINI COOPER,MINI,车主手册,https://www.icauto.com.cn/rank/car_3583.html,mapped,2026-08-29T15:42:55+08:00,电动MINI COOPER,2024-11-01,0
target,电动MINI COOPER,电动MINI COOPER,MINI,车主手册,https://www.icauto.com.cn/rank/car_3583.html,mapped,2026-08-29T15:42:55+08:00,电动MINI COOPER,2024-12-01,0
target,电动MINI COOPER,电动MINI COOPER,MINI,车主手册,https://www.icauto.com.cn/rank/car_3583.html,mapped,2026-08-29T15:42:55+08:00,电动MINI COOPER,2023-01-01,0
target,电动MINI COOPER,电动MINI COOPER,MINI,车主手册,https://www.icauto.com.cn/rank/car_3583.html,mapped,2026-08-29T15:42:55+08:00,电动MINI COOPER,2023-02-01,0
target,电动MINI COOPER,电动MINI COOPER,MINI,车主手册,https://www.icauto.com.cn/rank/car_3583.html,mapped,2026-08-29T15:42:55+08:00,电动MINI COOPER,2023-03-01,0
target,电动MINI COOPER,电动MINI COOPER,MINI,车主手册,https://www.icauto.com.cn/rank/car_3583.html,mapped,2026-08-29T15:42:55+08:00,电动MINI COOPER,2023-04-01,0
target,电动MINI COOPER,电动MINI COOPER,MINI,车主手册,https://www.icauto.com.cn/rank/car_3583.html,mapped,2026-08-29T15:42:55+08:00,电动MINI COOPER,2023-05-01,0
target,电动MINI COOPER,电动MINI COOPER,MINI,车主手册,https://www.icauto.com.cn/rank/car_3583.html,mapped,2026-08-29T15:42:55+08:00,电动MINI COOPER,2023-06-01,0
target,电动MINI COOPER,电动MINI COOPER,MINI,车主手册,https://www.icauto.com.cn/rank/car_3583.html,mapped,2026-08-29T15:42:55+08:00,电动MINI COOPER,2023-07-01,0
target,电动MINI COOPER,电动MINI COOPER,MINI,车主手册,https://www.icauto.com.cn/rank/car_3583.html,mapped,2026-08-29T15:42:55+08:00,电动MINI COOPER,2023-08-01,0
target,电动MINI COOPER,电动MINI COOPER,MINI,车主手册,https://www.icauto.com.cn/rank/car_3583.html,mapped,2026-08-29T15:42:55+08:00,电动MINI COOPER,2023-09-01,0
target,电动MINI COOPER,电动MINI COOPER,MINI,车主手册,https://www.icauto.com.cn/rank/car_3583.html,mapped,2026-08-29T15:42:55+08:00,电动MINI COOPER,2023-10-01,0
target,电动MINI COOPER,电动MINI COOPER,MINI,车主手册,https://www.icauto.com.cn/rank/car_3583.html,mapped,2026-08-29T15:42:55+08:00,电动MINI COOPER,2023-11-01,0
target,电动MINI COOPER,电动MINI COOPER,MINI,车主手册,https://www.icauto.com.cn/rank/car_3583.html,mapped,2026-08-29T15:42:55+08:00,电动MINI COOPER,2023-12-01,0
target,电动MINI ACEMAN,电动MINI ACEMAN,MINI,车主手册,https://www.icauto.com.cn/rank/car_3655.html,mapped,2026-08-29T15:42:55+08:00,电动MINI ACEMAN,2025-01-01,0
target,电动MINI ACEMAN,电动MINI ACEMAN,MINI,车主手册,https://www.icauto.com.cn/rank/car_3655.html,mapped,2026-08-29T15:42:55+08:00,电动MINI ACEMAN,2025-02-01,0
target,电动MINI ACEMAN,电动MINI ACEMAN,MINI,车主手册,https://www.icauto.com.cn/rank/car_3655.html,mapped,2026-08-29T15:42:55+08:00,电动MINI ACEMAN,2025-03-01,280
target,电动MINI ACEMAN,电动MINI ACEMAN,MINI,车主手册,https://www.icauto.com.cn/rank/car_3655.html,mapped,2026-08-29T15:42:55+08:00,电动MINI ACEMAN,2025-04-01,71
target,电动MINI ACEMAN,电动MINI ACEMAN,MINI,车主手册,https://www.icauto.com.cn/rank/car_3655.html,mapped,2026-08-29T15:42:55+08:00,电动MINI ACEMAN,2025-05-01,326
target,电动MINI ACEMAN,电动MINI ACEMAN,MINI,车主手册,https://www.icauto.com.cn/rank/car_3655.html,mapped,2026-08-29T15:42:55+08:00,电动MINI ACEMAN,2025-06-01,100
target,电动MINI ACEMAN,电动MINI ACEMAN,MINI,车主手册,https://www.icauto.com.cn/rank/car_3655.html,mapped,2026-08-29T15:42:55+08:00,电动MINI ACEMAN,2025-07-01,50
target,电动MINI ACEMAN,电动MINI ACEMAN,MINI,车主手册,https://www.icauto.com.cn/rank/car_3655.html,mapped,2026-08-29T15:42:55+08:00,电动MINI ACEMAN,2025-08-01,50
target,电动MINI ACEMAN,电动MINI ACEMAN,MINI,车主手册,https://www.icauto.com.cn/rank/car_3655.html,mapped,2026-08-29T15:42:55+08:00,电动MINI ACEMAN,2025-09-01,112
target,电动MINI ACEMAN,电动MINI ACEMAN,MINI,车主手册,https://www.icauto.com.cn/rank/car_3655.html,mapped,2026-08-29T15:42:55+08:00,电动MINI ACEMAN,2025-10-01,87
target,电动MINI ACEMAN,电动MINI ACEMAN,MINI,车主手册,https://www.icauto.com.cn/rank/car_3655.html,mapped,2026-08-29T15:42:55+08:00,电动MINI ACEMAN,2025-11-01,149
target,电动MINI ACEMAN,电动MINI ACEMAN,MINI,车主手册,https://www.icauto.com.cn/rank/car_3655.html,mapped,2026-08-29T15:42:55+08:00,电动MINI ACEMAN,2025-12-01,268
target,电动MINI ACEMAN,电动MINI ACEMAN,MINI,车主手册,https://www.icauto.com.cn/rank/car_3655.html,mapped,2026-08-29T15:42:55+08:00,电动MINI ACEMAN,2024-01-01,0
target,电动MINI ACEMAN,电动MINI ACEMAN,MINI,车主手册,https://www.icauto.com.cn/rank/car_3655.html,mapped,2026-08-29T15:42:55+08:00,电动MINI ACEMAN,2024-02-01,0
target,电动MINI ACEMAN,电动MINI ACEMAN,MINI,车主手册,https://www.icauto.com.cn/rank/car_3655.html,mapped,2026-08-29T15:42:55+08:00,电动MINI ACEMAN,2024-03-01,0
target,电动MINI ACEMAN,电动MINI ACEMAN,MINI,车主手册,https://www.icauto.com.cn/rank/car_3655.html,mapped,2026-08-29T15:42:55+08:00,电动MINI ACEMAN,2024-04-01,0
target,电动MINI ACEMAN,电动MINI ACEMAN,MINI,车主手册,https://www.icauto.com.cn/rank/car_3655.html,mapped,2026-08-29T15:42:55+08:00,电动MINI ACEMAN,2024-05-01,0
target,电动MINI ACEMAN,电动MINI ACEMAN,MINI,车主手册,https://www.icauto.com.cn/rank/car_3655.html,mapped,2026-08-29T15:42:55+08:00,电动MINI ACEMAN,2024-06-01,0
target,电动MINI ACEMAN,电动MINI ACEMAN,MINI,车主手册,https://www.icauto.com.cn/rank/car_3655.html,mapped,2026-08-29T15:42:55+08:00,电动MINI ACEMAN,2024-07-01,0
target,电动MINI ACEMAN,电动MINI ACEMAN,MINI,车主手册,https://www.icauto.com.cn/rank/car_3655.html,mapped,2026-08-29T15:42:55+08:00,电动MINI ACEMAN,2024-08-01,0
target,电动MINI ACEMAN,电动MINI ACEMAN,MINI,车主手册,https://www.icauto.com.cn/rank/car_3655.html,mapped,2026-08-29T15:42:55+08:00,电动MINI ACEMAN,2024-09-01,0
target,电动MINI ACEMAN,电动MINI ACEMAN,MINI,车主手册,https://www.icauto.com.cn/rank/car_3655.html,mapped,2026-08-29T15:42:55+08:00,电动MINI ACEMAN,2024-10-01,0
target,电动MINI ACEMAN,电动MINI ACEMAN,MINI,车主手册,https://www.icauto.com.cn/rank/car_3655.html,mapped,2026-08-29T15:42:55+08:00,电动MINI ACEMAN,2024-11-01,0
target,电动MINI ACEMAN,电动MINI ACEMAN,MINI,车主手册,https://www.icauto.com.cn/rank/car_3655.html,mapped,2026-08-29T15:42:55+08:00,电动MINI ACEMAN,2024-12-01,0
target,电动MINI ACEMAN,电动MINI ACEMAN,MINI,车主手册,https://www.icauto.com.cn/rank/car_3655.html,mapped,2026-08-29T15:42:55+08:00,电动MINI ACEMAN,2023-01-01,0
target,电动MINI ACEMAN,电动MINI ACEMAN,MINI,车主手册,https://www.icauto.com.cn/rank/car_3655.html,mapped,2026-08-29T15:42:55+08:00,电动MINI ACEMAN,2023-02-01,0
target,电动MINI ACEMAN,电动MINI ACEMAN,MINI,车主手册,https://www.icauto.com.cn/rank/car_3655.html,mapped,2026-08-29T15:42:55+08:00,电动MINI ACEMAN,2023-03-01,0
target,电动MINI ACEMAN,电动MINI ACEMAN,MINI,车主手册,https://www.icauto.com.cn/rank/car_3655.html,mapped,2026-08-29T15:42:55+08:00,电动MINI ACEMAN,2023-04-01,0
target,电动MINI ACEMAN,电动MINI ACEMAN,MINI,车主手册,https://www.icauto.com.cn/rank/car_3655.html,mapped,2026-08-29T15:42:55+08:00,电动MINI ACEMAN,2023-05-01,0
target,电动MINI ACEMAN,电动MINI ACEMAN,MINI,车主手册,https://www.icauto.com.cn/rank/car_3655.html,mapped,2026-08-29T15:42:55+08:00,电动MINI ACEMAN,2023-06-01,0
target,电动MINI ACEMAN,电动MINI ACEMAN,MINI,车主手册,https://www.icauto.com.cn/rank/car_3655.html,mapped,2026-08-29T15:42:55+08:00,电动MINI ACEMAN,2023-07-01,0
target,电动MINI ACEMAN,电动MINI ACEMAN,MINI,车主手册,https://www.icauto.com.cn/rank/car_3655.html,mapped,2026-08-29T15:42:55+08:00,电动MINI ACEMAN,2023-08-01,0
target,电动MINI ACEMAN,电动MINI ACEMAN,MINI,车主手册,https://www.icauto.com.cn/rank/car_3655.html,mapped,2026-08-29T15:42:55+08:00,电动MINI ACEMAN,2023-09-01,0
target,电动MINI ACEMAN,电动MINI ACEMAN,MINI,车主手册,https://www.icauto.com.cn/rank/car_3655.html,mapped,2026-08-29T15:42:55+08:00,电动MINI ACEMAN,2023-10-01,0
target,电动MINI ACEMAN,电动MINI ACEMAN,MINI,车主手册,https://www.icauto.com.cn/rank/car_3655.html,mapped,2026-08-29T15:42:55+08:00,电动MINI ACEMAN,2023-11-01,0
target,电动MINI ACEMAN,电动MINI ACEMAN,MINI,车主手册,https://www.icauto.com.cn/rank/car_3655.html,mapped,2026-08-29T15:42:55+08:00,电动MINI ACEMAN,2023-12-01,0
target,海马8S,海马8S,海马郑州,车主手册,https://www.icauto.com.cn/rank/car_576.html,mapped,2026-08-29T15:42:55+08:00,海马8S,2025-01-01,0
target,海马8S,海马8S,海马郑州,车主手册,https://www.icauto.com.cn/rank/car_576.html,mapped,2026-08-29T15:42:55+08:00,海马8S,2025-02-01,0
target,海马8S,海马8S,海马郑州,车主手册,https://www.icauto.com.cn/rank/car_576.html,mapped,2026-08-29T15:42:55+08:00,海马8S,2025-03-01,0
target,海马8S,海马8S,海马郑州,车主手册,https://www.icauto.com.cn/rank/car_576.html,mapped,2026-08-29T15:42:55+08:00,海马8S,2025-04-01,0
target,海马8S,海马8S,海马郑州,车主手册,https://www.icauto.com.cn/rank/car_576.html,mapped,2026-08-29T15:42:55+08:00,海马8S,2025-05-01,0
target,海马8S,海马8S,海马郑州,车主手册,https://www.icauto.com.cn/rank/car_576.html,mapped,2026-08-29T15:42:55+08:00,海马8S,2025-06-01,0
target,海马8S,海马8S,海马郑州,车主手册,https://www.icauto.com.cn/rank/car_576.html,mapped,2026-08-29T15:42:55+08:00,海马8S,2025-07-01,44
target,海马8S,海马8S,海马郑州,车主手册,https://www.icauto.com.cn/rank/car_576.html,mapped,2026-08-29T15:42:55+08:00,海马8S,2025-08-01,480
target,海马8S,海马8S,海马郑州,车主手册,https://www.icauto.com.cn/rank/car_576.html,mapped,2026-08-29T15:42:55+08:00,海马8S,2025-09-01,0
target,海马8S,海马8S,海马郑州,车主手册,https://www.icauto.com.cn/rank/car_576.html,mapped,2026-08-29T15:42:55+08:00,海马8S,2025-10-01,0
target,海马8S,海马8S,海马郑州,车主手册,https://www.icauto.com.cn/rank/car_576.html,mapped,2026-08-29T15:42:55+08:00,海马8S,2025-11-01,480
target,海马8S,海马8S,海马郑州,车主手册,https://www.icauto.com.cn/rank/car_576.html,mapped,2026-08-29T15:42:55+08:00,海马8S,2025-12-01,483
target,海马8S,海马8S,海马郑州,车主手册,https://www.icauto.com.cn/rank/car_576.html,mapped,2026-08-29T15:42:55+08:00,海马8S,2024-01-01,27
target,海马8S,海马8S,海马郑州,车主手册,https://www.icauto.com.cn/rank/car_576.html,mapped,2026-08-29T15:42:55+08:00,海马8S,2024-02-01,0
target,海马8S,海马8S,海马郑州,车主手册,https://www.icauto.com.cn/rank/car_576.html,mapped,2026-08-29T15:42:55+08:00,海马8S,2024-03-01,0
target,海马8S,海马8S,海马郑州,车主手册,https://www.icauto.com.cn/rank/car_576.html,mapped,2026-08-29T15:42:55+08:00,海马8S,2024-04-01,0
target,海马8S,海马8S,海马郑州,车主手册,https://www.icauto.com.cn/rank/car_576.html,mapped,2026-08-29T15:42:55+08:00,海马8S,2024-05-01,0
target,海马8S,海马8S,海马郑州,车主手册,https://www.icauto.com.cn/rank/car_576.html,mapped,2026-08-29T15:42:55+08:00,海马8S,2024-06-01,0
target,海马8S,海马8S,海马郑州,车主手册,https://www.icauto.com.cn/rank/car_576.html,mapped,2026-08-29T15:42:55+08:00,海马8S,2024-07-01,0
target,海马8S,海马8S,海马郑州,车主手册,https://www.icauto.com.cn/rank/car_576.html,mapped,2026-08-29T15:42:55+08:00,海马8S,2024-08-01,245
target,海马8S,海马8S,海马郑州,车主手册,https://www.icauto.com.cn/rank/car_576.html,mapped,2026-08-29T15:42:55+08:00,海马8S,2024-09-01,0
target,海马8S,海马8S,海马郑州,车主手册,https://www.icauto.com.cn/rank/car_576.html,mapped,2026-08-29T15:42:55+08:00,海马8S,2024-10-01,0
target,海马8S,海马8S,海马郑州,车主手册,https://www.icauto.com.cn/rank/car_576.html,mapped,2026-08-29T15:42:55+08:00,海马8S,2024-11-01,0
target,海马8S,海马8S,海马郑州,车主手册,https://www.icauto.com.cn/rank/car_576.html,mapped,2026-08-29T15:42:55+08:00,海马8S,2024-12-01,1730
target,海马8S,海马8S,海马郑州,车主手册,https://www.icauto.com.cn/rank/car_576.html,mapped,2026-08-29T15:42:55+08:00,海马8S,2023-01-01,487
target,海马8S,海马8S,海马郑州,车主手册,https://www.icauto.com.cn/rank/car_576.html,mapped,2026-08-29T15:42:55+08:00,海马8S,2023-02-01,122
target,海马8S,海马8S,海马郑州,车主手册,https://www.icauto.com.cn/rank/car_576.html,mapped,2026-08-29T15:42:55+08:00,海马8S,2023-03-01,961
target,海马8S,海马8S,海马郑州,车主手册,https://www.icauto.com.cn/rank/car_576.html,mapped,2026-08-29T15:42:55+08:00,海马8S,2023-04-01,1000
target,海马8S,海马8S,海马郑州,车主手册,https://www.icauto.com.cn/rank/car_576.html,mapped,2026-08-29T15:42:55+08:00,海马8S,2023-05-01,964
target,海马8S,海马8S,海马郑州,车主手册,https://www.icauto.com.cn/rank/car_576.html,mapped,2026-08-29T15:42:55+08:00,海马8S,2023-06-01,482
target,海马8S,海马8S,海马郑州,车主手册,https://www.icauto.com.cn/rank/car_576.html,mapped,2026-08-29T15:42:55+08:00,海马8S,2023-07-01,3
target,海马8S,海马8S,海马郑州,车主手册,https://www.icauto.com.cn/rank/car_576.html,mapped,2026-08-29T15:42:55+08:00,海马8S,2023-08-01,0
target,海马8S,海马8S,海马郑州,车主手册,https://www.icauto.com.cn/rank/car_576.html,mapped,2026-08-29T15:42:55+08:00,海马8S,2023-09-01,0
target,海马8S,海马8S,海马郑州,车主手册,https://www.icauto.com.cn/rank/car_576.html,mapped,2026-08-29T15:42:55+08:00,海马8S,2023-10-01,0
target,海马8S,海马8S,海马郑州,车主手册,https://www.icauto.com.cn/rank/car_576.html,mapped,2026-08-29T15:42:55+08:00,海马8S,2023-11-01,6
target,海马8S,海马8S,海马郑州,车主手册,https://www.icauto.com.cn/rank/car_576.html,mapped,2026-08-29T15:42:55+08:00,海马8S,2023-12-01,991
target,奔奔E-Star,奔奔E-Star,长安欧尚,车主手册,https://www.icauto.com.cn/rank/car_1429.html,mapped,2026-08-29T15:42:55+08:00,奔奔E-Star,2025-01-01,2775
target,奔奔E-Star,奔奔E-Star,长安欧尚,车主手册,https://www.icauto.com.cn/rank/car_1429.html,mapped,2026-08-29T15:42:55+08:00,奔奔E-Star,2025-02-01,3
target,奔奔E-Star,奔奔E-Star,长安欧尚,车主手册,https://www.icauto.com.cn/rank/car_1429.html,mapped,2026-08-29T15:42:55+08:00,奔奔E-Star,2025-03-01,0
target,奔奔E-Star,奔奔E-Star,长安欧尚,车主手册,https://www.icauto.com.cn/rank/car_1429.html,mapped,2026-08-29T15:42:55+08:00,奔奔E-Star,2025-04-01,0
target,奔奔E-Star,奔奔E-Star,长安欧尚,车主手册,https://www.icauto.com.cn/rank/car_1429.html,mapped,2026-08-29T15:42:55+08:00,奔奔E-Star,2025-05-01,0
target,奔奔E-Star,奔奔E-Star,长安欧尚,车主手册,https://www.icauto.com.cn/rank/car_1429.html,mapped,2026-08-29T15:42:55+08:00,奔奔E-Star,2025-06-01,10
target,奔奔E-Star,奔奔E-Star,长安欧尚,车主手册,https://www.icauto.com.cn/rank/car_1429.html,mapped,2026-08-29T15:42:55+08:00,奔奔E-Star,2025-07-01,11
target,奔奔E-Star,奔奔E-Star,长安欧尚,车主手册,https://www.icauto.com.cn/rank/car_1429.html,mapped,2026-08-29T15:42:55+08:00,奔奔E-Star,2025-08-01,0
target,奔奔E-Star,奔奔E-Star,长安欧尚,车主手册,https://www.icauto.com.cn/rank/car_1429.html,mapped,2026-08-29T15:42:55+08:00,奔奔E-Star,2025-09-01,0
target,奔奔E-Star,奔奔E-Star,长安欧尚,车主手册,https://www.icauto.com.cn/rank/car_1429.html,mapped,2026-08-29T15:42:55+08:00,奔奔E-Star,2025-10-01,0
target,奔奔E-Star,奔奔E-Star,长安欧尚,车主手册,https://www.icauto.com.cn/rank/car_1429.html,mapped,2026-08-29T15:42:55+08:00,奔奔E-Star,2025-11-01,0
target,奔奔E-Star,奔奔E-Star,长安欧尚,车主手册,https://www.icauto.com.cn/rank/car_1429.html,mapped,2026-08-29T15:42:55+08:00,奔奔E-Star,2025-12-01,3
target,奔奔E-Star,奔奔E-Star,长安欧尚,车主手册,https://www.icauto.com.cn/rank/car_1429.html,mapped,2026-08-29T15:42:55+08:00,奔奔E-Star,2024-01-01,423
target,奔奔E-Star,奔奔E-Star,长安欧尚,车主手册,https://www.icauto.com.cn/rank/car_1429.html,mapped,2026-08-29T15:42:55+08:00,奔奔E-Star,2024-02-01,339
target,奔奔E-Star,奔奔E-Star,长安欧尚,车主手册,https://www.icauto.com.cn/rank/car_1429.html,mapped,2026-08-29T15:42:55+08:00,奔奔E-Star,2024-03-01,814
target,奔奔E-Star,奔奔E-Star,长安欧尚,车主手册,https://www.icauto.com.cn/rank/car_1429.html,mapped,2026-08-29T15:42:55+08:00,奔奔E-Star,2024-04-01,374
target,奔奔E-Star,奔奔E-Star,长安欧尚,车主手册,https://www.icauto.com.cn/rank/car_1429.html,mapped,2026-08-29T15:42:55+08:00,奔奔E-Star,2024-05-01,418
target,奔奔E-Star,奔奔E-Star,长安欧尚,车主手册,https://www.icauto.com.cn/rank/car_1429.html,mapped,2026-08-29T15:42:55+08:00,奔奔E-Star,2024-06-01,134
target,奔奔E-Star,奔奔E-Star,长安欧尚,车主手册,https://www.icauto.com.cn/rank/car_1429.html,mapped,2026-08-29T15:42:55+08:00,奔奔E-Star,2024-07-01,549
target,奔奔E-Star,奔奔E-Star,长安欧尚,车主手册,https://www.icauto.com.cn/rank/car_1429.html,mapped,2026-08-29T15:42:55+08:00,奔奔E-Star,2024-08-01,636
target,奔奔E-Star,奔奔E-Star,长安欧尚,车主手册,https://www.icauto.com.cn/rank/car_1429.html,mapped,2026-08-29T15:42:55+08:00,奔奔E-Star,2024-09-01,29
target,奔奔E-Star,奔奔E-Star,长安欧尚,车主手册,https://www.icauto.com.cn/rank/car_1429.html,mapped,2026-08-29T15:42:55+08:00,奔奔E-Star,2024-10-01,16
target,奔奔E-Star,奔奔E-Star,长安欧尚,车主手册,https://www.icauto.com.cn/rank/car_1429.html,mapped,2026-08-29T15:42:55+08:00,奔奔E-Star,2024-11-01,13
target,奔奔E-Star,奔奔E-Star,长安欧尚,车主手册,https://www.icauto.com.cn/rank/car_1429.html,mapped,2026-08-29T15:42:55+08:00,奔奔E-Star,2024-12-01,4
target,奔奔E-Star,奔奔E-Star,长安欧尚,车主手册,https://www.icauto.com.cn/rank/car_1429.html,mapped,2026-08-29T15:42:55+08:00,奔奔E-Star,2023-01-01,4683
target,奔奔E-Star,奔奔E-Star,长安欧尚,车主手册,https://www.icauto.com.cn/rank/car_1429.html,mapped,2026-08-29T15:42:55+08:00,奔奔E-Star,2023-02-01,0
target,奔奔E-Star,奔奔E-Star,长安欧尚,车主手册,https://www.icauto.com.cn/rank/car_1429.html,mapped,2026-08-29T15:42:55+08:00,奔奔E-Star,2023-03-01,14
target,奔奔E-Star,奔奔E-Star,长安欧尚,车主手册,https://www.icauto.com.cn/rank/car_1429.html,mapped,2026-08-29T15:42:55+08:00,奔奔E-Star,2023-04-01,42
target,奔奔E-Star,奔奔E-Star,长安欧尚,车主手册,https://www.icauto.com.cn/rank/car_1429.html,mapped,2026-08-29T15:42:55+08:00,奔奔E-Star,2023-05-01,771
target,奔奔E-Star,奔奔E-Star,长安欧尚,车主手册,https://www.icauto.com.cn/rank/car_1429.html,mapped,2026-08-29T15:42:55+08:00,奔奔E-Star,2023-06-01,936
target,奔奔E-Star,奔奔E-Star,长安欧尚,车主手册,https://www.icauto.com.cn/rank/car_1429.html,mapped,2026-08-29T15:42:55+08:00,奔奔E-Star,2023-07-01,538
target,奔奔E-Star,奔奔E-Star,长安欧尚,车主手册,https://www.icauto.com.cn/rank/car_1429.html,mapped,2026-08-29T15:42:55+08:00,奔奔E-Star,2023-08-01,1169
target,奔奔E-Star,奔奔E-Star,长安欧尚,车主手册,https://www.icauto.com.cn/rank/car_1429.html,mapped,2026-08-29T15:42:55+08:00,奔奔E-Star,2023-09-01,1458
target,奔奔E-Star,奔奔E-Star,长安欧尚,车主手册,https://www.icauto.com.cn/rank/car_1429.html,mapped,2026-08-29T15:42:55+08:00,奔奔E-Star,2023-10-01,3342
target,奔奔E-Star,奔奔E-Star,长安欧尚,车主手册,https://www.icauto.com.cn/rank/car_1429.html,mapped,2026-08-29T15:42:55+08:00,奔奔E-Star,2023-11-01,2281
target,奔奔E-Star,奔奔E-Star,长安欧尚,车主手册,https://www.icauto.com.cn/rank/car_1429.html,mapped,2026-08-29T15:42:55+08:00,奔奔E-Star,2023-12-01,1471
target,五菱宏光,五菱宏光,五菱,车主手册,https://www.icauto.com.cn/rank/car_2868.html,mapped,2026-08-29T15:42:55+08:00,五菱宏光,2025-01-01,1
target,五菱宏光,五菱宏光,五菱,车主手册,https://www.icauto.com.cn/rank/car_2868.html,mapped,2026-08-29T15:42:55+08:00,五菱宏光,2025-02-01,0
target,五菱宏光,五菱宏光,五菱,车主手册,https://www.icauto.com.cn/rank/car_2868.html,mapped,2026-08-29T15:42:55+08:00,五菱宏光,2025-03-01,0
target,五菱宏光,五菱宏光,五菱,车主手册,https://www.icauto.com.cn/rank/car_2868.html,mapped,2026-08-29T15:42:55+08:00,五菱宏光,2025-04-01,0
target,五菱宏光,五菱宏光,五菱,车主手册,https://www.icauto.com.cn/rank/car_2868.html,mapped,2026-08-29T15:42:55+08:00,五菱宏光,2025-05-01,0
target,五菱宏光,五菱宏光,五菱,车主手册,https://www.icauto.com.cn/rank/car_2868.html,mapped,2026-08-29T15:42:55+08:00,五菱宏光,2025-06-01,0
target,五菱宏光,五菱宏光,五菱,车主手册,https://www.icauto.com.cn/rank/car_2868.html,mapped,2026-08-29T15:42:55+08:00,五菱宏光,2025-07-01,0
target,五菱宏光,五菱宏光,五菱,车主手册,https://www.icauto.com.cn/rank/car_2868.html,mapped,2026-08-29T15:42:55+08:00,五菱宏光,2025-08-01,0
target,五菱宏光,五菱宏光,五菱,车主手册,https://www.icauto.com.cn/rank/car_2868.html,mapped,2026-08-29T15:42:55+08:00,五菱宏光,2025-09-01,0
target,五菱宏光,五菱宏光,五菱,车主手册,https://www.icauto.com.cn/rank/car_2868.html,mapped,2026-08-29T15:42:55+08:00,五菱宏光,2025-10-01,0
target,五菱宏光,五菱宏光,五菱,车主手册,https://www.icauto.com.cn/rank/car_2868.html,mapped,2026-08-29T15:42:55+08:00,五菱宏光,2025-11-01,0
target,五菱宏光,五菱宏光,五菱,车主手册,https://www.icauto.com.cn/rank/car_2868.html,mapped,2026-08-29T15:42:55+08:00,五菱宏光,2025-12-01,86
target,五菱宏光,五菱宏光,五菱,车主手册,https://www.icauto.com.cn/rank/car_2868.html,mapped,2026-08-29T15:42:55+08:00,五菱宏光,2024-01-01,0
target,五菱宏光,五菱宏光,五菱,车主手册,https://www.icauto.com.cn/rank/car_2868.html,mapped,2026-08-29T15:42:55+08:00,五菱宏光,2024-02-01,0
target,五菱宏光,五菱宏光,五菱,车主手册,https://www.icauto.com.cn/rank/car_2868.html,mapped,2026-08-29T15:42:55+08:00,五菱宏光,2024-03-01,0
target,五菱宏光,五菱宏光,五菱,车主手册,https://www.icauto.com.cn/rank/car_2868.html,mapped,2026-08-29T15:42:55+08:00,五菱宏光,2024-04-01,0
target,五菱宏光,五菱宏光,五菱,车主手册,https://www.icauto.com.cn/rank/car_2868.html,mapped,2026-08-29T15:42:55+08:00,五菱宏光,2024-05-01,0
target,五菱宏光,五菱宏光,五菱,车主手册,https://www.icauto.com.cn/rank/car_2868.html,mapped,2026-08-29T15:42:55+08:00,五菱宏光,2024-06-01,0
target,五菱宏光,五菱宏光,五菱,车主手册,https://www.icauto.com.cn/rank/car_2868.html,mapped,2026-08-29T15:42:55+08:00,五菱宏光,2024-07-01,0
target,五菱宏光,五菱宏光,五菱,车主手册,https://www.icauto.com.cn/rank/car_2868.html,mapped,2026-08-29T15:42:55+08:00,五菱宏光,2024-08-01,0
target,五菱宏光,五菱宏光,五菱,车主手册,https://www.icauto.com.cn/rank/car_2868.html,mapped,2026-08-29T15:42:55+08:00,五菱宏光,2024-09-01,0
target,五菱宏光,五菱宏光,五菱,车主手册,https://www.icauto.com.cn/rank/car_2868.html,mapped,2026-08-29T15:42:55+08:00,五菱宏光,2024-10-01,0
target,五菱宏光,五菱宏光,五菱,车主手册,https://www.icauto.com.cn/rank/car_2868.html,mapped,2026-08-29T15:42:55+08:00,五菱宏光,2024-11-01,0
target,五菱宏光,五菱宏光,五菱,车主手册,https://www.icauto.com.cn/rank/car_2868.html,mapped,2026-08-29T15:42:55+08:00,五菱宏光,2024-12-01,4
target,五菱宏光,五菱宏光,五菱,车主手册,https://www.icauto.com.cn/rank/car_2868.html,mapped,2026-08-29T15:42:55+08:00,五菱宏光,2023-01-01,0
target,五菱宏光,五菱宏光,五菱,车主手册,https://www.icauto.com.cn/rank/car_2868.html,mapped,2026-08-29T15:42:55+08:00,五菱宏光,2023-02-01,0
target,五菱宏光,五菱宏光,五菱,车主手册,https://www.icauto.com.cn/rank/car_2868.html,mapped,2026-08-29T15:42:55+08:00,五菱宏光,2023-03-01,0
target,五菱宏光,五菱宏光,五菱,车主手册,https://www.icauto.com.cn/rank/car_2868.html,mapped,2026-08-29T15:42:55+08:00,五菱宏光,2023-04-01,0
target,五菱宏光,五菱宏光,五菱,车主手册,https://www.icauto.com.cn/rank/car_2868.html,mapped,2026-08-29T15:42:55+08:00,五菱宏光,2023-05-01,0
target,五菱宏光,五菱宏光,五菱,车主手册,https://www.icauto.com.cn/rank/car_2868.html,mapped,2026-08-29T15:42:55+08:00,五菱宏光,2023-06-01,0
target,五菱宏光,五菱宏光,五菱,车主手册,https://www.icauto.com.cn/rank/car_2868.html,mapped,2026-08-29T15:42:55+08:00,五菱宏光,2023-07-01,0
target,五菱宏光,五菱宏光,五菱,车主手册,https://www.icauto.com.cn/rank/car_2868.html,mapped,2026-08-29T15:42:55+08:00,五菱宏光,2023-08-01,0
target,五菱宏光,五菱宏光,五菱,车主手册,https://www.icauto.com.cn/rank/car_2868.html,mapped,2026-08-29T15:42:55+08:00,五菱宏光,2023-09-01,0
target,五菱宏光,五菱宏光,五菱,车主手册,https://www.icauto.com.cn/rank/car_2868.html,mapped,2026-08-29T15:42:55+08:00,五菱宏光,2023-10-01,0
target,五菱宏光,五菱宏光,五菱,车主手册,https://www.icauto.com.cn/rank/car_2868.html,mapped,2026-08-29T15:42:55+08:00,五菱宏光,2023-11-01,0
target,五菱宏光,五菱宏光,五菱,车主手册,https://www.icauto.com.cn/rank/car_2868.html,mapped,2026-08-29T15:42:55+08:00,五菱宏光,2023-12-01,0
