series_id,series_name,brand,category,row_months,positive_months,zero_months,zero_share,longest_positive_run,train_positive_months,test_positive_months,test_sales_sum,avg_monthly_sales_2024,config_series_name,config_match_method,flag_never_positive,flag_positive_run_lt24,flag_no_positive_before_forecast,flag_all_zero_test,flag_high_2024_then_zero_test
30604,AION RT,埃安,轿车,54,21,33,0.6111111111111112,21,15,6,24297.0,1234.0,AION RT,exact_name,False,True,False,False,False
23867,AION S,埃安,轿车,54,54,0,0.0,54,48,6,13223.0,11651.75,AION S,exact_name,False,False,False,False,False
30636,AION UT,埃安,轿车,54,17,37,0.6851851851851852,17,11,6,11775.0,0.0,AION UT,exact_name,False,True,False,False,False
28742,ARIYA艾睿雅,日产,SUV,54,37,17,0.3148148148148148,28,36,1,7.0,176.16666666666666,ARIYA 艾睿雅,unique_normalized_name,False,False,False,False,False
13018,C4世嘉,雪铁龙,轿车,54,0,54,1.0,0,0,0,0.0,0.0,,unmatched,True,True,True,True,False
9656,DS 5,DS,轿车,54,0,54,1.0,0,0,0,0.0,0.0,,unmatched,True,True,True,True,False
10199,DS 5LS,DS,轿车,54,0,54,1.0,0,0,0,0.0,0.0,,unmatched,True,True,True,True,False
10750,DS 6,DS,SUV,54,0,54,1.0,0,0,0,0.0,0.0,,unmatched,True,True,True,True,False
22407,ENCINO昂希诺,现代,SUV,54,0,54,1.0,0,0,0,0.0,0.0,,unmatched,True,True,True,True,False
30870,EO 羿欧,现代,SUV,54,9,45,0.8333333333333334,9,3,6,487.0,0.0,EO 羿欧,exact_name,False,True,False,False,False
11899,ES210,北汽新能源,轿车,54,0,54,1.0,0,0,0,0.0,0.0,,unmatched,True,True,True,True,False
27583,EVOS,福特,SUV,54,36,18,0.3333333333333333,36,36,0,0.0,74.33333333333333,EVOS,exact_name,False,False,False,True,False
11889,EV系列,北汽新能源,轿车,54,0,54,1.0,0,0,0,0.0,0.0,,unmatched,True,True,True,True,False
11763,GX3,中兴,SUV,54,0,54,1.0,0,0,0,0.0,0.0,,unmatched,True,True,True,True,False
25600,ID.4 CROZZ,大众,SUV,54,54,0,0.0,54,48,6,3405.0,3124.25,ID.4 CROZZ,exact_name,False,False,False,False,False
26993,ID.4 X,大众,SUV,54,54,0,0.0,54,48,6,562.0,2874.8333333333335,ID.4 X,exact_name,False,False,False,False,False
27362,ID.6 CROZZ,大众,SUV,54,49,5,0.09259259259259259,48,48,1,1.0,356.75,ID.6 CROZZ,exact_name,False,False,False,False,False
30835,ID.ERA 9X,大众,SUV,54,3,51,0.9444444444444444,3,0,3,10347.0,0.0,ID. ERA 9X,unique_normalized_name,False,True,True,False,False
30049,IQ傲歌,凯迪拉克,SUV,54,27,27,0.5,27,21,6,73.0,198.83333333333334,IQ傲歌,exact_name,False,False,False,False,False
28281,IQ锐歌,凯迪拉克,SUV,54,48,6,0.1111111111111111,48,42,6,757.0,91.41666666666667,IQ锐歌,exact_name,False,False,False,False,False
12011,K50,开瑞,MPV,54,0,54,1.0,0,0,0,0.0,0.0,,unmatched,True,True,True,True,False
22189,LITE,LITE,轿车,54,0,54,1.0,0,0,0,0.0,0.0,,unmatched,True,True,True,True,False
31221,MG 4X,MG名爵,SUV,54,2,52,0.9629629629629629,2,0,2,4004.0,0.0,,unmatched,False,True,True,False,False
27404,MG Cyberster,MG名爵,轿车,54,30,24,0.4444444444444444,29,24,6,33.0,47.25,,unmatched,False,False,False,False,False
30535,MG ES5,MG名爵,SUV,54,20,34,0.6296296296296297,20,14,6,439.0,124.33333333333333,,unmatched,False,True,False,False,False
28701,MG4,MG名爵,轿车,54,47,7,0.12962962962962962,47,41,6,70753.0,646.0,MG4,exact_name,False,False,False,False,False
7195,MG5,MG名爵,轿车,54,54,0,0.0,54,48,6,13612.0,3936.0833333333335,,unmatched,False,False,False,False,False
3686,MG6,MG名爵,轿车,54,54,0,0.0,54,48,6,114.0,111.0,MG6,exact_name,False,False,False,False,False
1983,MG7,MG名爵,轿车,54,39,15,0.2777777777777778,39,33,6,4445.0,2123.3333333333335,MG7,exact_name,False,False,False,False,False
27044,MG领航新能源,MG名爵,SUV,54,7,47,0.8703703703703703,5,7,0,0.0,0.0,,unmatched,False,True,False,True,False
22634,Mattu,猎豹汽车,SUV,54,0,54,1.0,0,0,0,0.0,0.0,,unmatched,True,True,True,True,False
24824,Model 3,特斯拉,轿车,54,27,27,0.5,18,27,0,0.0,4362.416666666667,Model 3,exact_name,False,True,False,True,True
26651,Model Y,特斯拉,SUV,54,26,28,0.5185185185185185,18,26,0,0.0,13892.25,Model Y,exact_name,False,True,False,True,True
10069,Ottimo致悦,菲亚特,轿车,54,0,54,1.0,0,0,0,0.0,0.0,,unmatched,True,True,True,True,False
30130,PATHFINDER探陆,日产,SUV,54,30,24,0.4444444444444444,30,24,6,1338.0,1015.5,PATHFINDER探陆,exact_name,False,False,False,False,False
29652,Polestar 4,Polestar极星,SUV,54,1,53,0.9814814814814815,1,1,0,0.0,0.0,Polestar 4,exact_name,False,True,False,True,False
27822,QQ冰淇淋,奇瑞新能源,轿车,54,54,0,0.0,54,48,6,4949.0,3360.9166666666665,QQ冰淇淋,exact_name,False,False,False,False,False
3715,RAV4荣放,丰田,SUV,54,54,0,0.0,54,48,6,68874.0,16116.833333333334,RAV4荣放,exact_name,False,False,False,False,False
22937,SITECH DEV 1,新特,SUV,54,0,54,1.0,0,0,0,0.0,0.0,,unmatched,True,True,True,True,False
24136,SWM斯威X2,SWM斯威汽车,MPV,54,10,44,0.8148148148148148,6,10,0,0.0,0.0,,unmatched,False,True,False,True,False
20582,SWM斯威X7,SWM斯威汽车,SUV,54,13,41,0.7592592592592593,6,13,0,0.0,0.0,,unmatched,False,True,False,True,False
22663,T-ROC探歌,大众,SUV,54,54,0,0.0,54,48,6,13741.0,4578.666666666667,T-ROC探歌,exact_name,False,False,False,False,False
3337,V3菱悦,东南,轿车,54,0,54,1.0,0,0,0,0.0,0.0,,unmatched,True,True,True,True,False
12764,V5 plus,东南,轿车,54,0,54,1.0,0,0,0,0.0,0.0,,unmatched,True,True,True,True,False
7542,V5菱致,东南,轿车,54,0,54,1.0,0,0,0,0.0,0.0,,unmatched,True,True,True,True,False
8129,V6菱仕,东南,轿车,54,0,54,1.0,0,0,0,0.0,0.0,,unmatched,True,True,True,True,False
21072,VELITE 5,别克,轿车,54,0,54,1.0,0,0,0,0.0,0.0,,unmatched,True,True,True,True,False
22184,WEY P8,魏牌,SUV,54,0,54,1.0,0,0,0,0.0,0.0,,unmatched,True,True,True,True,False
9509,Yeti,斯柯达,SUV,54,0,54,1.0,0,0,0,0.0,0.0,,unmatched,True,True,True,True,False
29761,e:NP2 极湃2,本田,SUV,54,25,29,0.5370370370370371,21,20,5,30.0,224.5,,unmatched,False,True,False,False,False
30207,eπ007,东风奕派,轿车,54,28,26,0.48148148148148145,28,22,6,6100.0,2224.0833333333335,eπ007,exact_name,False,False,False,False,False
26592,e爱丽舍,东风富康,轿车,54,52,2,0.037037037037037035,28,46,6,3796.0,419.9166666666667,e爱丽舍,exact_name,False,False,False,False,False
30673,firefly萤火虫,firefly萤火虫,轿车,54,15,39,0.7222222222222222,15,9,6,28951.0,0.0,firefly萤火虫,exact_name,False,True,False,False,False
29436,iCAR 03,iCAR,SUV,54,25,29,0.5370370370370371,25,25,0,0.0,3779.3333333333335,iCAR 03,exact_name,False,False,False,True,True
11920,mu-X牧游侠,五十铃,SUV,54,0,54,1.0,0,0,0,0.0,0.0,,unmatched,True,True,True,True,False
31114,smart精灵#6 EHD,smart,轿车,54,2,52,0.9629629629629629,2,0,2,331.0,0.0,,unmatched,False,True,True,False,False
14192,上汽大通MAXUS D90,大通,SUV,54,0,54,1.0,0,0,0,0.0,0.0,,unmatched,True,True,True,True,False
13500,上汽大通MAXUS EG10,大通,MPV,54,0,54,1.0,0,0,0,0.0,0.0,,unmatched,True,True,True,True,False
29236,世纪,别克,MPV,54,44,10,0.18518518518518517,44,38,6,1614.0,904.75,世纪,exact_name,False,False,False,False,False
23694,世锐PHEV,广汽集团,SUV,54,0,54,1.0,0,0,0,0.0,0.0,,unmatched,True,True,True,True,False
4018,丘比特,海马,轿车,54,0,54,1.0,0,0,0,0.0,0.0,,unmatched,True,True,True,True,False
22253,东南DX3新能源,东南,SUV,54,0,54,1.0,0,0,0,0.0,0.0,,unmatched,True,True,True,True,False
28964,东南DX8 PLUS,东南,轿车,54,3,51,0.9444444444444444,3,3,0,0.0,0.0,,unmatched,False,True,False,True,False
10821,东风A9,东风风神,轿车,54,0,54,1.0,0,0,0,0.0,0.0,,unmatched,True,True,True,True,False
30424,东风本田S7,本田,SUV,54,16,38,0.7037037037037037,16,10,6,1710.0,0.0,东风本田S7,exact_name,False,True,False,False,False
13591,东风风度MX5,东风风度,SUV,54,0,54,1.0,0,0,0,0.0,0.0,,unmatched,True,True,True,True,False
11837,东风风度MX6,东风风度,SUV,54,0,54,1.0,0,0,0,0.0,0.0,,unmatched,True,True,True,True,False
11021,东风风神A30,东风风神,轿车,54,0,54,1.0,0,0,0,0.0,0.0,,unmatched,True,True,True,True,False
12523,东风风神AX3,东风风神,SUV,54,0,54,1.0,0,0,0,0.0,0.0,,unmatched,True,True,True,True,False
21223,东风风神AX4,东风风神,SUV,54,0,54,1.0,0,0,0,0.0,0.0,,unmatched,True,True,True,True,False
14242,东风风神AX5,东风风神,SUV,54,0,54,1.0,0,0,0,0.0,0.0,,unmatched,True,True,True,True,False
11747,东风风神E30,东风风神,轿车,54,0,54,1.0,0,0,0,0.0,0.0,,unmatched,True,True,True,True,False
4445,东风风神H30,东风风神,轿车,54,0,54,1.0,0,0,0,0.0,0.0,,unmatched,True,True,True,True,False
10856,东风风神L60,东风风神,轿车,54,0,54,1.0,0,0,0,0.0,0.0,,unmatched,True,True,True,True,False
3904,东风风神S30,东风风神,轿车,54,0,54,1.0,0,0,0,0.0,0.0,,unmatched,True,True,True,True,False
8109,中兴C3,中兴,SUV,54,0,54,1.0,0,0,0,0.0,0.0,,unmatched,True,True,True,True,False
9327,中华H220,中华,轿车,54,0,54,1.0,0,0,0,0.0,0.0,,unmatched,True,True,True,True,False
8019,中华H230,中华,轿车,54,0,54,1.0,0,0,0,0.0,0.0,,unmatched,True,True,True,True,False
21332,中华H230EV,中华,轿车,54,0,54,1.0,0,0,0,0.0,0.0,,unmatched,True,True,True,True,False
13746,中华H3,中华,轿车,54,0,54,1.0,0,0,0,0.0,0.0,,unmatched,True,True,True,True,False
8470,中华H320,中华,轿车,54,0,54,1.0,0,0,0,0.0,0.0,,unmatched,True,True,True,True,False
9192,中华H330,中华,轿车,54,0,54,1.0,0,0,0,0.0,0.0,,unmatched,True,True,True,True,False
7280,中华H530,中华,轿车,54,0,54,1.0,0,0,0,0.0,0.0,,unmatched,True,True,True,True,False
11962,中华V3,中华,SUV,54,0,54,1.0,0,0,0,0.0,0.0,,unmatched,True,True,True,True,False
7659,中华V5,中华,SUV,54,0,54,1.0,0,0,0,0.0,0.0,,unmatched,True,True,True,True,False
22085,中华V6,中华,SUV,54,0,54,1.0,0,0,0,0.0,0.0,,unmatched,True,True,True,True,False
22023,中华V7,中华,SUV,54,0,54,1.0,0,0,0,0.0,0.0,,unmatched,True,True,True,True,False
29117,丰田bZ3,丰田,轿车,54,40,14,0.25925925925925924,40,34,6,6132.0,4244.25,丰田bZ3,exact_name,False,False,False,False,False
30455,丰田bZ5,丰田,SUV,54,14,40,0.7407407407407407,14,8,6,5341.0,0.0,丰田bZ5,exact_name,False,True,False,False,False
13278,乐风RV,雪佛兰,轿车,54,0,54,1.0,0,0,0,0.0,0.0,,unmatched,True,True,True,True,False
3182,乐驰,宝骏,轿车,54,0,54,1.0,0,0,0,0.0,0.0,,unmatched,True,True,True,True,False
11577,云100,众泰,轿车,54,0,54,1.0,0,0,0,0.0,0.0,,unmatched,True,True,True,True,False
25784,五菱730,五菱,MPV,54,0,54,1.0,0,0,0,0.0,0.0,,unmatched,True,True,True,True,False
28681,五菱佳辰,五菱,MPV,54,51,3,0.05555555555555555,51,45,6,1639.0,2242.9166666666665,五菱佳辰,exact_name,False,False,False,False,False
4613,五菱宏光,五菱,SUV,54,0,54,1.0,0,0,0,0.0,0.0,五菱宏光,exact_name,True,True,True,True,False
9604,五菱宏光S,五菱,MPV,54,0,54,1.0,0,0,0,0.0,0.0,五菱宏光S,exact_name,True,True,True,True,False
12995,五菱宏光S1,五菱,MPV,54,0,54,1.0,0,0,0,0.0,0.0,,unmatched,True,True,True,True,False
27762,五菱征程,五菱,MPV,54,54,0,0.0,54,48,6,519.0,1229.4166666666667,五菱征程,exact_name,False,False,False,False,False
29851,五菱星云,五菱,SUV,54,15,39,0.7222222222222222,14,15,0,0.0,239.08333333333334,五菱星云,exact_name,False,True,False,True,False
30093,五菱星光,五菱,轿车,54,32,22,0.4074074074074074,32,26,6,2257.0,6082.916666666667,五菱星光,exact_name,False,False,False,False,False
31134,五菱星光560,五菱,SUV,54,7,47,0.8703703703703703,7,1,6,18799.0,0.0,,unmatched,False,True,False,False,False
30926,五菱星光560新能源,五菱,SUV,54,7,47,0.8703703703703703,7,1,6,5084.0,0.0,,unmatched,False,True,False,False,False
30919,五菱星光730,五菱,MPV,54,9,45,0.8333333333333334,9,3,6,17619.0,0.0,,unmatched,False,True,False,False,False
30906,五菱星光730新能源,五菱,MPV,54,9,45,0.8333333333333334,9,3,6,18039.0,0.0,,unmatched,False,True,False,False,False
30489,五菱星光S,五菱,SUV,54,24,30,0.5555555555555556,24,18,6,954.0,2548.6666666666665,,unmatched,False,False,False,False,False
28864,五菱星驰,五菱,SUV,54,46,8,0.14814814814814814,46,40,6,1378.0,1974.9166666666667,五菱星驰,exact_name,False,False,False,False,False
31120,五菱缤果Pro,五菱,轿车,54,2,52,0.9629629629629629,2,0,2,27811.0,0.0,,unmatched,False,True,True,False,False
30916,五菱缤果S,五菱,轿车,54,10,44,0.8148148148148148,10,4,6,38100.0,0.0,,unmatched,False,True,False,False,False
27042,亚洲狮,丰田,轿车,54,51,3,0.05555555555555555,41,46,5,17.0,270.25,亚洲狮,exact_name,False,False,False,False,False
23627,亚洲龙,丰田,轿车,54,54,0,0.0,54,48,6,46376.0,7602.416666666667,亚洲龙,exact_name,False,False,False,False,False
23869,享域,本田,轿车,54,31,23,0.42592592592592593,23,31,0,0.0,4.083333333333333,享域,exact_name,False,True,False,True,False
30392,享界S9,鸿蒙智行,轿车,54,21,33,0.6111111111111112,21,15,6,6437.0,250.66666666666666,,unmatched,False,True,False,False,False
30923,享界S9T,鸿蒙智行,轿车,54,10,44,0.8148148148148148,10,4,6,14607.0,0.0,,unmatched,False,True,False,False,False
30352,仰望U7,仰望,轿车,54,2,52,0.9629629629629629,2,0,2,213.0,0.0,,unmatched,False,True,True,False,False
2463,伊兰特,现代,轿车,54,54,0,0.0,54,48,6,21390.0,6456.583333333333,伊兰特,exact_name,False,False,False,False,False
10921,众泰E20,众泰,轿车,54,0,54,1.0,0,0,0,0.0,0.0,,unmatched,True,True,True,True,False
12572,众泰E200,众泰,轿车,54,0,54,1.0,0,0,0,0.0,0.0,,unmatched,True,True,True,True,False
13070,众泰SR7,众泰,SUV,54,0,54,1.0,0,0,0,0.0,0.0,,unmatched,True,True,True,True,False
14029,众泰SR9,众泰,SUV,54,0,54,1.0,0,0,0,0.0,0.0,,unmatched,True,True,True,True,False
9220,众泰T200,众泰,SUV,54,0,54,1.0,0,0,0,0.0,0.0,,unmatched,True,True,True,True,False
14181,众泰T300,众泰,SUV,54,0,54,1.0,0,0,0,0.0,0.0,,unmatched,True,True,True,True,False
22764,众泰T300新能源,众泰,SUV,54,0,54,1.0,0,0,0,0.0,0.0,,unmatched,True,True,True,True,False
21593,众泰T500,众泰,SUV,54,0,54,1.0,0,0,0,0.0,0.0,,unmatched,True,True,True,True,False
4665,众泰T600,众泰,SUV,54,0,54,1.0,0,0,0,0.0,0.0,,unmatched,True,True,True,True,False
13604,众泰T700,众泰,SUV,54,0,54,1.0,0,0,0,0.0,0.0,,unmatched,True,True,True,True,False
9181,众泰Z100,众泰,轿车,54,0,54,1.0,0,0,0,0.0,0.0,,unmatched,True,True,True,True,False
21924,众泰Z300,众泰,轿车,54,0,54,1.0,0,0,0,0.0,0.0,,unmatched,True,True,True,True,False
7538,众泰Z360,众泰,轿车,54,0,54,1.0,0,0,0,0.0,0.0,,unmatched,True,True,True,True,False
21925,众泰Z500,众泰,轿车,54,0,54,1.0,0,0,0,0.0,0.0,,unmatched,True,True,True,True,False
21434,众泰Z500EV,众泰,轿车,54,0,54,1.0,0,0,0,0.0,0.0,,unmatched,True,True,True,True,False
10500,众泰Z560,众泰,轿车,54,0,54,1.0,0,0,0,0.0,0.0,,unmatched,True,True,True,True,False
12001,众泰Z700,众泰,轿车,54,0,54,1.0,0,0,0,0.0,0.0,,unmatched,True,True,True,True,False
12553,众泰大迈X5,众泰,SUV,54,0,54,1.0,0,0,0,0.0,0.0,,unmatched,True,True,True,True,False
14211,众泰大迈X7,众泰,SUV,54,0,54,1.0,0,0,0,0.0,0.0,,unmatched,True,True,True,True,False
30061,传祺E8新能源,广汽传祺,MPV,54,33,21,0.3888888888888889,32,27,6,8929.0,4096.916666666667,传祺E8新能源,exact_name,False,False,False,False,False
29571,传祺E9,广汽传祺,MPV,54,39,15,0.2777777777777778,39,33,6,350.0,1034.0833333333333,,unmatched,False,False,False,False,False
9090,传祺GA3,广汽传祺,轿车,54,0,54,1.0,0,0,0,0.0,0.0,,unmatched,True,True,True,True,False
21623,传祺GA3S PHEV,广汽传祺,轿车,54,0,54,1.0,0,0,0,0.0,0.0,,unmatched,True,True,True,True,False
11231,传祺GA3S视界,广汽传祺,轿车,54,0,54,1.0,0,0,0,0.0,0.0,,unmatched,True,True,True,True,False
14221,传祺GA4,广汽传祺,轿车,54,7,47,0.8703703703703703,3,7,0,0.0,0.0,,unmatched,False,True,False,True,False
4680,传祺GA5,广汽传祺,轿车,54,0,54,1.0,0,0,0,0.0,0.0,,unmatched,True,True,True,True,False
21446,传祺GA5新能源,广汽传祺,轿车,54,0,54,1.0,0,0,0,0.0,0.0,,unmatched,True,True,True,True,False
12513,传祺GA8,广汽传祺,轿车,54,24,30,0.5555555555555556,24,24,0,0.0,0.0,传祺GA8,exact_name,False,False,False,True,False
21255,传祺GE3,埃安,SUV,54,0,54,1.0,0,0,0,0.0,0.0,,unmatched,True,True,True,True,False
21664,传祺GS4新能源,广汽传祺,SUV,54,0,54,1.0,0,0,0,0.0,0.0,,unmatched,True,True,True,True,False
11121,传祺GS5 Super,广汽传祺,SUV,54,0,54,1.0,0,0,0,0.0,0.0,,unmatched,True,True,True,True,False
21162,传祺GS7,广汽传祺,SUV,54,0,54,1.0,0,0,0,0.0,0.0,,unmatched,True,True,True,True,False
22683,传祺M6,广汽传祺,MPV,54,54,0,0.0,54,48,6,11522.0,4177.166666666667,传祺M6,exact_name,False,False,False,False,False
4470,传祺M8,广汽传祺,MPV,54,54,0,0.0,54,48,6,29222.0,5427.166666666667,传祺M8,exact_name,False,False,False,False,False
21303,伽途im,福田,MPV,54,0,54,1.0,0,0,0,0.0,0.0,,unmatched,True,True,True,True,False
13655,伽途ix5,福田,MPV,54,0,54,1.0,0,0,0,0.0,0.0,,unmatched,True,True,True,True,False
11891,元,比亚迪,SUV,54,0,54,1.0,0,0,0,0.0,0.0,,unmatched,True,True,True,True,False
27808,元PLUS,比亚迪,SUV,54,54,0,0.0,54,48,6,25153.0,22935.25,元PLUS,exact_name,False,False,False,False,False
30301,元UP,比亚迪,SUV,54,28,26,0.48148148148148145,28,22,6,82670.0,11236.583333333334,元UP,exact_name,False,False,False,False,False
21423,元新能源,比亚迪,SUV,54,0,54,1.0,0,0,0,0.0,0.0,,unmatched,True,True,True,True,False
22816,全球鹰EX3,全球鹰,SUV,54,0,54,1.0,0,0,0,0.0,0.0,,unmatched,True,True,True,True,False
12875,全球鹰K10,全球鹰,轿车,54,0,54,1.0,0,0,0,0.0,0.0,,unmatched,True,True,True,True,False
12876,全球鹰K11,全球鹰,轿车,54,0,54,1.0,0,0,0,0.0,0.0,,unmatched,True,True,True,True,False
20522,全球鹰K12,全球鹰,轿车,54,0,54,1.0,0,0,0,0.0,0.0,,unmatched,True,True,True,True,False
20524,全球鹰K17,全球鹰,轿车,54,0,54,1.0,0,0,0,0.0,0.0,,unmatched,True,True,True,True,False
1133,兰德酷路泽,丰田,SUV,54,0,54,1.0,0,0,0,0.0,0.0,,unmatched,True,True,True,True,False
25100,冒险家新能源,林肯,SUV,54,14,40,0.7407407407407407,12,14,0,0.0,0.0,,unmatched,False,True,False,True,False
14252,冠道,本田,SUV,54,54,0,0.0,54,48,6,1932.0,1356.0,冠道,exact_name,False,False,False,False,False
26263,凌宝BOX,凌宝汽车,轿车,54,54,0,0.0,54,48,6,1534.0,700.5,凌宝BOX,exact_name,False,False,False,False,False
27023,凌尚,丰田,轿车,54,53,1,0.018518518518518517,52,48,5,59.0,386.3333333333333,凌尚,exact_name,False,False,False,False,False
27803,凌放HARRIER,丰田,SUV,54,52,2,0.037037037037037035,51,48,4,26.0,886.0,凌放HARRIER,exact_name,False,False,False,False,False
10891,凌渡,大众,轿车,54,54,0,0.0,54,48,6,11549.0,5624.083333333333,凌渡,exact_name,False,False,False,False,False
21193,凌轩,长安,MPV,54,0,54,1.0,0,0,0,0.0,0.0,,unmatched,True,True,True,True,False
27461,凡尔赛C5 X,雪铁龙,轿车,54,54,0,0.0,54,48,6,6400.0,1247.9166666666667,凡尔赛C5 X,exact_name,False,False,False,False,False
31132,凯威德,凯迪拉克,SUV,54,3,51,0.9444444444444444,3,0,3,313.0,0.0,凯威德,exact_name,False,True,True,False,False
22063,凯绅,起亚,轿车,54,0,54,1.0,0,0,0,0.0,0.0,,unmatched,True,True,True,True,False
4550,凯美瑞,丰田,轿车,54,54,0,0.0,54,48,6,85981.0,13169.833333333334,凯美瑞,exact_name,False,False,False,False,False
11372,凯翼C3,凯翼,轿车,54,0,54,1.0,0,0,0,0.0,0.0,,unmatched,True,True,True,True,False
11373,凯翼C3R,凯翼,轿车,54,0,54,1.0,0,0,0,0.0,0.0,,unmatched,True,True,True,True,False
22326,凯翼E3,凯翼,轿车,54,0,54,1.0,0,0,0,0.0,0.0,,unmatched,True,True,True,True,False
26691,凯翼E5 EV,凯翼,轿车,54,0,54,1.0,0,0,0,0.0,0.0,,unmatched,True,True,True,True,False
13614,凯翼V3,凯翼,SUV,54,0,54,1.0,0,0,0,0.0,0.0,,unmatched,True,True,True,True,False
20542,凯翼X5,凯翼,SUV,54,0,54,1.0,0,0,0,0.0,0.0,,unmatched,True,True,True,True,False
28972,凯翼拾月,凯翼,轿车,54,31,23,0.42592592592592593,31,25,6,2918.0,787.0833333333334,凯翼拾月,exact_name,False,False,False,False,False
3188,凯越,别克,轿车,54,14,40,0.7407407407407407,13,14,0,0.0,0.0,,unmatched,False,True,False,True,False
10951,凯迪拉克ATS-L,凯迪拉克,轿车,54,0,54,1.0,0,0,0,0.0,0.0,,unmatched,True,True,True,True,False
24885,凯迪拉克CT5,凯迪拉克,轿车,54,54,0,0.0,54,48,6,15366.0,4802.75,凯迪拉克CT5,exact_name,False,False,False,False,False
13635,凯迪拉克XT5,凯迪拉克,SUV,54,54,0,0.0,54,48,6,21683.0,2592.9166666666665,凯迪拉克XT5,exact_name,False,False,False,False,False
24164,凯迪拉克XT6,凯迪拉克,SUV,54,54,0,0.0,54,48,6,538.0,370.5,凯迪拉克XT6,exact_name,False,False,False,False,False
4512,凯迪拉克XTS,凯迪拉克,轿车,54,0,54,1.0,0,0,0,0.0,0.0,,unmatched,True,True,True,True,False
1583,利亚纳,铃木,轿车,54,0,54,1.0,0,0,0,0.0,0.0,,unmatched,True,True,True,True,False
10048,利亚纳A6,铃木,轿车,54,0,54,1.0,0,0,0,0.0,0.0,,unmatched,True,True,True,True,False
29443,别克E4,别克,SUV,54,36,18,0.3333333333333333,20,30,6,10.0,77.41666666666667,别克E4,exact_name,False,True,False,False,False
13838,别克GL6,别克,MPV,54,24,30,0.5555555555555556,24,24,0,0.0,0.0,别克GL6,exact_name,False,False,False,True,False
106,别克GL8,别克,MPV,54,54,0,0.0,54,48,6,19653.0,5390.666666666667,别克GL8,exact_name,False,False,False,False,False
30413,别克GL8新能源,别克,MPV,54,25,29,0.5370370370370371,25,19,6,15175.0,1921.3333333333333,别克GL8新能源,exact_name,False,False,False,False,False
3314,力帆320,力帆,轿车,54,0,54,1.0,0,0,0,0.0,0.0,,unmatched,True,True,True,True,False
9318,力帆330,力帆,轿车,54,0,54,1.0,0,0,0,0.0,0.0,,unmatched,True,True,True,True,False
1623,力帆520,力帆,轿车,54,0,54,1.0,0,0,0,0.0,0.0,,unmatched,True,True,True,True,False
3192,力帆520i,力帆,轿车,54,0,54,1.0,0,0,0,0.0,0.0,,unmatched,True,True,True,True,False
8572,力帆530,力帆,轿车,54,0,54,1.0,0,0,0,0.0,0.0,,unmatched,True,True,True,True,False
3315,力帆620,力帆,轿车,54,0,54,1.0,0,0,0,0.0,0.0,,unmatched,True,True,True,True,False
21457,力帆620新能源,力帆,轿车,54,0,54,1.0,0,0,0,0.0,0.0,,unmatched,True,True,True,True,False
9319,力帆630,力帆,轿车,54,0,54,1.0,0,0,0,0.0,0.0,,unmatched,True,True,True,True,False
21086,力帆650,力帆,轿车,54,0,54,1.0,0,0,0,0.0,0.0,,unmatched,True,True,True,True,False
22853,力帆650新能源,力帆,轿车,54,0,54,1.0,0,0,0,0.0,0.0,,unmatched,True,True,True,True,False
7291,力帆720,力帆,轿车,54,0,54,1.0,0,0,0,0.0,0.0,,unmatched,True,True,True,True,False
9887,力帆820,力帆,轿车,54,0,54,1.0,0,0,0,0.0,0.0,,unmatched,True,True,True,True,False
21657,力帆820新能源,力帆,轿车,54,0,54,1.0,0,0,0,0.0,0.0,,unmatched,True,True,True,True,False
9867,力帆X50,力帆,SUV,54,0,54,1.0,0,0,0,0.0,0.0,,unmatched,True,True,True,True,False
4526,力帆X60,力帆,SUV,54,0,54,1.0,0,0,0,0.0,0.0,,unmatched,True,True,True,True,False
12603,力帆X70,力帆,轿车,54,0,54,1.0,0,0,0,0.0,0.0,,unmatched,True,True,True,True,False
12514,力帆X80,力帆,SUV,54,0,54,1.0,0,0,0,0.0,0.0,,unmatched,True,True,True,True,False
28181,力帆枫叶80V,力帆,MPV,54,0,54,1.0,0,0,0,0.0,0.0,,unmatched,True,True,True,True,False
4573,勇士,北汽制造,SUV,54,37,17,0.3148148148148148,37,31,6,854.0,110.91666666666667,勇士,exact_name,False,False,False,False,False
12596,北京BJ20,北京越野,SUV,54,0,54,1.0,0,0,0,0.0,0.0,,unmatched,True,True,True,True,False
4685,北京BW007,北汽制造,SUV,54,0,54,1.0,0,0,0,0.0,0.0,,unmatched,True,True,True,True,False
22795,北京EU5,北京汽车,轿车,54,53,1,0.018518518518518517,50,48,5,852.0,2216.75,北京EU5,exact_name,False,False,False,False,False
24453,北京EU7,北京汽车,轿车,54,0,54,1.0,0,0,0,0.0,0.0,,unmatched,True,True,True,True,False
7169,北京汽车E系列,北京汽车,轿车,54,0,54,1.0,0,0,0,0.0,0.0,,unmatched,True,True,True,True,False
9917,北京现代ix25,现代,SUV,54,11,43,0.7962962962962963,10,11,0,0.0,0.0,,unmatched,False,True,False,True,False
4431,北京现代ix35,现代,SUV,54,54,0,0.0,54,48,6,681.0,1484.5833333333333,北京现代ix35,exact_name,False,False,False,False,False
4591,北斗星,铃木,轿车,54,0,54,1.0,0,0,0,0.0,0.0,,unmatched,True,True,True,True,False
21923,北斗星X5E,北汽昌河,轿车,54,0,54,1.0,0,0,0,0.0,0.0,,unmatched,True,True,True,True,False
20513,北汽威旺M50F,北汽威旺,MPV,54,0,54,1.0,0,0,0,0.0,0.0,,unmatched,True,True,True,True,False
22190,北汽威旺M60,北汽威旺,MPV,54,0,54,1.0,0,0,0,0.0,0.0,,unmatched,True,True,True,True,False
13757,北汽威旺S50,北汽威旺,SUV,54,0,54,1.0,0,0,0,0.0,0.0,,unmatched,True,True,True,True,False
11879,北汽幻速H2,北汽幻速,MPV,54,0,54,1.0,0,0,0,0.0,0.0,,unmatched,True,True,True,True,False
12954,北汽幻速H3,北汽幻速,MPV,54,0,54,1.0,0,0,0,0.0,0.0,,unmatched,True,True,True,True,False
21336,北汽幻速H5,北汽幻速,MPV,54,0,54,1.0,0,0,0,0.0,0.0,,unmatched,True,True,True,True,False
9857,北汽幻速S2,北汽幻速,SUV,54,0,54,1.0,0,0,0,0.0,0.0,,unmatched,True,True,True,True,False
10510,北汽幻速S3,北汽幻速,SUV,54,0,54,1.0,0,0,0,0.0,0.0,,unmatched,True,True,True,True,False
21091,北汽幻速S5,北汽幻速,SUV,54,0,54,1.0,0,0,0,0.0,0.0,,unmatched,True,True,True,True,False
12081,北汽幻速S6,北汽幻速,SUV,54,0,54,1.0,0,0,0,0.0,0.0,,unmatched,True,True,True,True,False
21986,北汽幻速S7,北汽幻速,SUV,54,0,54,1.0,0,0,0,0.0,0.0,,unmatched,True,True,True,True,False
13388,北汽新能源EU,北汽新能源,轿车,54,0,54,1.0,0,0,0,0.0,0.0,,unmatched,True,True,True,True,False
7086,华泰B11,华泰,轿车,54,0,54,1.0,0,0,0,0.0,0.0,,unmatched,True,True,True,True,False
21955,华泰EV160R,华泰新能源,轿车,54,0,54,1.0,0,0,0,0.0,0.0,,unmatched,True,True,True,True,False
14039,华泰XEV260,华泰新能源,SUV,54,0,54,1.0,0,0,0,0.0,0.0,,unmatched,True,True,True,True,False
11687,华颂7,华颂,MPV,54,0,54,1.0,0,0,0,0.0,0.0,,unmatched,True,True,True,True,False
22113,华骐300E,华骐,轿车,54,0,54,1.0,0,0,0,0.0,0.0,,unmatched,True,True,True,True,False
22825,博瑞,吉利汽车,轿车,54,12,42,0.7777777777777778,12,12,0,0.0,0.0,,unmatched,False,True,False,True,False
31178,博越REV,吉利汽车,SUV,54,4,50,0.9259259259259259,4,0,4,1042.0,0.0,博越REV,exact_name,False,True,True,False,False
21666,博骏,野马汽车,SUV,54,12,42,0.7777777777777778,12,12,0,0.0,0.0,,unmatched,False,True,False,True,False
2734,卡罗拉,丰田,轿车,54,54,0,0.0,54,48,6,31428.0,9518.0,卡罗拉,exact_name,False,False,False,False,False
13350,卡罗拉双擎E+,丰田,轿车,54,24,30,0.5555555555555556,24,24,0,0.0,0.0,卡罗拉双擎E+,exact_name,False,False,False,True,False
28123,卡罗拉锐放,丰田,SUV,54,54,0,0.0,54,48,6,67793.0,15916.0,卡罗拉锐放,exact_name,False,False,False,False,False
12512,发现神行,路虎,SUV,54,0,54,1.0,0,0,0,0.0,0.0,,unmatched,True,True,True,True,False
28425,合创A06,合创汽车,轿车,54,27,27,0.5,23,27,0,0.0,126.66666666666667,合创A06,exact_name,False,True,False,True,False
28426,合创V09,合创汽车,MPV,54,23,31,0.5740740740740741,12,23,0,0.0,62.75,,unmatched,False,True,False,True,False
4021,吉利EC8,吉利汽车,轿车,54,0,54,1.0,0,0,0,0.0,0.0,,unmatched,True,True,True,True,False
4076,吉利GX7,吉利汽车,SUV,54,0,54,1.0,0,0,0,0.0,0.0,,unmatched,True,True,True,True,False
22969,吉利ICON,吉利汽车,SUV,54,54,0,0.0,54,48,6,4363.0,1121.5,吉利ICON,exact_name,False,False,False,False,False
30536,吉利星愿,吉利银河,轿车,54,22,32,0.5925925925925926,22,16,6,194159.0,4388.25,,unmatched,False,True,False,False,False
29374,吉利熊猫,吉利银河,轿车,54,41,13,0.24074074074074073,41,35,6,19933.0,10966.583333333334,吉利熊猫,exact_name,False,False,False,False,False
3945,吉利英伦TX4,吉利汽车,轿车,54,0,54,1.0,0,0,0,0.0,0.0,,unmatched,True,True,True,True,False
9271,名爵GS 锐腾,MG名爵,SUV,54,0,54,1.0,0,0,0,0.0,0.0,,unmatched,True,True,True,True,False
11161,名爵GT 锐行,MG名爵,轿车,54,0,54,1.0,0,0,0,0.0,0.0,,unmatched,True,True,True,True,False
23173,名爵HS,MG名爵,SUV,54,12,42,0.7777777777777778,12,12,0,0.0,0.0,,unmatched,False,True,False,True,False
24794,名爵HS新能源,MG名爵,SUV,54,11,43,0.7962962962962963,7,11,0,0.0,0.0,,unmatched,False,True,False,True,False
4266,名驭,现代,轿车,54,0,54,1.0,0,0,0,0.0,0.0,,unmatched,True,True,True,True,False
3543,君威,别克,轿车,54,54,0,0.0,54,48,6,14219.0,3577.0833333333335,君威,exact_name,False,False,False,False,False
3745,君越,别克,轿车,54,54,0,0.0,54,48,6,27144.0,2298.3333333333335,君越,exact_name,False,False,False,False,False
3494,君阁,三菱,MPV,54,0,54,1.0,0,0,0,0.0,0.0,,unmatched,True,True,True,True,False
22089,君马S70,君马汽车,SUV,54,0,54,1.0,0,0,0,0.0,0.0,,unmatched,True,True,True,True,False
22676,君马SEEK 5(赛克5),君马汽车,SUV,54,0,54,1.0,0,0,0,0.0,0.0,,unmatched,True,True,True,True,False
10846,启悦,铃木,轿车,54,12,42,0.7777777777777778,12,12,0,0.0,0.0,,unmatched,False,True,False,True,False
7669,启辰D50,启辰,轿车,54,0,54,1.0,0,0,0,0.0,0.0,,unmatched,True,True,True,True,False
21914,启辰D60,启辰,轿车,54,54,0,0.0,54,48,6,688.0,943.1666666666666,启辰D60,exact_name,False,False,False,False,False
21102,启辰M50V,启辰,MPV,54,0,54,1.0,0,0,0,0.0,0.0,,unmatched,True,True,True,True,False
10871,启辰R30,启辰,轿车,54,0,54,1.0,0,0,0,0.0,0.0,,unmatched,True,True,True,True,False
8390,启辰R50,启辰,轿车,54,0,54,1.0,0,0,0,0.0,0.0,,unmatched,True,True,True,True,False
23313,启辰T60,启辰,SUV,54,27,27,0.5,25,27,0,0.0,0.25,启辰T60,exact_name,False,False,False,True,False
11677,启辰T70,启辰,SUV,54,0,54,1.0,0,0,0,0.0,0.0,,unmatched,True,True,True,True,False
24575,启辰e30,启辰,SUV,54,0,54,1.0,0,0,0,0.0,0.0,,unmatched,True,True,True,True,False
3985,和悦,江淮,轿车,54,0,54,1.0,0,0,0,0.0,0.0,,unmatched,True,True,True,True,False
3324,和悦A13,江淮,轿车,54,0,54,1.0,0,0,0,0.0,0.0,,unmatched,True,True,True,True,False
8711,和悦A30,江淮,轿车,54,0,54,1.0,0,0,0,0.0,0.0,,unmatched,True,True,True,True,False
22950,哈弗F5,哈弗,SUV,54,0,54,1.0,0,0,0,0.0,0.0,,unmatched,True,True,True,True,False
11041,哈弗H1,哈弗,SUV,54,0,54,1.0,0,0,0,0.0,0.0,,unmatched,True,True,True,True,False
9291,哈弗H2,哈弗,SUV,54,0,54,1.0,0,0,0,0.0,0.0,,unmatched,True,True,True,True,False
22363,哈弗H4,哈弗,SUV,54,0,54,1.0,0,0,0,0.0,0.0,,unmatched,True,True,True,True,False
4014,哈弗H5经典,哈弗,SUV,54,0,54,1.0,0,0,0,0.0,0.0,,unmatched,True,True,True,True,False
9292,哈弗H7,哈弗,SUV,54,0,54,1.0,0,0,0,0.0,0.0,,unmatched,True,True,True,True,False
4055,哈弗H8,哈弗,SUV,54,0,54,1.0,0,0,0,0.0,0.0,,unmatched,True,True,True,True,False
12884,哥瑞,本田,轿车,54,0,54,1.0,0,0,0,0.0,0.0,,unmatched,True,True,True,True,False
30064,哪吒AYA,哪吒汽车,SUV,54,17,37,0.6851851851851852,17,17,0,0.0,576.75,,unmatched,False,True,False,True,True
23113,哪吒N01,哪吒汽车,SUV,54,0,54,1.0,0,0,0,0.0,0.0,,unmatched,True,True,True,True,False
22976,唐,比亚迪,SUV,54,0,54,1.0,0,0,0,0.0,0.0,,unmatched,True,True,True,True,False
30724,唐L,比亚迪,SUV,54,15,39,0.7222222222222222,15,9,6,4075.0,0.0,,unmatched,False,True,False,False,False
9847,唐新能源,比亚迪,SUV,54,54,0,0.0,54,48,6,10224.0,11718.916666666666,唐新能源,exact_name,False,False,False,False,False
4559,唯雅诺,奔驰,MPV,54,0,54,1.0,0,0,0,0.0,0.0,,unmatched,True,True,True,True,False
651,嘉华,起亚,MPV,54,54,0,0.0,54,48,6,439.0,153.33333333333334,嘉华,exact_name,False,False,False,False,False
3542,嘉年华,福特,轿车,54,0,54,1.0,0,0,0,0.0,0.0,,unmatched,True,True,True,True,False
25291,嘉悦A5,江淮,轿车,54,0,54,1.0,0,0,0,0.0,0.0,,unmatched,True,True,True,True,False
26241,嘉悦X4,江淮,SUV,54,0,54,1.0,0,0,0,0.0,0.0,,unmatched,True,True,True,True,False
26212,嘉悦X7,江淮,SUV,54,0,54,1.0,0,0,0,0.0,0.0,,unmatched,True,True,True,True,False
11091,圣达菲,华泰,SUV,54,0,54,1.0,0,0,0,0.0,0.0,,unmatched,True,True,True,True,False
22411,圣达菲2,华泰新能源,轿车,54,0,54,1.0,0,0,0,0.0,0.0,,unmatched,True,True,True,True,False
28005,型格,本田,轿车,54,54,0,0.0,54,48,6,1999.0,6605.5,型格,exact_name,False,False,False,False,False
30990,埃尚,埃尚,轿车,54,4,50,0.9259259259259259,4,0,4,1488.0,0.0,埃尚,exact_name,False,True,True,False,False
30571,夏,比亚迪,MPV,54,18,36,0.6666666666666666,18,12,6,4101.0,0.0,夏,exact_name,False,True,False,False,False
5005,夏利,一汽,轿车,54,0,54,1.0,0,0,0,0.0,0.0,,unmatched,True,True,True,True,False
4275,夏利N5,一汽,轿车,54,0,54,1.0,0,0,0,0.0,0.0,,unmatched,True,True,True,True,False
7331,夏利N7,一汽,轿车,54,0,54,1.0,0,0,0,0.0,0.0,,unmatched,True,True,True,True,False
23593,大乘G70S,大乘汽车,SUV,54,0,54,1.0,0,0,0,0.0,0.0,,unmatched,True,True,True,True,False
4517,大众CC,大众,轿车,54,54,0,0.0,54,48,6,5330.0,2395.0833333333335,大众CC,exact_name,False,False,False,False,False
25599,大众ID.3,大众,轿车,54,54,0,0.0,54,48,6,3904.0,7818.0,大众ID.3,exact_name,False,False,False,False,False
30861,大唐,比亚迪,SUV,54,1,53,0.9814814814814815,1,0,1,2451.0,0.0,,unmatched,False,True,True,False,False
29642,大家7,大通,MPV,54,26,28,0.5185185185185185,26,20,6,373.0,124.16666666666667,大家7,exact_name,False,False,False,False,False
27431,大家9,大通,MPV,54,49,5,0.09259259259259259,49,43,6,651.0,217.5,大家9,exact_name,False,False,False,False,False
22923,大指挥官PHEV,Jeep,SUV,54,12,42,0.7777777777777778,12,12,0,0.0,0.0,,unmatched,False,True,False,True,False
24053,大通D60,大通,SUV,54,33,21,0.3888888888888889,30,33,0,0.0,8.083333333333334,,unmatched,False,False,False,True,False
9312,大通G10,大通,MPV,54,53,1,0.018518518518518517,28,47,6,980.0,302.8333333333333,大通G10,exact_name,False,False,False,False,False
22554,大通G50,大通,MPV,54,54,0,0.0,54,48,6,1525.0,1095.3333333333333,大通G50,exact_name,False,False,False,False,False
30791,大通G50插电混动,大通,MPV,54,16,38,0.7037037037037037,16,10,6,569.0,0.0,,unmatched,False,True,False,False,False
30056,大通G70,大通,MPV,54,26,28,0.5185185185185185,26,20,6,88.0,33.75,大通G70,exact_name,False,False,False,False,False
28271,大通G90,大通,MPV,54,48,6,0.1111111111111111,48,42,6,89.0,66.83333333333333,大通G90,exact_name,False,False,False,False,False
3195,天籁,日产,轿车,54,54,0,0.0,54,48,6,27222.0,6339.666666666667,天籁,exact_name,False,False,False,False,False
2203,天语SX4,铃木,轿车,54,0,54,1.0,0,0,0,0.0,0.0,,unmatched,True,True,True,True,False
7099,天语·尚悦,铃木,轿车,54,0,54,1.0,0,0,0,0.0,0.0,,unmatched,True,True,True,True,False
2443,奇瑞A1,奇瑞,轿车,54,0,54,1.0,0,0,0,0.0,0.0,,unmatched,True,True,True,True,False
3275,奇瑞A3,奇瑞,轿车,54,0,54,1.0,0,0,0,0.0,0.0,,unmatched,True,True,True,True,False
8580,奇瑞E3,奇瑞,轿车,54,0,54,1.0,0,0,0,0.0,0.0,,unmatched,True,True,True,True,False
7272,奇瑞E5,奇瑞,轿车,54,0,54,1.0,0,0,0,0.0,0.0,,unmatched,True,True,True,True,False
13168,奇瑞QQ3EV,奇瑞新能源,轿车,54,3,51,0.9444444444444444,3,0,3,27541.0,0.0,,unmatched,False,True,True,False,False
1903,奇瑞V5,奇瑞,MPV,54,0,54,1.0,0,0,0,0.0,0.0,,unmatched,True,True,True,True,False
11697,奇瑞eQ,奇瑞新能源,轿车,54,0,54,1.0,0,0,0,0.0,0.0,,unmatched,True,True,True,True,False
3384,奇骏,日产,SUV,54,54,0,0.0,54,48,6,14767.0,2928.8333333333335,奇骏,exact_name,False,False,False,False,False
10109,奔奔,长安,轿车,54,0,54,1.0,0,0,0,0.0,0.0,,unmatched,True,True,True,True,False
26061,奔奔E-Star,长安欧尚,轿车,54,40,14,0.25925925925925924,24,40,0,0.0,312.4166666666667,奔奔E-Star,exact_name,False,False,False,True,False
21435,奔奔EV,长安,轿车,54,0,54,1.0,0,0,0,0.0,0.0,,unmatched,True,True,True,True,False
5054,奔奔Mini,长安,轿车,54,0,54,1.0,0,0,0,0.0,0.0,,unmatched,True,True,True,True,False
4640,奔腾B30,奔腾,轿车,54,0,54,1.0,0,0,0,0.0,0.0,,unmatched,True,True,True,True,False
3624,奔腾B50,奔腾,轿车,54,0,54,1.0,0,0,0,0.0,0.0,,unmatched,True,True,True,True,False
7085,奔腾B90,奔腾,轿车,54,0,54,1.0,0,0,0,0.0,0.0,,unmatched,True,True,True,True,False
21053,奔腾X40,奔腾,SUV,54,0,54,1.0,0,0,0,0.0,0.0,,unmatched,True,True,True,True,False
23606,奔腾X40新能源,奔腾,SUV,54,0,54,1.0,0,0,0,0.0,0.0,,unmatched,True,True,True,True,False
8582,奔腾X80,奔腾,SUV,54,0,54,1.0,0,0,0,0.0,0.0,,unmatched,True,True,True,True,False
29713,奔腾小马,奔腾,轿车,54,26,28,0.5185185185185185,26,20,6,26025.0,4821.916666666667,奔腾小马,exact_name,False,False,False,False,False
22951,奔驰A级,奔驰,轿车,54,54,0,0.0,54,48,6,1298.0,2477.3333333333335,奔驰A级,exact_name,False,False,False,False,False
3178,奔驰C级,奔驰,轿车,54,54,0,0.0,54,48,6,40993.0,13308.333333333334,奔驰C级,exact_name,False,False,False,False,False
1603,奔驰E级,奔驰,轿车,54,54,0,0.0,54,48,6,61225.0,12127.916666666666,奔驰E级,exact_name,False,False,False,False,False
24905,奔驰GLB,奔驰,SUV,54,54,0,0.0,54,48,6,6084.0,4248.583333333333,奔驰GLB,exact_name,False,False,False,False,False
12975,奔驰GLC,奔驰,SUV,54,54,0,0.0,54,48,6,52537.0,12758.333333333334,奔驰GLC,exact_name,False,False,False,False,False
7651,奔驰GLK,奔驰,SUV,54,0,54,1.0,0,0,0,0.0,0.0,,unmatched,True,True,True,True,False
13360,奔驰V级,奔驰,MPV,54,54,0,0.0,54,48,6,1685.0,1010.5,奔驰V级,exact_name,False,False,False,False,False
22393,奕泽IZOA,丰田,SUV,54,45,9,0.16666666666666666,42,45,0,0.0,175.0,,unmatched,False,False,False,True,False
24417,奕炫,东风风神,轿车,54,54,0,0.0,54,48,6,5313.0,1857.0,奕炫,exact_name,False,False,False,False,False
22943,奕跑,起亚,SUV,54,54,0,0.0,54,48,6,11439.0,625.0,奕跑,exact_name,False,False,False,False,False
2975,奥丁,东风,SUV,54,0,54,1.0,0,0,0,0.0,0.0,,unmatched,True,True,True,True,False
3565,奥德赛,本田,MPV,54,54,0,0.0,54,48,6,5878.0,2665.0,奥德赛,exact_name,False,False,False,False,False
23,奥拓,铃木,轿车,54,0,54,1.0,0,0,0,0.0,0.0,,unmatched,True,True,True,True,False
8199,奥轩GX5,广汽吉奥,SUV,54,0,54,1.0,0,0,0,0.0,0.0,,unmatched,True,True,True,True,False
9550,奥迪A3,奥迪,轿车,54,54,0,0.0,54,48,6,34354.0,4563.416666666667,奥迪A3,exact_name,False,False,False,False,False
3524,奥迪A4L,奥迪,轿车,54,54,0,0.0,54,48,6,14181.0,8949.75,奥迪A4L,exact_name,False,False,False,False,False
30632,奥迪A5L,奥迪,轿车,54,11,43,0.7962962962962963,11,5,6,22183.0,0.0,奥迪A5L,exact_name,False,True,False,False,False
30599,奥迪A5L Sportback,奥迪,轿车,54,12,42,0.7777777777777778,12,6,6,8198.0,0.0,奥迪A5L Sportback,exact_name,False,True,False,False,False
4313,奥迪A6L,奥迪,轿车,54,54,0,0.0,54,48,6,59253.0,14695.583333333334,奥迪A6L,exact_name,False,False,False,False,False
21448,奥迪A6L e-tron,奥迪,轿车,54,29,25,0.46296296296296297,21,26,3,139.0,0.5833333333333334,奥迪A6L e-tron,exact_name,False,True,False,False,False
25801,奥迪A7L,奥迪,轿车,54,54,0,0.0,54,48,6,2325.0,2243.1666666666665,奥迪A7L,exact_name,False,False,False,False,False
30661,奥迪E5 Sportback,奥迪AUDI,轿车,54,11,43,0.7962962962962963,11,5,6,4923.0,0.0,奥迪E5 Sportback,exact_name,False,True,False,False,False
22543,奥迪Q2L,奥迪,SUV,54,54,0,0.0,54,48,6,2012.0,676.1666666666666,奥迪Q2L,exact_name,False,False,False,False,False
8670,奥迪Q3,奥迪,SUV,54,54,0,0.0,54,48,6,15050.0,3330.1666666666665,奥迪Q3,exact_name,False,False,False,False,False
26902,奥迪Q3 Sportback,奥迪,SUV,54,54,0,0.0,54,48,6,659.0,313.0,奥迪Q3 Sportback,exact_name,False,False,False,False,False
28384,奥迪Q4 e-tron,奥迪,SUV,54,47,7,0.12962962962962962,47,41,6,2333.0,1315.0833333333333,奥迪Q4 e-tron,exact_name,False,False,False,False,False
4457,奥迪Q5,奥迪,SUV,54,0,54,1.0,0,0,0,0.0,0.0,,unmatched,True,True,True,True,False
27551,奥迪Q5 e-tron,奥迪,SUV,54,45,9,0.16666666666666666,44,45,0,0.0,500.1666666666667,奥迪Q5 e-tron,exact_name,False,False,False,True,True
23054,奥迪Q5L,奥迪,SUV,54,54,0,0.0,54,48,6,51363.0,12268.666666666666,奥迪Q5L,exact_name,False,False,False,False,False
27003,奥迪Q5L Sportback,奥迪,SUV,54,54,0,0.0,54,48,6,1762.0,571.9166666666666,奥迪Q5L Sportback,exact_name,False,False,False,False,False
30652,奥迪Q6L Sportback e-tron,奥迪,SUV,54,11,43,0.7962962962962963,11,5,6,163.0,0.0,奥迪Q6L Sportback e-tron,exact_name,False,True,False,False,False
30431,奥迪Q6L e-tron,奥迪,SUV,54,11,43,0.7962962962962963,11,5,6,2528.0,0.0,奥迪Q6L e-tron,exact_name,False,True,False,False,False
25490,威兰达,丰田,SUV,54,54,0,0.0,54,48,6,43473.0,11503.0,威兰达,exact_name,False,False,False,False,False
2113,威志,一汽,轿车,54,0,54,1.0,0,0,0,0.0,0.0,,unmatched,True,True,True,True,False
5067,威志V2,一汽,轿车,54,0,54,1.0,0,0,0,0.0,0.0,,unmatched,True,True,True,True,False
7999,威志V5,一汽,轿车,54,0,54,1.0,0,0,0,0.0,0.0,,unmatched,True,True,True,True,False
12381,威朗,别克,轿车,54,53,1,0.018518518518518517,32,47,6,1470.0,4176.666666666667,威朗,exact_name,False,False,False,False,False
25419,威然,大众,MPV,54,54,0,0.0,54,48,6,1902.0,1222.9166666666667,威然,exact_name,False,False,False,False,False
4560,威霆,奔驰,MPV,54,54,0,0.0,54,48,6,1868.0,1226.3333333333333,威霆,exact_name,False,False,False,False,False
28006,威飒,丰田,SUV,54,52,2,0.037037037037037035,52,46,6,59.0,1395.75,威飒,exact_name,False,False,False,False,False
22483,威马EX5,威马汽车,SUV,54,12,42,0.7777777777777778,12,12,0,0.0,0.0,,unmatched,False,True,False,True,False
24725,威马W6,威马汽车,SUV,54,12,42,0.7777777777777778,12,12,0,0.0,0.0,,unmatched,False,True,False,True,False
30526,宋L DM-i,比亚迪,SUV,54,24,30,0.5555555555555556,24,18,6,27232.0,9099.5,,unmatched,False,False,False,False,False
29661,宋L EV,比亚迪,SUV,54,31,23,0.42592592592592593,31,25,6,1100.0,3890.25,宋L EV,exact_name,False,False,False,False,False
21633,宋MAX,比亚迪,MPV,54,0,54,1.0,0,0,0,0.0,0.0,,unmatched,True,True,True,True,False
26406,宋PLUS新能源,比亚迪,SUV,54,54,0,0.0,54,48,6,1498.0,34872.833333333336,宋PLUS新能源,exact_name,False,False,False,False,False
24638,宋Pro新能源,比亚迪,SUV,54,43,11,0.2037037037037037,43,37,6,76298.0,20133.166666666668,宋Pro新能源,exact_name,False,False,False,False,False
31161,宋Ultra,比亚迪,SUV,54,4,50,0.9259259259259259,4,0,4,28538.0,0.0,,unmatched,False,True,True,False,False
21533,宋新能源,比亚迪,SUV,54,0,54,1.0,0,0,0,0.0,0.0,,unmatched,True,True,True,True,False
26211,宏光MINIEV,五菱,轿车,54,54,0,0.0,54,48,6,72799.0,21761.75,宏光MINIEV,exact_name,False,False,False,False,False
4684,宝利格,华泰,SUV,54,0,54,1.0,0,0,0,0.0,0.0,,unmatched,True,True,True,True,False
3286,宝来,大众,轿车,54,54,0,0.0,54,48,6,26557.0,7912.166666666667,宝来,exact_name,False,False,False,False,False
23064,宝沃BX3,宝沃,SUV,54,0,54,1.0,0,0,0,0.0,0.0,,unmatched,True,True,True,True,False
13928,宝沃BX5,宝沃,SUV,54,0,54,1.0,0,0,0,0.0,0.0,,unmatched,True,True,True,True,False
13929,宝沃BX6,宝沃,SUV,54,0,54,1.0,0,0,0,0.0,0.0,,unmatched,True,True,True,True,False
13138,宝沃BX7,宝沃,SUV,54,0,54,1.0,0,0,0,0.0,0.0,,unmatched,True,True,True,True,False
20583,宝马1系,宝马,轿车,54,53,1,0.018518518518518517,36,47,6,17.0,37.5,宝马1系,exact_name,False,False,False,False,False
30547,宝马2系,宝马,轿车,54,18,36,0.6666666666666666,18,12,6,2510.0,0.0,宝马2系,exact_name,False,True,False,False,False
424,宝马3系,宝马,轿车,54,54,0,0.0,54,48,6,65448.0,12025.166666666666,宝马3系,exact_name,False,False,False,False,False
441,宝马5系,宝马,轿车,54,54,0,0.0,54,48,6,48041.0,7402.416666666667,宝马5系,exact_name,False,False,False,False,False
7209,宝马X1,宝马,SUV,54,54,0,0.0,54,48,6,21969.0,6809.083333333333,宝马X1,exact_name,False,False,False,False,False
24785,宝马X2,宝马,SUV,54,53,1,0.018518518518518517,49,48,5,24.0,138.66666666666666,宝马X2,exact_name,False,False,False,False,False
11244,宝马X3,宝马,SUV,54,54,0,0.0,54,48,6,39920.0,9190.0,宝马X3,exact_name,False,False,False,False,False
28452,宝马X5,宝马,SUV,54,51,3,0.05555555555555555,51,45,6,30133.0,7347.416666666667,宝马X5,exact_name,False,False,False,False,False
28462,宝马i3,宝马,轿车,54,49,5,0.09259259259259259,49,43,6,6345.0,3986.0833333333335,宝马i3,exact_name,False,False,False,False,False
30081,宝马i5,宝马,轿车,54,30,24,0.4444444444444444,30,24,6,1742.0,528.8333333333334,宝马i5,exact_name,False,False,False,False,False
29701,宝马iX1,宝马,SUV,54,33,21,0.3888888888888889,33,27,6,4638.0,987.4166666666666,宝马iX1,exact_name,False,False,False,False,False
26403,宝马iX3,宝马,SUV,54,54,0,0.0,54,48,6,167.0,2345.4166666666665,宝马iX3,exact_name,False,False,False,False,False
22283,宝骏530,宝骏,SUV,54,10,44,0.8148148148148148,5,10,0,0.0,0.0,,unmatched,False,True,False,True,False
12002,宝骏560,宝骏,SUV,54,0,54,1.0,0,0,0,0.0,0.0,,unmatched,True,True,True,True,False
13625,宝骏E100,宝骏,轿车,54,0,54,1.0,0,0,0,0.0,0.0,,unmatched,True,True,True,True,False
25833,宝骏E300,宝骏,轿车,54,0,54,1.0,0,0,0,0.0,0.0,,unmatched,True,True,True,True,False
27591,宝骏KiWi EV,宝骏,轿车,54,52,2,0.037037037037037035,50,48,4,72.0,280.1666666666667,宝骏KiWi EV,exact_name,False,False,False,False,False
24895,宝骏RC-6,宝骏,轿车,54,8,46,0.8518518518518519,8,8,0,0.0,0.0,,unmatched,False,True,False,True,False
23534,宝骏RS-5,宝骏,SUV,54,9,45,0.8333333333333334,7,9,0,0.0,0.0,,unmatched,False,True,False,True,False
25691,宝骏RS-7,宝骏,SUV,54,0,54,1.0,0,0,0,0.0,0.0,,unmatched,True,True,True,True,False
30548,宝骏享境,宝骏,轿车,54,15,39,0.7222222222222222,15,9,6,1412.0,0.0,,unmatched,False,True,False,False,False
23803,富康ES500,东风富康,轿车,54,4,50,0.9259259259259259,2,4,0,0.0,0.0,,unmatched,False,True,False,True,False
30647,尊界S800,鸿蒙智行,轿车,54,2,52,0.9629629629629629,2,0,2,1531.0,0.0,,unmatched,False,True,True,False,False
865,尊驰,中华,轿车,54,0,54,1.0,0,0,0,0.0,0.0,,unmatched,True,True,True,True,False
29425,小米SU7,小米汽车,轿车,54,27,27,0.5,27,21,6,80496.0,11623.916666666666,小米SU7,exact_name,False,False,False,False,False
27422,小虎FEV,小虎,轿车,54,30,24,0.4444444444444444,14,30,0,0.0,41.083333333333336,小虎FEV,exact_name,False,True,False,True,False
22263,小鹏G3,小鹏,SUV,54,35,19,0.35185185185185186,22,35,0,0.0,30.0,小鹏G3,exact_name,False,True,False,True,False
30174,小鹏MONA M03,小鹏,轿车,54,23,31,0.5740740740740741,23,17,6,62312.0,4048.3333333333335,小鹏MONA M03,exact_name,False,True,False,False,False
27442,小鹏P5,小鹏,轿车,54,36,18,0.3333333333333333,36,36,0,0.0,394.1666666666667,小鹏P5,exact_name,False,False,False,True,False
24513,小鹏P7,小鹏,轿车,54,54,0,0.0,54,48,6,8790.0,1257.4166666666667,小鹏P7,exact_name,False,False,False,False,False
30372,小鹏P7+,小鹏,轿车,54,21,33,0.6111111111111112,21,15,6,20696.0,1458.8333333333333,小鹏P7+,exact_name,False,True,False,False,False
29369,小鹏X9,小鹏,MPV,54,30,24,0.4444444444444444,30,24,6,13324.0,1800.6666666666667,小鹏X9,exact_name,False,False,False,False,False
31153,尚界Z7,鸿蒙智行,轿车,54,3,51,0.9444444444444444,3,0,3,7624.0,0.0,,unmatched,False,True,True,False,False
31193,尚界Z7T,鸿蒙智行,轿车,54,3,51,0.9444444444444444,3,0,3,5264.0,0.0,,unmatched,False,True,True,False,False
23823,尼欧Ⅱ,长安欧尚,轿车,54,0,54,1.0,0,0,0,0.0,0.0,,unmatched,True,True,True,True,False
28371,岚图梦想家,岚图汽车,MPV,54,52,2,0.037037037037037035,52,46,6,31940.0,4593.083333333333,岚图梦想家,exact_name,False,False,False,False,False
31015,岚图追光L,岚图汽车,轿车,54,4,50,0.9259259259259259,4,0,4,672.0,0.0,岚图追光L,exact_name,False,True,True,False,False
4315,帅客,东风,MPV,54,0,54,1.0,0,0,0,0.0,0.0,,unmatched,True,True,True,True,False
2253,帕杰罗,三菱,SUV,54,0,54,1.0,0,0,0,0.0,0.0,,unmatched,True,True,True,True,False
8981,帕杰罗劲畅,三菱,SUV,54,0,54,1.0,0,0,0,0.0,0.0,,unmatched,True,True,True,True,False
99,帕萨特,大众,轿车,54,54,0,0.0,54,48,6,80040.0,20500.583333333332,帕萨特,exact_name,False,False,False,False,False
23463,帕萨特新能源,大众,轿车,54,54,0,0.0,54,48,6,3500.0,508.0,帕萨特新能源,exact_name,False,False,False,False,False
13867,帝豪GL,吉利汽车,轿车,54,0,54,1.0,0,0,0,0.0,0.0,,unmatched,True,True,True,True,False
22633,帝豪GL新能源,吉利汽车,轿车,54,0,54,1.0,0,0,0,0.0,0.0,,unmatched,True,True,True,True,False
10822,帝豪GS,吉利汽车,SUV,54,0,54,1.0,0,0,0,0.0,0.0,,unmatched,True,True,True,True,False
22424,帝豪GSe,吉利汽车,SUV,54,0,54,1.0,0,0,0,0.0,0.0,,unmatched,True,True,True,True,False
22675,广汽丰田ix4,广汽集团,SUV,54,0,54,1.0,0,0,0,0.0,0.0,,unmatched,True,True,True,True,False
30423,广汽本田P7,本田,SUV,54,16,38,0.7037037037037037,16,10,6,1162.0,0.0,广汽本田P7,exact_name,False,True,False,False,False
27451,库斯途,现代,MPV,54,54,0,0.0,54,48,6,8301.0,864.9166666666666,库斯途,exact_name,False,False,False,False,False
27011,影豹,广汽传祺,轿车,54,54,0,0.0,54,48,6,4139.0,1638.3333333333333,影豹,exact_name,False,False,False,False,False
22293,御捷E行,御捷,轿车,54,0,54,1.0,0,0,0,0.0,0.0,,unmatched,True,True,True,True,False
2974,御轩,东风,MPV,54,0,54,1.0,0,0,0,0.0,0.0,,unmatched,True,True,True,True,False
22833,微蓝6,别克,轿车,54,54,0,0.0,54,48,6,854.0,4073.1666666666665,微蓝6,exact_name,False,False,False,False,False
1726,思域,本田,轿车,54,54,0,0.0,54,48,6,11966.0,8836.5,思域,exact_name,False,False,False,False,False
22959,思皓E20X,思皓,SUV,54,0,54,1.0,0,0,0,0.0,0.0,,unmatched,True,True,True,True,False
27085,思皓X4,思皓,SUV,54,0,54,1.0,0,0,0,0.0,0.0,,unmatched,True,True,True,True,False
27084,思皓X7,思皓,SUV,54,0,54,1.0,0,0,0,0.0,0.0,,unmatched,True,True,True,True,False
28725,思皓爱跑,思皓,轿车,54,18,36,0.6666666666666666,18,18,0,0.0,0.0,,unmatched,False,True,False,True,False
4132,思铂睿,本田,轿车,54,0,54,1.0,0,0,0,0.0,0.0,,unmatched,True,True,True,True,False
8001,思铭,思铭,轿车,54,0,54,1.0,0,0,0,0.0,0.0,,unmatched,True,True,True,True,False
8550,思锐,比亚迪,轿车,54,0,54,1.0,0,0,0,0.0,0.0,,unmatched,True,True,True,True,False
3986,悦悦,江淮,轿车,54,0,54,1.0,0,0,0,0.0,0.0,,unmatched,True,True,True,True,False
30627,悦意03,奔腾,SUV,54,16,38,0.7037037037037037,16,10,6,10934.0,0.0,悦意03,exact_name,False,True,False,False,False
30706,悦意07,奔腾,SUV,54,14,40,0.7407407407407407,14,8,6,992.0,0.0,悦意07,exact_name,False,True,False,False,False
30840,悦意08,奔腾,轿车,54,1,53,0.9814814814814815,1,0,1,515.0,0.0,,unmatched,False,True,True,False,False
20912,悦纳RV,现代,轿车,54,0,54,1.0,0,0,0,0.0,0.0,,unmatched,True,True,True,True,False
7742,悦翔V3,长安,轿车,54,0,54,1.0,0,0,0,0.0,0.0,,unmatched,True,True,True,True,False
10640,悦翔V7,长安,轿车,54,0,54,1.0,0,0,0,0.0,0.0,,unmatched,True,True,True,True,False
2173,戈蓝,三菱,轿车,54,0,54,1.0,0,0,0,0.0,0.0,,unmatched,True,True,True,True,False
27552,护卫舰07,比亚迪,SUV,54,41,13,0.24074074074074073,38,37,4,6.0,950.0,护卫舰07,exact_name,False,False,False,False,False
22065,捷豹XEL,捷豹,轿车,54,54,0,0.0,54,48,6,27.0,700.0,捷豹XEL,exact_name,False,False,False,False,False
14113,捷豹XFL,捷豹,轿车,54,54,0,0.0,54,48,6,1903.0,757.0833333333334,捷豹XFL,exact_name,False,False,False,False,False
89,捷达,大众,轿车,54,0,54,1.0,0,0,0,0.0,0.0,,unmatched,True,True,True,True,False
24304,捷达VA3,捷达,轿车,54,54,0,0.0,54,48,6,13999.0,3126.6666666666665,捷达VA3,exact_name,False,False,False,False,False
30642,捷达VA7,捷达,轿车,54,19,35,0.6481481481481481,19,13,6,637.0,0.16666666666666666,捷达VA7,exact_name,False,True,False,False,False
24613,捷途X95,捷途,SUV,54,0,54,1.0,0,0,0,0.0,0.0,,unmatched,True,True,True,True,False
30133,捷途山海L9,捷途,SUV,54,26,28,0.5185185185185185,26,26,0,0.0,1074.25,,unmatched,False,False,False,True,True
22813,探岳,大众,SUV,54,54,0,0.0,54,48,6,73469.0,13681.416666666666,探岳,exact_name,False,False,False,False,False
24604,探岳X,大众,SUV,54,54,0,0.0,54,48,6,1311.0,493.9166666666667,探岳X,exact_name,False,False,False,False,False
21013,探界者,雪佛兰,SUV,54,52,2,0.037037037037037035,48,48,4,22.0,236.83333333333334,探界者,exact_name,False,False,False,False,False
25901,探险者,福特,SUV,54,54,0,0.0,54,48,6,4284.0,1616.6666666666667,探险者,exact_name,False,False,False,False,False
24603,揽境,大众,SUV,54,54,0,0.0,54,48,6,3108.0,1630.8333333333333,揽境,exact_name,False,False,False,False,False
28793,揽巡,大众,SUV,54,45,9,0.16666666666666666,45,39,6,9626.0,2863.1666666666665,揽巡,exact_name,False,False,False,False,False
27201,摩卡,魏牌,SUV,54,12,42,0.7777777777777778,12,12,0,0.0,0.0,摩卡,exact_name,False,True,False,True,False
12904,斯派卡,野马汽车,MPV,54,12,42,0.7777777777777778,12,12,0,0.0,0.0,,unmatched,False,True,False,True,False
25542,斯派卡新能源,野马汽车,MPV,54,12,42,0.7777777777777778,12,12,0,0.0,0.0,,unmatched,False,True,False,True,False
11262,新帝豪,吉利汽车,轿车,54,54,0,0.0,54,48,6,56536.0,9649.916666666666,新帝豪,exact_name,False,False,False,False,False
1893,新金刚,吉利汽车,轿车,54,0,54,1.0,0,0,0,0.0,0.0,,unmatched,True,True,True,True,False
4705,旗云2,奇瑞,轿车,54,0,54,1.0,0,0,0,0.0,0.0,,unmatched,True,True,True,True,False
4704,旗云3,奇瑞,轿车,54,0,54,1.0,0,0,0,0.0,0.0,,unmatched,True,True,True,True,False
28726,无界PRO,奇瑞新能源,轿车,54,14,40,0.7407407407407407,14,14,0,0.0,0.0,,unmatched,False,True,False,True,False
30862,日产N6,日产,轿车,54,8,46,0.8518518518518519,8,2,6,13933.0,0.0,日产N6,exact_name,False,True,False,False,False
30655,日产N7,日产,轿车,54,15,39,0.7222222222222222,15,9,6,7446.0,0.0,日产N7,exact_name,False,True,False,False,False
4067,日产NV200,日产,MPV,54,0,54,1.0,0,0,0,0.0,0.0,,unmatched,True,True,True,True,False
31118,日产NX8,日产,SUV,54,4,50,0.9259259259259259,4,0,4,12211.0,0.0,日产NX8,exact_name,False,True,True,False,False
11081,昂科威,别克,SUV,54,54,0,0.0,54,48,6,51096.0,6069.916666666667,昂科威,exact_name,False,False,False,False,False
30957,昊铂A800,昊铂,轿车,54,9,45,0.8333333333333334,9,3,6,245.0,0.0,,unmatched,False,True,False,False,False
29362,昊铂GT,昊铂,轿车,54,37,17,0.3148148148148148,37,31,6,130.0,557.4166666666666,昊铂GT,exact_name,False,False,False,False,False
20865,昌河M70,北汽昌河,MPV,54,0,54,1.0,0,0,0,0.0,0.0,,unmatched,True,True,True,True,False
13386,昌河Q25,北汽昌河,SUV,54,0,54,1.0,0,0,0,0.0,0.0,,unmatched,True,True,True,True,False
22374,昌河Q7,北汽昌河,SUV,54,0,54,1.0,0,0,0,0.0,0.0,,unmatched,True,True,True,True,False
22865,易至EX5,江铃集团新能源,SUV,54,0,54,1.0,0,0,0,0.0,0.0,,unmatched,True,True,True,True,False
9605,星朗,广汽吉奥,MPV,54,0,54,1.0,0,0,0,0.0,0.0,,unmatched,True,True,True,True,False
30393,星海S7,东风风行,轿车,54,22,32,0.5925925925925926,22,16,6,4798.0,737.9166666666666,星海S7,exact_name,False,True,False,False,False
31151,星海T5,东风风行,SUV,54,7,47,0.8703703703703703,7,1,6,5567.0,0.0,星海T5,exact_name,False,True,False,False,False
29351,星海V9,东风风行,MPV,54,25,29,0.5370370370370371,25,19,6,2482.0,405.25,星海V9,exact_name,False,False,False,False,False
30999,星海X5,东风风行,SUV,54,3,51,0.9444444444444444,3,3,0,0.0,0.0,,unmatched,False,True,False,True,False
24636,星瑞,吉利汽车,轿车,54,54,0,0.0,54,48,6,65657.0,12898.583333333334,星瑞,exact_name,False,False,False,False,False
30198,星瑞L,吉利汽车,轿车,54,30,24,0.4444444444444444,26,25,5,2324.0,394.75,星瑞L,exact_name,False,False,False,False,False
23836,星越,吉利汽车,SUV,54,0,54,1.0,0,0,0,0.0,0.0,,unmatched,True,True,True,True,False
27132,星越L,吉利汽车,SUV,54,54,0,0.0,54,48,6,77254.0,18324.333333333332,星越L,exact_name,False,False,False,False,False
30206,星越L 智擎,吉利汽车,SUV,54,17,37,0.6851851851851852,15,12,5,5010.0,0.0,星越L 智擎,exact_name,False,True,False,False,False
29521,星途ES,星途,轿车,54,31,23,0.42592592592592593,31,25,6,814.0,351.6666666666667,星途ES,exact_name,False,False,False,False,False
8710,晨风,启辰,轿车,54,0,54,1.0,0,0,0,0.0,0.0,,unmatched,True,True,True,True,False
1654,普力马,海马,MPV,54,0,54,1.0,0,0,0,0.0,0.0,,unmatched,True,True,True,True,False
411,普拉多,丰田,SUV,54,24,30,0.5555555555555556,24,18,6,8688.0,823.4166666666666,普拉多,exact_name,False,False,False,False,False
1564,普锐斯,丰田,轿车,54,0,54,1.0,0,0,0,0.0,0.0,,unmatched,True,True,True,True,False
4350,景程,雪佛兰,轿车,54,0,54,1.0,0,0,0,0.0,0.0,,unmatched,True,True,True,True,False
3044,景逸,东风风行,轿车,54,0,54,1.0,0,0,0,0.0,0.0,,unmatched,True,True,True,True,False
7682,景逸SUV,东风风行,SUV,54,0,54,1.0,0,0,0,0.0,0.0,,unmatched,True,True,True,True,False
9590,景逸X5,东风风行,SUV,54,0,54,1.0,0,0,0,0.0,0.0,,unmatched,True,True,True,True,False
3474,晶锐,斯柯达,轿车,54,0,54,1.0,0,0,0,0.0,0.0,,unmatched,True,True,True,True,False
30356,智己L6,智己汽车,轿车,54,27,27,0.5,27,21,6,5681.0,1975.4166666666667,智己L6,exact_name,False,False,False,False,False
27191,智己L7,智己汽车,轿车,54,49,5,0.09259259259259259,49,43,6,67.0,74.08333333333333,智己L7,exact_name,False,False,False,False,False
30083,智界S7,鸿蒙智行,轿车,54,32,22,0.4074074074074074,32,26,6,2973.0,2580.5833333333335,,unmatched,False,False,False,False,False
31096,智界V9,鸿蒙智行,MPV,54,2,52,0.9629629629629629,2,0,2,4367.0,0.0,,unmatched,False,True,True,False,False
4553,智跑,起亚,SUV,54,54,0,0.0,54,48,6,223.0,284.3333333333333,智跑,exact_name,False,False,False,False,False
29541,曹操60,曹操汽车,轿车,54,36,18,0.3333333333333333,32,32,4,508.0,1165.9166666666667,曹操60,exact_name,False,False,False,False,False
8049,朗动,现代,轿车,54,0,54,1.0,0,0,0,0.0,0.0,,unmatched,True,True,True,True,False
3225,朗逸,大众,轿车,54,54,0,0.0,54,48,6,100465.0,26911.083333333332,朗逸,exact_name,False,False,False,False,False
9191,朗逸两厢,大众,轿车,54,0,54,1.0,0,0,0,0.0,0.0,,unmatched,True,True,True,True,False
23325,朗逸纯电,大众,轿车,54,0,54,1.0,0,0,0,0.0,0.0,,unmatched,True,True,True,True,False
631,本田CR-V,本田,SUV,54,54,0,0.0,54,48,6,69089.0,15181.916666666666,本田CR-V,exact_name,False,False,False,False,False
28953,本田HR-V,本田,SUV,54,39,15,0.2777777777777778,39,33,6,12155.0,2264.0,本田HR-V,exact_name,False,False,False,False,False
20934,本田UR-V,本田,SUV,54,54,0,0.0,54,48,6,990.0,802.75,本田UR-V,exact_name,False,False,False,False,False
11382,本田XR-V,本田,SUV,54,54,0,0.0,54,48,6,1813.0,1651.9166666666667,本田XR-V,exact_name,False,False,False,False,False
29771,本田e:NS2猎光,本田,SUV,54,24,30,0.5555555555555556,24,18,6,323.0,36.666666666666664,,unmatched,False,False,False,False,False
9322,杰德,本田,轿车,54,0,54,1.0,0,0,0,0.0,0.0,,unmatched,True,True,True,True,False
27421,极氪001,极氪,轿车,54,54,0,0.0,54,48,6,15002.0,8332.0,极氪001,exact_name,False,False,False,False,False
30726,极氪007 GT,极氪,轿车,54,1,53,0.9814814814814815,1,0,1,7837.0,0.0,,unmatched,False,True,True,False,False
28991,极氪009,极氪,MPV,54,41,13,0.24074074074074073,41,35,6,7086.0,1885.9166666666667,极氪009,exact_name,False,False,False,False,False
30341,极氪MIX,极氪,SUV,54,22,32,0.5925925925925926,22,16,6,19.0,136.08333333333334,,unmatched,False,True,False,False,False
30094,极狐 阿尔法S5,ARCFOX极狐,轿车,54,30,24,0.4444444444444444,30,24,6,21457.0,1809.3333333333333,极狐 阿尔法S5,exact_name,False,False,False,False,False
29431,极狐考拉,ARCFOX极狐,MPV,54,35,19,0.35185185185185186,35,29,6,764.0,1607.4166666666667,极狐考拉,exact_name,False,False,False,False,False
30917,极狐贝塔S3,ARCFOX极狐,轿车,54,2,52,0.9629629629629629,2,0,2,15282.0,0.0,极狐 贝塔S3,unique_normalized_name,False,True,True,False,False
30841,极狐贝塔T1,ARCFOX极狐,轿车,54,10,44,0.8148148148148148,10,4,6,34344.0,0.0,极狐 贝塔T1,unique_normalized_name,False,True,False,False,False
31087,极狐问道V9,ARCFOX极狐,MPV,54,3,51,0.9444444444444444,3,0,3,2097.0,0.0,极狐 问道V9,unique_normalized_name,False,True,True,False,False
28842,极越01,极越,SUV,54,13,41,0.7592592592592593,13,13,0,0.0,795.6666666666666,,unmatched,False,True,False,True,True
29412,极越07,极越,轿车,54,4,50,0.9259259259259259,4,4,0,0.0,334.4166666666667,,unmatched,False,True,False,True,False
28261,林肯Z,林肯,轿车,54,50,4,0.07407407407407407,50,44,6,5483.0,1033.3333333333333,林肯Z,exact_name,False,False,False,False,False
2514,林荫大道,别克,轿车,54,0,54,1.0,0,0,0,0.0,0.0,,unmatched,True,True,True,True,False
26201,枫叶30x,睿蓝汽车,SUV,54,0,54,1.0,0,0,0,0.0,0.0,,unmatched,True,True,True,True,False
28601,枫叶60s,睿蓝汽车,轿车,54,48,6,0.1111111111111111,23,43,5,1370.0,431.8333333333333,枫叶60s,exact_name,False,True,False,False,False
319,标致307,标致,轿车,54,0,54,1.0,0,0,0,0.0,0.0,,unmatched,True,True,True,True,False
11748,标致308S,标致,轿车,54,0,54,1.0,0,0,0,0.0,0.0,,unmatched,True,True,True,True,False
20545,标致4008,标致,SUV,54,52,2,0.037037037037037035,27,47,5,258.0,291.75,标致4008,exact_name,False,False,False,False,False
4447,标致408,标致,轿车,54,53,1,0.018518518518518517,28,47,6,4459.0,1168.5,标致408,exact_name,False,False,False,False,False
28881,标致408X,标致,轿车,54,39,15,0.2777777777777778,26,33,6,165.0,280.0833333333333,标致408X,exact_name,False,False,False,False,False
21224,标致5008,标致,SUV,54,54,0,0.0,54,48,6,814.0,166.0,标致5008,exact_name,False,False,False,False,False
4715,标致508,标致,轿车,54,54,0,0.0,54,48,6,719.0,212.58333333333334,标致508,exact_name,False,False,False,False,False
28711,格瑞维亚,丰田,MPV,54,43,11,0.2037037037037037,43,37,6,18067.0,6557.25,格瑞维亚,exact_name,False,False,False,False,False
100,桑塔纳,大众,轿车,54,23,31,0.5740740740740741,21,23,0,0.0,0.0,,unmatched,False,True,False,True,False
12583,桑塔纳·浩纳,大众,轿车,54,0,54,1.0,0,0,0,0.0,0.0,,unmatched,True,True,True,True,False
5064,森雅M80,一汽,MPV,54,0,54,1.0,0,0,0,0.0,0.0,,unmatched,True,True,True,True,False
22828,森雅R9,一汽,SUV,54,0,54,1.0,0,0,0,0.0,0.0,,unmatched,True,True,True,True,False
7229,欧力威,长安欧尚,轿车,54,0,54,1.0,0,0,0,0.0,0.0,,unmatched,True,True,True,True,False
21933,欧力威EV,长安欧尚,轿车,54,0,54,1.0,0,0,0,0.0,0.0,,unmatched,True,True,True,True,False
24334,欧尚长行,长安凯程,MPV,54,0,54,1.0,0,0,0,0.0,0.0,,unmatched,True,True,True,True,False
22991,欧拉iQ,欧拉,轿车,54,0,54,1.0,0,0,0,0.0,0.0,,unmatched,True,True,True,True,False
26572,欧拉好猫,欧拉,轿车,54,54,0,0.0,54,48,6,4757.0,3773.0833333333335,欧拉好猫,exact_name,False,False,False,False,False
27476,欧拉闪电猫,欧拉,轿车,54,38,16,0.2962962962962963,38,38,0,0.0,206.58333333333334,欧拉闪电猫,exact_name,False,False,False,True,False
7819,欧朗,欧朗,轿车,54,0,54,1.0,0,0,0,0.0,0.0,,unmatched,True,True,True,True,False
7739,欧诺S,长安凯程,MPV,54,54,0,0.0,54,48,6,3138.0,1141.5,欧诺S,exact_name,False,False,False,False,False
4491,歌诗图,本田,轿车,54,0,54,1.0,0,0,0,0.0,0.0,,unmatched,True,True,True,True,False
3264,比亚迪F0,比亚迪,轿车,54,0,54,1.0,0,0,0,0.0,0.0,,unmatched,True,True,True,True,False
3976,比亚迪G3,比亚迪,轿车,54,0,54,1.0,0,0,0,0.0,0.0,,unmatched,True,True,True,True,False
10370,比亚迪G5,比亚迪,轿车,54,0,54,1.0,0,0,0,0.0,0.0,,unmatched,True,True,True,True,False
4718,比亚迪G6,比亚迪,轿车,54,0,54,1.0,0,0,0,0.0,0.0,,unmatched,True,True,True,True,False
4514,比亚迪L3,比亚迪,轿车,54,0,54,1.0,0,0,0,0.0,0.0,,unmatched,True,True,True,True,False
3629,比亚迪M6,比亚迪,MPV,54,0,54,1.0,0,0,0,0.0,0.0,,unmatched,True,True,True,True,False
30914,比亚迪M9,比亚迪,MPV,54,10,44,0.8148148148148148,10,4,6,51.0,0.0,比亚迪M9,exact_name,False,True,False,False,False
23984,比亚迪S2,比亚迪,SUV,54,0,54,1.0,0,0,0,0.0,0.0,,unmatched,True,True,True,True,False
4005,比亚迪S6,比亚迪,SUV,54,0,54,1.0,0,0,0,0.0,0.0,,unmatched,True,True,True,True,False
9251,比亚迪S7,比亚迪,SUV,54,0,54,1.0,0,0,0,0.0,0.0,,unmatched,True,True,True,True,False
24143,比亚迪e1,比亚迪,轿车,54,0,54,1.0,0,0,0,0.0,0.0,,unmatched,True,True,True,True,False
14091,比亚迪e5,比亚迪,轿车,54,0,54,1.0,0,0,0,0.0,0.0,,unmatched,True,True,True,True,False
30728,比亚迪e7,比亚迪,轿车,54,13,41,0.7592592592592593,13,7,6,11747.0,0.0,比亚迪e7,exact_name,False,True,False,False,False
27035,比亚迪e9,比亚迪,轿车,54,5,49,0.9074074074074074,5,0,5,159.0,0.0,比亚迪e9,exact_name,False,True,True,False,False
20672,比速M3,比速汽车,MPV,54,0,54,1.0,0,0,0,0.0,0.0,,unmatched,True,True,True,True,False
20562,比速T3,比速汽车,SUV,54,0,54,1.0,0,0,0,0.0,0.0,,unmatched,True,True,True,True,False
21293,比速T5,比速汽车,SUV,54,0,54,1.0,0,0,0,0.0,0.0,,unmatched,True,True,True,True,False
4278,永源A380,永源,SUV,54,0,54,1.0,0,0,0,0.0,0.0,,unmatched,True,True,True,True,False
25611,汉,比亚迪,轿车,54,54,0,0.0,54,48,6,17279.0,19059.416666666668,汉,exact_name,False,False,False,False,False
30736,汉L,比亚迪,轿车,54,15,39,0.7222222222222222,15,9,6,4378.0,0.0,,unmatched,False,True,False,False,False
22962,汉腾V7,汉腾,MPV,54,0,54,1.0,0,0,0,0.0,0.0,,unmatched,True,True,True,True,False
20932,汉腾X5,汉腾,SUV,54,0,54,1.0,0,0,0,0.0,0.0,,unmatched,True,True,True,True,False
23304,汉腾X5 EV,汉腾,SUV,54,0,54,1.0,0,0,0,0.0,0.0,,unmatched,True,True,True,True,False
14383,汉腾X7,汉腾,SUV,54,0,54,1.0,0,0,0,0.0,0.0,,unmatched,True,True,True,True,False
14384,汉腾X7 PHEV,汉腾,SUV,54,0,54,1.0,0,0,0,0.0,0.0,,unmatched,True,True,True,True,False
13908,江南T11,众泰,轿车,54,0,54,1.0,0,0,0,0.0,0.0,,unmatched,True,True,True,True,False
793,江南TT,众泰,轿车,54,0,54,1.0,0,0,0,0.0,0.0,,unmatched,True,True,True,True,False
29951,江淮A5 PLUS,江淮,轿车,54,12,42,0.7777777777777778,10,12,0,0.0,7.25,江淮A5 PLUS,exact_name,False,True,False,True,False
30117,江淮QX PHEV,江淮,SUV,54,33,21,0.3888888888888889,32,28,5,19.0,170.25,江淮QX PHEV,exact_name,False,False,False,False,False
25732,江淮iC5,江淮,轿车,54,0,54,1.0,0,0,0,0.0,0.0,,unmatched,True,True,True,True,False
10460,江淮iEV,江淮,轿车,54,0,54,1.0,0,0,0,0.0,0.0,,unmatched,True,True,True,True,False
14194,江淮iEV6E,江淮,轿车,54,0,54,1.0,0,0,0,0.0,0.0,,unmatched,True,True,True,True,False
14191,江淮iEV7,江淮,轿车,54,0,54,1.0,0,0,0,0.0,0.0,,unmatched,True,True,True,True,False
21678,江淮iEV7S,江淮,SUV,54,0,54,1.0,0,0,0,0.0,0.0,,unmatched,True,True,True,True,False
22723,江淮iEVA50,江淮,轿车,54,0,54,1.0,0,0,0,0.0,0.0,,unmatched,True,True,True,True,False
24183,江淮iEVS4,江淮,SUV,54,0,54,1.0,0,0,0,0.0,0.0,,unmatched,True,True,True,True,False
20892,江铃E100,江铃集团新能源,轿车,54,0,54,1.0,0,0,0,0.0,0.0,,unmatched,True,True,True,True,False
21703,江铃E160,江铃集团新能源,轿车,54,0,54,1.0,0,0,0,0.0,0.0,,unmatched,True,True,True,True,False
20454,江铃E200L,江铃集团新能源,轿车,54,0,54,1.0,0,0,0,0.0,0.0,,unmatched,True,True,True,True,False
23253,沃兰多,雪佛兰,轿车,54,23,31,0.5740740740740741,23,23,0,0.0,0.0,沃兰多,exact_name,False,True,False,True,False
28671,沃尔沃C40,沃尔沃,SUV,54,32,22,0.4074074074074074,31,32,0,0.0,13.833333333333334,沃尔沃C40,exact_name,False,False,False,True,False
30196,沃尔沃EM90,沃尔沃,MPV,54,25,29,0.5370370370370371,25,19,6,116.0,56.416666666666664,沃尔沃EM90,exact_name,False,False,False,False,False
31183,沃尔沃ES90,沃尔沃,轿车,54,2,52,0.9629629629629629,2,0,2,50.0,0.0,沃尔沃ES90,exact_name,False,True,True,False,False
9767,沃尔沃S60,沃尔沃,轿车,54,54,0,0.0,54,48,6,13165.0,1980.25,沃尔沃S60,exact_name,False,False,False,False,False
3725,沃尔沃S80L,沃尔沃,轿车,54,0,54,1.0,0,0,0,0.0,0.0,,unmatched,True,True,True,True,False
20543,沃尔沃S90,沃尔沃,轿车,54,54,0,0.0,54,48,6,5771.0,2445.0,沃尔沃S90,exact_name,False,False,False,False,False
22513,沃尔沃S90新能源,沃尔沃,轿车,54,54,0,0.0,54,48,6,142.0,254.33333333333334,沃尔沃S90新能源,exact_name,False,False,False,False,False
11462,沃尔沃XC CLASSIC,沃尔沃,SUV,54,0,54,1.0,0,0,0,0.0,0.0,,unmatched,True,True,True,True,False
4504,派喜,铃木,轿车,54,0,54,1.0,0,0,0,0.0,0.0,,unmatched,True,True,True,True,False
30534,海狮05DM-i,比亚迪,SUV,54,22,32,0.5925925925925926,22,16,6,20570.0,1188.4166666666667,,unmatched,False,True,False,False,False
30704,海狮05EV,比亚迪,SUV,54,16,38,0.7037037037037037,16,10,6,27984.0,0.0,海狮05EV,exact_name,False,True,False,False,False
30842,海狮06DM-i,比亚迪,SUV,54,12,42,0.7777777777777778,12,6,6,23242.0,0.0,,unmatched,False,True,False,False,False
30836,海狮06EV,比亚迪,SUV,54,12,42,0.7777777777777778,12,6,6,63270.0,0.0,海狮06EV,exact_name,False,True,False,False,False
30707,海狮07DM-i,比亚迪,SUV,54,14,40,0.7407407407407407,14,8,6,693.0,0.0,,unmatched,False,True,False,False,False
30273,海狮07EV,比亚迪,SUV,54,26,28,0.5185185185185185,26,20,6,977.0,3281.3333333333335,海狮07EV,exact_name,False,False,False,False,False
27496,海豚,比亚迪,轿车,54,54,0,0.0,54,48,6,69113.0,13382.833333333334,海豚,exact_name,False,False,False,False,False
28011,海豹,比亚迪,轿车,54,47,7,0.12962962962962962,47,41,6,431.0,1460.6666666666667,海豹,exact_name,False,False,False,False,False
30705,海豹05DM-i,比亚迪,轿车,54,17,37,0.6851851851851852,17,11,6,27734.0,0.0,,unmatched,False,True,False,False,False
30374,海豹06DM-i,比亚迪,轿车,54,26,28,0.5185185185185185,26,20,6,31561.0,16135.916666666666,海豹06DM-i,exact_name,False,False,False,False,False
30860,海豹06DM-i旅行版,比亚迪,轿车,54,12,42,0.7777777777777778,12,6,6,8246.0,0.0,,unmatched,False,True,False,False,False
30794,海豹06EV,比亚迪,轿车,54,13,41,0.7592592592592593,13,7,6,23838.0,0.0,海豹06EV,exact_name,False,True,False,False,False
30439,海豹06GT,比亚迪,轿车,54,21,33,0.6111111111111112,21,15,6,12731.0,1023.75,海豹06GT,exact_name,False,True,False,False,False
29582,海豹07DM-i,比亚迪,轿车,54,34,20,0.37037037037037035,34,28,6,2967.0,5416.666666666667,海豹07DM-i,exact_name,False,False,False,False,False
31123,海豹07EV,比亚迪,轿车,54,3,51,0.9444444444444444,3,0,3,1873.0,0.0,海豹07EV,exact_name,False,True,True,False,False
26012,海马6P,海马,SUV,54,1,53,0.9814814814814815,1,1,0,0.0,0.0,,unmatched,False,True,False,True,False
22904,海马8S,海马郑州,SUV,54,28,26,0.48148148148148145,19,28,0,0.0,166.83333333333334,海马8S,exact_name,False,True,False,True,False
20762,海马E3,海马新能源,轿车,54,0,54,1.0,0,0,0,0.0,0.0,,unmatched,True,True,True,True,False
30727,海马INJOY,海马,轿车,54,3,51,0.9444444444444444,1,3,0,0.0,3.6666666666666665,海马INJOY,exact_name,False,True,False,True,False
7324,海马M3,海马郑州,轿车,54,0,54,1.0,0,0,0,0.0,0.0,,unmatched,True,True,True,True,False
8910,海马M6,海马郑州,轿车,54,0,54,1.0,0,0,0,0.0,0.0,,unmatched,True,True,True,True,False
8760,海马M8,海马,轿车,54,0,54,1.0,0,0,0,0.0,0.0,,unmatched,True,True,True,True,False
7322,海马爱尚,海马郑州,轿车,54,0,54,1.0,0,0,0,0.0,0.0,,unmatched,True,True,True,True,False
28871,海鸥,比亚迪,轿车,54,38,16,0.2962962962962963,38,32,6,55105.0,37799.416666666664,海鸥,exact_name,False,False,False,False,False
30944,深蓝L06,深蓝汽车,轿车,54,9,45,0.8333333333333334,9,3,6,28405.0,0.0,深蓝L06,exact_name,False,True,False,False,False
30463,深蓝L07,深蓝汽车,轿车,54,22,32,0.5925925925925926,22,16,6,4389.0,964.5833333333334,深蓝L07,exact_name,False,True,False,False,False
27941,深蓝SL03,深蓝汽车,轿车,54,47,7,0.12962962962962962,47,41,6,1575.0,4482.583333333333,深蓝SL03,exact_name,False,False,False,False,False
30202,灵悉L,灵悉,轿车,54,22,32,0.5925925925925926,22,16,6,214.0,34.416666666666664,灵悉L,exact_name,False,True,False,False,False
21624,焕驰,起亚,轿车,54,52,2,0.037037037037037035,49,48,4,10.0,61.166666666666664,焕驰,exact_name,False,False,False,False,False
1376,爱唯欧,雪佛兰,轿车,54,0,54,1.0,0,0,0,0.0,0.0,,unmatched,True,True,True,True,False
30346,爱跑,江淮钇为,轿车,54,30,24,0.4444444444444444,30,24,6,59.0,217.91666666666666,爱跑,exact_name,False,False,False,False,False
419,爱迪尔,北汽昌河,轿车,54,0,54,1.0,0,0,0,0.0,0.0,,unmatched,True,True,True,True,False
357,特拉卡,华泰,SUV,54,0,54,1.0,0,0,0,0.0,0.0,,unmatched,True,True,True,True,False
4034,狮跑,起亚,SUV,54,0,54,1.0,0,0,0,0.0,0.0,,unmatched,True,True,True,True,False
28996,狮铂拓界,起亚,SUV,54,45,9,0.16666666666666666,45,39,6,5151.0,1112.5,狮铂拓界,exact_name,False,False,False,False,False
10812,猎豹CS10,猎豹汽车,SUV,54,0,54,1.0,0,0,0,0.0,0.0,,unmatched,True,True,True,True,False
3014,猎豹CS6,猎豹汽车,SUV,54,0,54,1.0,0,0,0,0.0,0.0,,unmatched,True,True,True,True,False
14264,猎豹CS9,猎豹汽车,SUV,54,0,54,1.0,0,0,0,0.0,0.0,,unmatched,True,True,True,True,False
21640,猎豹CS9新能源,猎豹汽车,SUV,54,0,54,1.0,0,0,0,0.0,0.0,,unmatched,True,True,True,True,False
10851,猎豹Q6,猎豹汽车,SUV,54,0,54,1.0,0,0,0,0.0,0.0,,unmatched,True,True,True,True,False
29119,猛士917,猛士,SUV,54,3,51,0.9444444444444444,3,3,0,0.0,0.0,猛士917,exact_name,False,True,False,True,False
4265,王子,海马郑州,轿车,54,0,54,1.0,0,0,0,0.0,0.0,,unmatched,True,True,True,True,False
29112,王牌M7,北汽制造,MPV,54,37,17,0.3148148148148148,37,31,6,4329.0,1095.25,,unmatched,False,False,False,False,False
29223,王牌M7新能源,北汽制造,MPV,54,9,45,0.8333333333333334,9,3,6,1208.0,0.0,,unmatched,False,True,False,False,False
27464,玛奇朵DHT-PHEV,魏牌,SUV,54,11,43,0.7962962962962963,11,11,0,0.0,0.0,,unmatched,False,True,False,True,False
4503,玛驰,日产,轿车,54,0,54,1.0,0,0,0,0.0,0.0,,unmatched,True,True,True,True,False
3626,理念S1,理念,轿车,54,0,54,1.0,0,0,0,0.0,0.0,,unmatched,True,True,True,True,False
28995,理想MEGA,理想汽车,MPV,54,28,26,0.48148148148148145,28,22,6,2843.0,899.8333333333334,理想MEGA,exact_name,False,False,False,False,False
4611,瑞纳,现代,轿车,54,0,54,1.0,0,0,0,0.0,0.0,,unmatched,True,True,True,True,False
14373,瑞虎3x,奇瑞,SUV,54,54,0,0.0,54,48,6,4529.0,1871.0,瑞虎3x,exact_name,False,False,False,False,False
22444,瑞虎3xe,奇瑞新能源,SUV,54,1,53,0.9814814814814815,1,1,0,0.0,0.0,,unmatched,False,True,False,True,False
5044,瑞虎5,奇瑞,SUV,54,0,54,1.0,0,0,0,0.0,0.0,,unmatched,True,True,True,True,False
22103,瑞虎5x,奇瑞,SUV,54,54,0,0.0,54,48,6,15795.0,1401.5833333333333,瑞虎5x,exact_name,False,False,False,False,False
14068,瑞虎7,奇瑞,SUV,54,54,0,0.0,54,48,6,13365.0,4970.333333333333,瑞虎7,exact_name,False,False,False,False,False
22674,瑞虎8,奇瑞,SUV,54,54,0,0.0,54,48,6,61320.0,15842.833333333334,瑞虎8,exact_name,False,False,False,False,False
29370,瑞虎9,奇瑞,SUV,54,37,17,0.3148148148148148,37,31,6,24269.0,4595.5,瑞虎9,exact_name,False,False,False,False,False
215,瑞风,江淮,MPV,54,0,54,1.0,0,0,0,0.0,0.0,,unmatched,True,True,True,True,False
10902,瑞风A60,江淮,轿车,54,0,54,1.0,0,0,0,0.0,0.0,,unmatched,True,True,True,True,False
28391,瑞风E3,江淮瑞风,MPV,54,49,5,0.09259259259259259,49,43,6,966.0,175.0,瑞风E3,exact_name,False,False,False,False,False
3924,瑞风M2,江淮,MPV,54,0,54,1.0,0,0,0,0.0,0.0,,unmatched,True,True,True,True,False
10901,瑞风M3,江淮瑞风,MPV,54,52,2,0.037037037037037035,52,46,6,2193.0,810.3333333333334,瑞风M3,exact_name,False,False,False,False,False
30267,瑞风RF8,江淮瑞风,MPV,54,26,28,0.5185185185185185,26,20,6,104.0,41.333333333333336,瑞风RF8,exact_name,False,False,False,False,False
29621,瑞风RF8新能源,江淮瑞风,MPV,54,26,28,0.5185185185185185,26,20,6,699.0,122.41666666666667,瑞风RF8新能源,exact_name,False,False,False,False,False
11869,瑞风S2,江淮,SUV,54,0,54,1.0,0,0,0,0.0,0.0,,unmatched,True,True,True,True,False
9202,瑞风S3,江淮,SUV,54,0,54,1.0,0,0,0,0.0,0.0,,unmatched,True,True,True,True,False
23573,瑞风S4,江淮,SUV,54,0,54,1.0,0,0,0,0.0,0.0,,unmatched,True,True,True,True,False
4548,瑞风S5,江淮,SUV,54,0,54,1.0,0,0,0,0.0,0.0,,unmatched,True,True,True,True,False
14142,瑞风S7,江淮,SUV,54,0,54,1.0,0,0,0,0.0,0.0,,unmatched,True,True,True,True,False
26363,瑞驰新能源S513,瑞驰新能源,SUV,54,0,54,1.0,0,0,0,0.0,0.0,,unmatched,True,True,True,True,False
3954,瑞麒G6,瑞麒,轿车,54,0,54,1.0,0,0,0,0.0,0.0,,unmatched,True,True,True,True,False
4004,瑞麒M1,瑞麒,轿车,54,0,54,1.0,0,0,0,0.0,0.0,,unmatched,True,True,True,True,False
30388,电动MINI ACEMAN,MINI,SUV,54,10,44,0.8148148148148148,10,10,0,0.0,0.0,电动MINI ACEMAN,exact_name,False,True,False,True,False
30347,电动MINI COOPER,MINI,轿车,54,10,44,0.8148148148148148,10,10,0,0.0,0.0,电动MINI COOPER,exact_name,False,True,False,True,False
22318,电咖·EV10,电咖,轿车,54,0,54,1.0,0,0,0,0.0,0.0,,unmatched,True,True,True,True,False
933,皇冠,丰田,轿车,54,0,54,1.0,0,0,0,0.0,0.0,,unmatched,True,True,True,True,False
27393,皇冠陆放,丰田,SUV,54,54,0,0.0,54,48,6,20987.0,4389.333333333333,皇冠陆放,exact_name,False,False,False,False,False
25152,皓影,本田,SUV,54,54,0,0.0,54,48,6,30199.0,10316.25,皓影,exact_name,False,False,False,False,False
27432,皓影新能源,本田,SUV,54,54,0,0.0,54,48,6,404.0,193.08333333333334,皓影新能源,exact_name,False,False,False,False,False
3374,睿翼,马自达,轿车,54,0,54,1.0,0,0,0,0.0,0.0,,unmatched,True,True,True,True,False
30631,睿蓝8,睿蓝汽车,MPV,54,20,34,0.6296296296296297,20,14,6,176.0,24.916666666666668,睿蓝8,exact_name,False,True,False,False,False
30949,睿蓝蓝气球,睿蓝汽车,轿车,54,11,43,0.7962962962962963,11,5,6,320.0,0.0,,unmatched,False,True,False,False,False
24855,睿行ES30,长安凯程,轿车,54,0,54,1.0,0,0,0,0.0,0.0,,unmatched,True,True,True,True,False
21704,睿骋CC,长安,轿车,54,0,54,1.0,0,0,0,0.0,0.0,,unmatched,True,True,True,True,False
10981,知豆,知豆,轿车,54,0,54,1.0,0,0,0,0.0,0.0,,unmatched,True,True,True,True,False
12071,知豆D1,知豆,轿车,54,0,54,1.0,0,0,0,0.0,0.0,,unmatched,True,True,True,True,False
12794,知豆D2,知豆,轿车,54,0,54,1.0,0,0,0,0.0,0.0,,unmatched,True,True,True,True,False
22317,知豆D3,知豆,轿车,54,0,54,1.0,0,0,0,0.0,0.0,,unmatched,True,True,True,True,False
21665,祺智EV,广汽集团,SUV,54,0,54,1.0,0,0,0,0.0,0.0,,unmatched,True,True,True,True,False
22493,祺智PHEV,广汽集团,SUV,54,0,54,1.0,0,0,0,0.0,0.0,,unmatched,True,True,True,True,False
3734,福瑞迪,起亚,轿车,54,54,0,0.0,54,48,6,3753.0,1560.9166666666667,福瑞迪,exact_name,False,False,False,False,False
294,福美来,海马,轿车,54,0,54,1.0,0,0,0,0.0,0.0,,unmatched,True,True,True,True,False
22124,福美来F7,海马,MPV,54,0,54,1.0,0,0,0,0.0,0.0,,unmatched,True,True,True,True,False
13725,福美来七座版,海马,MPV,54,0,54,1.0,0,0,0,0.0,0.0,,unmatched,True,True,True,True,False
3540,秀尔,起亚,轿车,54,0,54,1.0,0,0,0,0.0,0.0,,unmatched,True,True,True,True,False
7650,科帕奇,雪佛兰,SUV,54,0,54,1.0,0,0,0,0.0,0.0,,unmatched,True,True,True,True,False
14251,科雷傲,雷诺,SUV,54,0,54,1.0,0,0,0,0.0,0.0,,unmatched,True,True,True,True,False
12997,科雷嘉,雷诺,SUV,54,0,54,1.0,0,0,0,0.0,0.0,,unmatched,True,True,True,True,False
24955,科雷缤,雷诺,SUV,54,0,54,1.0,0,0,0,0.0,0.0,,unmatched,True,True,True,True,False
3544,科鲁兹,雪佛兰,轿车,54,0,54,1.0,0,0,0,0.0,0.0,,unmatched,True,True,True,True,False
25279,秦,比亚迪,轿车,54,0,54,1.0,0,0,0,0.0,0.0,,unmatched,True,True,True,True,False
30359,秦L,比亚迪,轿车,54,26,28,0.5185185185185185,26,20,6,53704.0,19132.583333333332,秦L,exact_name,False,False,False,False,False
27043,秦PLUS,比亚迪,轿车,54,54,0,0.0,54,48,6,68369.0,40002.083333333336,秦PLUS,exact_name,False,False,False,False,False
23433,秦Pro,比亚迪,轿车,54,0,54,1.0,0,0,0,0.0,0.0,,unmatched,True,True,True,True,False
23683,秦Pro新能源,比亚迪,轿车,54,0,54,1.0,0,0,0,0.0,0.0,,unmatched,True,True,True,True,False
8120,秦新能源,比亚迪,轿车,54,54,0,0.0,54,48,6,402.0,659.0833333333334,秦新能源,exact_name,False,False,False,False,False
20652,竞瑞,本田,轿车,54,0,54,1.0,0,0,0,0.0,0.0,,unmatched,True,True,True,True,False
11808,索纳塔,现代,轿车,54,54,0,0.0,54,48,6,5237.0,927.8333333333334,索纳塔,exact_name,False,False,False,False,False
25651,红旗E-HS9,红旗,SUV,54,24,30,0.5555555555555556,23,24,0,0.0,34.083333333333336,红旗E-HS9,exact_name,False,True,False,True,False
27171,红旗E-QM5,红旗,轿车,54,54,0,0.0,54,48,6,16425.0,6792.166666666667,红旗E-QM5,exact_name,False,False,False,False,False
29681,红旗EH7,红旗,轿车,54,29,25,0.46296296296296297,29,23,6,709.0,469.4166666666667,红旗EH7,exact_name,False,False,False,False,False
29098,红旗H5,红旗,轿车,54,45,9,0.16666666666666666,45,39,6,53883.0,12399.416666666666,红旗H5,exact_name,False,False,False,False,False
27471,红旗H5 PHEV,红旗,轿车,54,16,38,0.7037037037037037,16,10,6,4864.0,0.0,红旗H5 PHEV,exact_name,False,True,False,False,False
29214,红旗H6,红旗,轿车,54,40,14,0.25925925925925924,40,34,6,5799.0,1123.0833333333333,红旗H6,exact_name,False,False,False,False,False
31265,红旗H7 PHEV,红旗,轿车,54,1,53,0.9814814814814815,1,0,1,91.0,0.0,,unmatched,False,True,True,False,False
25866,红旗H9,红旗,轿车,54,54,0,0.0,54,48,6,2656.0,646.9166666666666,红旗H9,exact_name,False,False,False,False,False
28789,红旗HQ9,红旗,MPV,54,46,8,0.14814814814814814,46,40,6,192.0,206.08333333333334,红旗HQ9,exact_name,False,False,False,False,False
30265,红旗HQ9新能源,红旗,MPV,54,24,30,0.5555555555555556,24,18,6,1203.0,229.83333333333334,,unmatched,False,False,False,False,False
29464,红旗HS3,红旗,SUV,54,36,18,0.3333333333333333,36,30,6,3963.0,2705.0833333333335,红旗HS3,exact_name,False,False,False,False,False
30537,红旗HS3 PHEV,红旗,SUV,54,22,32,0.5925925925925926,22,16,6,7773.0,536.3333333333334,红旗HS3 PHEV,exact_name,False,True,False,False,False
24184,红旗HS5,红旗,SUV,54,54,0,0.0,54,48,6,23652.0,7908.333333333333,红旗HS5,exact_name,False,False,False,False,False
30373,红旗HS7 PHEV,红旗,SUV,54,24,30,0.5555555555555556,24,18,6,464.0,383.0833333333333,红旗HS7 PHEV,exact_name,False,False,False,False,False
9488,红旗国礼,红旗,轿车,54,2,52,0.9629629629629629,2,0,2,2.0,0.0,,unmatched,False,True,True,False,False
28211,红旗国耀,红旗,SUV,54,30,24,0.4444444444444444,29,24,6,26.0,6.416666666666667,红旗国耀,exact_name,False,False,False,False,False
27631,红旗国雅,红旗,轿车,54,2,52,0.9629629629629629,2,0,2,17.0,0.0,,unmatched,False,True,True,False,False
30453,红旗天工05,红旗,轿车,54,18,36,0.6666666666666666,18,12,6,1852.0,0.0,红旗天工05,exact_name,False,True,False,False,False
30459,红旗天工06,红旗,SUV,54,16,38,0.7037037037037037,16,10,6,463.0,0.0,红旗天工06,exact_name,False,True,False,False,False
30355,红旗天工08,红旗,SUV,54,23,31,0.5740740740740741,22,17,6,460.0,110.66666666666667,红旗天工08,exact_name,False,True,False,False,False
8099,纳5,纳智捷,轿车,54,0,54,1.0,0,0,0,0.0,0.0,,unmatched,True,True,True,True,False
7282,纳智捷MASTER CEO,纳智捷,MPV,54,0,54,1.0,0,0,0,0.0,0.0,,unmatched,True,True,True,True,False
21638,纳智捷U5 SUV,纳智捷,SUV,54,0,54,1.0,0,0,0,0.0,0.0,,unmatched,True,True,True,True,False
24233,纳智捷URX,纳智捷,SUV,54,0,54,1.0,0,0,0,0.0,0.0,,unmatched,True,True,True,True,False
10221,纳智捷优6 SUV,纳智捷,SUV,54,0,54,1.0,0,0,0,0.0,0.0,,unmatched,True,True,True,True,False
9321,纳智捷大7 MPV,纳智捷,MPV,54,0,54,1.0,0,0,0,0.0,0.0,,unmatched,True,True,True,True,False
7281,纳智捷大7 SUV,纳智捷,SUV,54,0,54,1.0,0,0,0,0.0,0.0,,unmatched,True,True,True,True,False
30120,纳米01,东风纳米,轿车,54,30,24,0.4444444444444444,30,24,6,13439.0,3111.5,纳米01,exact_name,False,False,False,False,False
11807,绅宝 - CC,北京汽车,轿车,54,0,54,1.0,0,0,0,0.0,0.0,,unmatched,True,True,True,True,False
11483,绅宝D20,北京汽车,轿车,54,0,54,1.0,0,0,0,0.0,0.0,,unmatched,True,True,True,True,False
11292,绅宝D60,北京汽车,轿车,54,0,54,1.0,0,0,0,0.0,0.0,,unmatched,True,True,True,True,False
7681,绅宝D70,北京汽车,轿车,54,0,54,1.0,0,0,0,0.0,0.0,,unmatched,True,True,True,True,False
11759,绅宝D80,北京汽车,轿车,54,0,54,1.0,0,0,0,0.0,0.0,,unmatched,True,True,True,True,False
12744,绅宝X25,北京汽车,SUV,54,0,54,1.0,0,0,0,0.0,0.0,,unmatched,True,True,True,True,False
13258,绅宝X35,北京汽车,SUV,54,0,54,1.0,0,0,0,0.0,0.0,,unmatched,True,True,True,True,False
12592,绅宝X55,北京汽车,SUV,54,0,54,1.0,0,0,0,0.0,0.0,,unmatched,True,True,True,True,False
11761,绅宝X65,北京汽车,SUV,54,0,54,1.0,0,0,0,0.0,0.0,,unmatched,True,True,True,True,False
3254,经典世嘉,雪铁龙,轿车,54,0,54,1.0,0,0,0,0.0,0.0,,unmatched,True,True,True,True,False
5052,经典圣达菲,华泰,SUV,54,0,54,1.0,0,0,0,0.0,0.0,,unmatched,True,True,True,True,False
3295,经典熊猫,吉利汽车,轿车,54,0,54,1.0,0,0,0,0.0,0.0,,unmatched,True,True,True,True,False
13069,维特拉,铃木,SUV,54,0,54,1.0,0,0,0,0.0,0.0,,unmatched,True,True,True,True,False
10791,缤智,本田,SUV,54,54,0,0.0,54,48,6,3075.0,1336.0833333333333,缤智,exact_name,False,False,False,False,False
22679,缤瑞,吉利汽车,轿车,54,54,0,0.0,54,48,6,4373.0,2210.75,缤瑞,exact_name,False,False,False,False,False
22894,缤越,吉利汽车,SUV,54,54,0,0.0,54,48,6,66359.0,7136.166666666667,缤越,exact_name,False,False,False,False,False
25,羚羊,铃木,轿车,54,0,54,1.0,0,0,0,0.0,0.0,,unmatched,True,True,True,True,False
30741,羿驰05,江铃集团新能源,轿车,54,2,52,0.9629629629629629,2,0,2,329.0,0.0,羿驰05,exact_name,False,True,True,False,False
8029,翼搏,福特,SUV,54,0,54,1.0,0,0,0,0.0,0.0,,unmatched,True,True,True,True,False
4127,翼神,三菱,轿车,54,0,54,1.0,0,0,0,0.0,0.0,,unmatched,True,True,True,True,False
4312,翼虎,福特,SUV,54,0,54,1.0,0,0,0,0.0,0.0,,unmatched,True,True,True,True,False
8000,胜达,现代,SUV,54,54,0,0.0,54,48,6,934.0,158.5,胜达,exact_name,False,False,False,False,False
28718,腾势D9,腾势,MPV,54,45,9,0.16666666666666666,45,39,6,28226.0,8567.5,腾势D9,exact_name,False,False,False,False,False
30414,腾势Z9GT,腾势,轿车,54,22,32,0.5925925925925926,22,16,6,16764.0,948.5833333333334,,unmatched,False,True,False,False,False
8089,腾势经典,腾势,轿车,54,0,54,1.0,0,0,0,0.0,0.0,,unmatched,True,True,True,True,False
13509,自由侠,Jeep,SUV,54,6,48,0.8888888888888888,5,6,0,0.0,0.0,,unmatched,False,True,False,True,False
3001,自由舰,吉利汽车,轿车,54,0,54,1.0,0,0,0,0.0,0.0,,unmatched,True,True,True,True,False
30857,至境E7,别克,SUV,54,3,51,0.9444444444444444,3,0,3,15785.0,0.0,,unmatched,False,True,True,False,False
30856,至境L7,别克,轿车,54,9,45,0.8333333333333334,9,3,6,3639.0,0.0,,unmatched,False,True,False,False,False
30654,至境世家,别克,MPV,54,8,46,0.8518518518518519,8,2,6,11332.0,0.0,,unmatched,False,True,False,False,False
5025,致胜,福特,轿车,54,0,54,1.0,0,0,0,0.0,0.0,,unmatched,True,True,True,True,False
7989,艾力绅,本田,MPV,54,54,0,0.0,54,48,6,1739.0,1630.8333333333333,艾力绅,exact_name,False,False,False,False,False
9809,艾瑞泽3,奇瑞,轿车,54,0,54,1.0,0,0,0,0.0,0.0,,unmatched,True,True,True,True,False
10660,艾瑞泽5,奇瑞,轿车,54,54,0,0.0,54,48,6,8422.0,2191.6666666666665,艾瑞泽5,exact_name,False,False,False,False,False
9313,艾瑞泽7,奇瑞,轿车,54,0,54,1.0,0,0,0,0.0,0.0,,unmatched,True,True,True,True,False
28700,艾瑞泽8,奇瑞,轿车,54,45,9,0.16666666666666666,45,39,6,50390.0,11459.166666666666,艾瑞泽8,exact_name,False,False,False,False,False
22938,艾瑞泽GX,奇瑞,轿车,54,0,54,1.0,0,0,0,0.0,0.0,,unmatched,True,True,True,True,False
9838,艾瑞泽M7,奇瑞,MPV,54,0,54,1.0,0,0,0,0.0,0.0,,unmatched,True,True,True,True,False
12585,芝麻,众泰,轿车,54,0,54,1.0,0,0,0,0.0,0.0,,unmatched,True,True,True,True,False
487,花冠,丰田,轿车,54,0,54,1.0,0,0,0,0.0,0.0,,unmatched,True,True,True,True,False
22980,英仕派,本田,轿车,54,54,0,0.0,54,48,6,16078.0,3463.0,英仕派,exact_name,False,False,False,False,False
13469,英致727,英致,MPV,54,0,54,1.0,0,0,0,0.0,0.0,,unmatched,True,True,True,True,False
12633,英致737,英致,MPV,54,0,54,1.0,0,0,0,0.0,0.0,,unmatched,True,True,True,True,False
23626,英致737EV,英致,MPV,54,0,54,1.0,0,0,0,0.0,0.0,,unmatched,True,True,True,True,False
10961,英致G3,英致,SUV,54,0,54,1.0,0,0,0,0.0,0.0,,unmatched,True,True,True,True,False
12944,英致G5,英致,SUV,54,0,54,1.0,0,0,0,0.0,0.0,,unmatched,True,True,True,True,False
11342,英菲尼迪Q50L,英菲尼迪,轿车,54,21,33,0.6111111111111112,19,21,0,0.0,0.0,,unmatched,False,True,False,True,False
4083,荣威350,荣威,轿车,54,0,54,1.0,0,0,0,0.0,0.0,,unmatched,True,True,True,True,False
12774,荣威360,荣威,轿车,54,0,54,1.0,0,0,0,0.0,0.0,,unmatched,True,True,True,True,False
3234,荣威550,荣威,轿车,54,0,54,1.0,0,0,0,0.0,0.0,,unmatched,True,True,True,True,False
1984,荣威750,荣威,轿车,54,0,54,1.0,0,0,0,0.0,0.0,,unmatched,True,True,True,True,False
4664,荣威950,荣威,轿车,54,0,54,1.0,0,0,0,0.0,0.0,,unmatched,True,True,True,True,False
30129,荣威D5X DMH,荣威,SUV,54,28,26,0.48148148148148145,25,22,6,76.0,408.3333333333333,荣威D5X DMH,exact_name,False,False,False,False,False
30716,荣威D6,荣威,轿车,54,15,39,0.7222222222222222,15,9,6,8099.0,0.0,荣威D6,exact_name,False,True,False,False,False
30001,荣威D7,荣威,轿车,54,32,22,0.4074074074074074,32,26,6,3690.0,2743.25,荣威D7,exact_name,False,False,False,False,False
30897,荣威M7,荣威,轿车,54,10,44,0.8148148148148148,10,4,6,5326.0,0.0,,unmatched,False,True,False,False,False
21973,荣威RX3,荣威,SUV,54,24,30,0.5555555555555556,24,24,0,0.0,0.0,荣威RX3,exact_name,False,False,False,True,False
25051,荣威RX5 eMAX,荣威,SUV,54,10,44,0.8148148148148148,10,10,0,0.0,0.0,,unmatched,False,True,False,True,False
3896,荣威W5,荣威,SUV,54,0,54,1.0,0,0,0,0.0,0.0,,unmatched,True,True,True,True,False
4670,荣威e50,荣威,轿车,54,0,54,1.0,0,0,0,0.0,0.0,,unmatched,True,True,True,True,False
12331,荣威e550,荣威,轿车,54,0,54,1.0,0,0,0,0.0,0.0,,unmatched,True,True,True,True,False
13520,荣威e950,荣威,轿车,54,0,54,1.0,0,0,0,0.0,0.0,,unmatched,True,True,True,True,False
23393,荣威i5,荣威,轿车,54,54,0,0.0,54,48,6,25219.0,5067.583333333333,荣威i5,exact_name,False,False,False,False,False
26504,荣威i6 MAX,荣威,轿车,54,11,43,0.7962962962962963,6,11,0,0.0,0.0,,unmatched,False,True,False,True,False
26763,荣威i6 MAX新能源,荣威,轿车,54,50,4,0.07407407407407407,47,47,3,31.0,720.0,荣威i6 MAX新能源,exact_name,False,False,False,False,False
26445,荣威iMAX8,荣威,MPV,54,54,0,0.0,54,48,6,62.0,211.08333333333334,荣威iMAX8,exact_name,False,False,False,False,False
28636,荣威iMAX8新能源,荣威,MPV,54,47,7,0.12962962962962962,47,41,6,298.0,155.58333333333334,荣威iMAX8新能源,exact_name,False,False,False,False,False
4347,莲花L3,莲花汽车,轿车,54,0,54,1.0,0,0,0,0.0,0.0,,unmatched,True,True,True,True,False
4650,莲花L5,莲花汽车,轿车,54,0,54,1.0,0,0,0,0.0,0.0,,unmatched,True,True,True,True,False
4556,菱智,东风风行,MPV,54,53,1,0.018518518518518517,36,47,6,5471.0,1596.3333333333333,菱智,exact_name,False,False,False,False,False
8059,菲翔,菲亚特,轿车,54,0,54,1.0,0,0,0,0.0,0.0,,unmatched,True,True,True,True,False
2143,蒙迪欧,福特,轿车,54,54,0,0.0,54,48,6,12692.0,5151.833333333333,蒙迪欧,exact_name,False,False,False,False,False
1884,蓝瑟,三菱,轿车,54,0,54,1.0,0,0,0,0.0,0.0,,unmatched,True,True,True,True,False
129,蓝鸟,日产,轿车,54,19,35,0.6481481481481481,11,19,0,0.0,0.0,,unmatched,False,True,False,True,False
28446,蔚来ET5,蔚来,轿车,54,46,8,0.14814814814814814,46,40,6,4008.0,2209.1666666666665,蔚来ET5,exact_name,False,False,False,False,False
29995,蔚来ET5T,蔚来,轿车,54,37,17,0.3148148148148148,37,31,6,12081.0,4239.083333333333,蔚来ET5T,exact_name,False,False,False,False,False
24611,蔚来ET7,蔚来,轿车,54,52,2,0.037037037037037035,52,46,6,96.0,603.6666666666666,蔚来ET7,exact_name,False,False,False,False,False
30321,蔚来ET9,蔚来,轿车,54,2,52,0.9629629629629629,2,0,2,278.0,0.0,蔚来ET9,exact_name,False,True,True,False,False
22243,裕路EV2,裕路,轿车,54,0,54,1.0,0,0,0,0.0,0.0,,unmatched,True,True,True,True,False
13397,西玛,日产,轿车,54,0,54,1.0,0,0,0,0.0,0.0,,unmatched,True,True,True,True,False
23753,观境,金杯,SUV,54,0,54,1.0,0,0,0,0.0,0.0,,unmatched,True,True,True,True,False
8840,观致3,观致,轿车,54,0,54,1.0,0,0,0,0.0,0.0,,unmatched,True,True,True,True,False
11758,观致3都市SUV,观致,SUV,54,0,54,1.0,0,0,0,0.0,0.0,,unmatched,True,True,True,True,False
13288,观致5,观致,SUV,54,0,54,1.0,0,0,0,0.0,0.0,,unmatched,True,True,True,True,False
21647,讴歌TLX-L,讴歌,轿车,54,0,54,1.0,0,0,0,0.0,0.0,,unmatched,True,True,True,True,False
29207,豪越L,吉利汽车,SUV,54,38,16,0.2962962962962963,26,32,6,6257.0,2696.6666666666665,豪越L,exact_name,False,False,False,False,False
29561,赛图斯,起亚,SUV,54,39,15,0.2777777777777778,39,33,6,8777.0,1257.8333333333333,赛图斯,exact_name,False,False,False,False,False
3094,赛拉图,起亚,轿车,54,0,54,1.0,0,0,0,0.0,0.0,,unmatched,True,True,True,True,False
954,赛欧,雪佛兰,轿车,54,0,54,1.0,0,0,0,0.0,0.0,,unmatched,True,True,True,True,False
27747,赛那SIENNA,丰田,MPV,54,54,0,0.0,54,48,6,42015.0,7454.166666666667,赛那SIENNA,exact_name,False,False,False,False,False
30091,起亚EV5,起亚,SUV,54,32,22,0.4074074074074074,32,26,6,242.0,476.3333333333333,起亚EV5,exact_name,False,False,False,False,False
7130,起亚K2,起亚,轿车,54,0,54,1.0,0,0,0,0.0,0.0,,unmatched,True,True,True,True,False
7889,起亚K3,起亚,轿车,54,54,0,0.0,54,48,6,5736.0,911.5,起亚K3,exact_name,False,False,False,False,False
10331,起亚K3S,起亚,轿车,54,0,54,1.0,0,0,0,0.0,0.0,,unmatched,True,True,True,True,False
10018,起亚K4,起亚,轿车,54,0,54,1.0,0,0,0,0.0,0.0,,unmatched,True,True,True,True,False
7075,起亚K5凯酷,起亚,轿车,54,54,0,0.0,54,48,6,198.0,125.16666666666667,起亚K5凯酷,exact_name,False,False,False,False,False
21439,起亚K5新能源,起亚,轿车,54,0,54,1.0,0,0,0,0.0,0.0,,unmatched,True,True,True,True,False
21964,起亚KX CROSS,起亚,轿车,54,0,54,1.0,0,0,0,0.0,0.0,,unmatched,True,True,True,True,False
11787,起亚KX3傲跑,起亚,SUV,54,24,30,0.5555555555555556,24,24,0,0.0,0.0,起亚KX3傲跑,exact_name,False,False,False,True,False
23314,起亚KX3新能源,起亚,SUV,54,0,54,1.0,0,0,0,0.0,0.0,,unmatched,True,True,True,True,False
4564,路盛E70,华泰,轿车,54,0,54,1.0,0,0,0,0.0,0.0,,unmatched,True,True,True,True,False
20642,路盛E80,华泰,轿车,54,0,54,1.0,0,0,0,0.0,0.0,,unmatched,True,True,True,True,False
22413,路盛S1,华泰新能源,轿车,54,0,54,1.0,0,0,0,0.0,0.0,,unmatched,True,True,True,True,False
28982,轩度EV,凯翼,轿车,54,21,33,0.6111111111111112,21,15,6,735.0,13.416666666666666,轩度EV,exact_name,False,True,False,False,False
20802,轩朗,力帆,MPV,54,0,54,1.0,0,0,0,0.0,0.0,,unmatched,True,True,True,True,False
3996,轩逸,日产,轿车,54,54,0,0.0,54,48,6,95129.0,28532.916666666668,轩逸,exact_name,False,False,False,False,False
13590,迈威,力帆,SUV,54,0,54,1.0,0,0,0,0.0,0.0,,unmatched,True,True,True,True,False
2824,迈腾,大众,轿车,54,54,0,0.0,54,48,6,76776.0,14581.083333333334,迈腾,exact_name,False,False,False,False,False
23973,迈腾PHEV,大众,轿车,54,44,10,0.18518518518518517,40,43,1,118.0,451.1666666666667,迈腾PHEV,exact_name,False,False,False,False,False
1397,迈锐宝,雪佛兰,轿车,54,0,54,1.0,0,0,0,0.0,0.0,,unmatched,True,True,True,True,False
13877,迈锐宝XL,雪佛兰,轿车,54,54,0,0.0,54,48,6,2262.0,216.25,迈锐宝XL,exact_name,False,False,False,False,False
2063,远景,吉利汽车,轿车,54,0,54,1.0,0,0,0,0.0,0.0,,unmatched,True,True,True,True,False
22091,远景S1,吉利汽车,SUV,54,0,54,1.0,0,0,0,0.0,0.0,,unmatched,True,True,True,True,False
21273,远景X1,吉利汽车,SUV,54,0,54,1.0,0,0,0,0.0,0.0,,unmatched,True,True,True,True,False
3634,迷迪,福田,MPV,54,0,54,1.0,0,0,0,0.0,0.0,,unmatched,True,True,True,True,False
3127,逍客,日产,SUV,54,54,0,0.0,54,48,6,27478.0,9337.5,逍客,exact_name,False,False,False,False,False
678,途安,大众,MPV,54,52,2,0.037037037037037035,52,46,6,509.0,74.75,途安,exact_name,False,False,False,False,False
22815,途岳,大众,SUV,54,54,0,0.0,54,48,6,50822.0,9021.583333333334,途岳,exact_name,False,False,False,False,False
20963,途昂,大众,SUV,54,54,0,0.0,54,48,6,11538.0,4531.416666666667,途昂,exact_name,False,False,False,False,False
1074,途胜L,现代,SUV,54,54,0,0.0,54,48,6,10175.0,2494.9166666666665,途胜L,exact_name,False,False,False,False,False
3895,途观,大众,SUV,54,0,54,1.0,0,0,0,0.0,0.0,,unmatched,True,True,True,True,False
21172,途观L,大众,SUV,54,54,0,0.0,54,48,6,82806.0,14223.25,途观L,exact_name,False,False,False,False,False
22814,途观L新能源,大众,SUV,54,53,1,0.018518518518518517,49,48,5,506.0,125.16666666666667,途观L新能源,exact_name,False,False,False,False,False
1633,速腾,大众,轿车,54,54,0,0.0,54,48,6,84591.0,20093.916666666668,速腾,exact_name,False,False,False,False,False
8440,速锐,比亚迪,轿车,54,0,54,1.0,0,0,0,0.0,0.0,,unmatched,True,True,True,True,False
26101,逸动,长安,轿车,54,54,0,0.0,54,48,6,58634.0,12779.0,逸动,exact_name,False,False,False,False,False
22734,逸动DT,长安,轿车,54,16,38,0.7037037037037037,15,16,0,0.0,0.0,,unmatched,False,True,False,True,False
9200,逸动XT,长安,轿车,54,0,54,1.0,0,0,0,0.0,0.0,,unmatched,True,True,True,True,False
7201,逸动经典,长安,轿车,54,0,54,1.0,0,0,0,0.0,0.0,,unmatched,True,True,True,True,False
7087,逸致,丰田,MPV,54,0,54,1.0,0,0,0,0.0,0.0,,unmatched,True,True,True,True,False
22987,逸行,现代,轿车,54,0,54,1.0,0,0,0,0.0,0.0,,unmatched,True,True,True,True,False
23535,野马EC60,野马汽车,SUV,54,10,44,0.8148148148148148,10,10,0,0.0,0.0,,unmatched,False,True,False,True,False
13078,野马EC70,野马汽车,SUV,54,0,54,1.0,0,0,0,0.0,0.0,,unmatched,True,True,True,True,False
7571,野马E系,野马汽车,轿车,54,0,54,1.0,0,0,0,0.0,0.0,,unmatched,True,True,True,True,False
7629,野马F10,野马汽车,SUV,54,0,54,1.0,0,0,0,0.0,0.0,,unmatched,True,True,True,True,False
8300,野马F12,野马汽车,SUV,54,0,54,1.0,0,0,0,0.0,0.0,,unmatched,True,True,True,True,False
7569,野马F16,野马汽车,SUV,54,0,54,1.0,0,0,0,0.0,0.0,,unmatched,True,True,True,True,False
12091,野马T70,野马汽车,SUV,54,0,54,1.0,0,0,0,0.0,0.0,,unmatched,True,True,True,True,False
14382,野马T80,野马汽车,SUV,54,0,54,1.0,0,0,0,0.0,0.0,,unmatched,True,True,True,True,False
12442,金杯750,金杯,MPV,54,0,54,1.0,0,0,0,0.0,0.0,,unmatched,True,True,True,True,False
21282,金杯F50,金杯,MPV,54,0,54,1.0,0,0,0,0.0,0.0,,unmatched,True,True,True,True,False
29732,钇为3,江淮钇为,轿车,54,37,17,0.3148148148148148,33,32,5,195.0,926.0833333333334,钇为3,exact_name,False,False,False,False,False
30454,铂智3X,丰田,SUV,54,16,38,0.7037037037037037,16,10,6,41518.0,0.0,铂智3X,exact_name,False,True,False,False,False
30302,铂智4X,丰田,SUV,54,31,23,0.42592592592592593,26,26,5,333.0,442.0833333333333,铂智4X,exact_name,False,False,False,False,False
30672,铂智7,丰田,轿车,54,4,50,0.9259259259259259,4,0,4,10351.0,0.0,铂智7,exact_name,False,True,True,False,False
30889,银河A7,吉利银河,轿车,54,13,41,0.7592592592592593,13,7,6,28669.0,0.0,,unmatched,False,True,False,False,False
29481,银河E8,吉利银河,轿车,54,30,24,0.4444444444444444,30,24,6,1277.0,2620.0,银河E8,exact_name,False,False,False,False,False
31093,银河V900,吉利银河,MPV,54,7,47,0.8703703703703703,7,1,6,2582.0,0.0,银河V900,exact_name,False,True,False,False,False
30935,银河星耀6,吉利银河,轿车,54,10,44,0.8148148148148148,10,4,6,15231.0,0.0,银河星耀6,exact_name,False,True,False,False,False
31010,银河星耀7,吉利银河,轿车,54,3,51,0.9444444444444444,3,0,3,7797.0,0.0,银河星耀7,exact_name,False,True,True,False,False
30795,银河星耀8,吉利银河,轿车,54,15,39,0.7222222222222222,15,9,6,19114.0,0.0,,unmatched,False,True,False,False,False
28071,锋兰达,丰田,SUV,54,54,0,0.0,54,48,6,78625.0,17070.583333333332,锋兰达,exact_name,False,False,False,False,False
3539,锋范,本田,轿车,54,0,54,1.0,0,0,0,0.0,0.0,,unmatched,True,True,True,True,False
8575,锋驭,铃木,SUV,54,0,54,1.0,0,0,0,0.0,0.0,,unmatched,True,True,True,True,False
13745,锐3,纳智捷,轿车,54,0,54,1.0,0,0,0,0.0,0.0,,unmatched,True,True,True,True,False
1177,锐志,丰田,轿车,54,0,54,1.0,0,0,0,0.0,0.0,,unmatched,True,True,True,True,False
2323,锐欧,起亚,轿车,54,0,54,1.0,0,0,0,0.0,0.0,,unmatched,True,True,True,True,False
11607,锐界L,福特,SUV,54,54,0,0.0,54,48,6,10599.0,2489.8333333333335,锐界L,exact_name,False,False,False,False,False
25479,锐程CC,长安,轿车,54,18,36,0.6666666666666666,15,18,0,0.0,0.0,,unmatched,False,True,False,True,False
29137,锐程PLUS,长安,轿车,54,45,9,0.16666666666666666,45,39,6,21.0,573.8333333333334,锐程PLUS,exact_name,False,False,False,False,False
31133,锐胜M8,北汽制造,MPV,54,7,47,0.8703703703703703,7,1,6,72.0,0.0,,unmatched,False,True,False,False,False
31051,锐胜M8新能源,北汽制造,MPV,54,9,45,0.8333333333333334,9,3,6,821.0,0.0,,unmatched,False,True,False,False,False
24504,锐际,福特,SUV,54,54,0,0.0,54,48,6,1225.0,945.1666666666666,锐际,exact_name,False,False,False,False,False
26402,锐际新能源,福特,SUV,54,15,39,0.7222222222222222,12,15,0,0.0,0.0,,unmatched,False,True,False,True,False
4015,长城C20R,长城,轿车,54,0,54,1.0,0,0,0,0.0,0.0,,unmatched,True,True,True,True,False
4581,长城C30,长城,轿车,54,0,54,1.0,0,0,0,0.0,0.0,,unmatched,True,True,True,True,False
21764,长城C30新能源,长城,轿车,54,0,54,1.0,0,0,0,0.0,0.0,,unmatched,True,True,True,True,False
4674,长城C50,长城,轿车,54,0,54,1.0,0,0,0,0.0,0.0,,unmatched,True,True,True,True,False
4463,长城M2,长城,SUV,54,0,54,1.0,0,0,0,0.0,0.0,,unmatched,True,True,True,True,False
7199,长城M4,长城,SUV,54,0,54,1.0,0,0,0,0.0,0.0,,unmatched,True,True,True,True,False
21653,长安CS15EV,长安,SUV,54,0,54,1.0,0,0,0,0.0,0.0,,unmatched,True,True,True,True,False
8022,长安CS35,长安,SUV,54,0,54,1.0,0,0,0,0.0,0.0,,unmatched,True,True,True,True,False
25604,长安CS55PLUS,长安,SUV,54,48,6,0.1111111111111111,35,42,6,24263.0,4946.75,长安CS55 PLUS,unique_normalized_name,False,False,False,False,False
24393,长安CS75 PLUS,长安,SUV,54,54,0,0.0,54,48,6,72962.0,18196.083333333332,长安CS75 PLUS,exact_name,False,False,False,False,False
4585,长安CX20,长安,轿车,54,0,54,1.0,0,0,0,0.0,0.0,,unmatched,True,True,True,True,False
28707,长安Lumin,长安启源,轿车,54,50,4,0.07407407407407407,50,44,6,11826.0,12095.166666666666,长安Lumin,exact_name,False,False,False,False,False
26841,长安UNI-K,长安,SUV,54,52,2,0.037037037037037035,37,47,5,166.0,1171.6666666666667,长安UNI-K,exact_name,False,False,False,False,False
28032,长安UNI-K 智电iDD,长安,SUV,54,47,7,0.12962962962962962,31,43,4,7.0,80.5,长安UNI-K 智电iDD,exact_name,False,False,False,False,False
25903,长安UNI-T,长安,SUV,54,54,0,0.0,54,48,6,102.0,620.75,长安UNI-T,exact_name,False,False,False,False,False
27881,长安UNI-V,长安,轿车,54,54,0,0.0,54,48,6,12613.0,6874.083333333333,长安UNI-V,exact_name,False,False,False,False,False
30365,长安UNI-Z新能源,长安,SUV,54,27,27,0.5,27,21,6,19808.0,5135.666666666667,长安UNI-Z新能源,exact_name,False,False,False,False,False
30322,长安X5 PLUS,长安,SUV,54,17,37,0.6851851851851852,17,11,6,50256.0,0.0,长安X5 PLUS,exact_name,False,True,False,False,False
29653,长安启源A07,长安启源,轿车,54,34,20,0.37037037037037035,34,28,6,9305.0,4579.666666666667,长安启源A07,exact_name,False,False,False,False,False
30092,长安启源Q05经典,长安启源,SUV,54,24,30,0.5555555555555556,23,24,0,0.0,3181.4166666666665,长安启源Q05经典,exact_name,False,True,False,True,True
30626,长安欧尚520,长安欧尚,轿车,54,15,39,0.7222222222222222,15,9,6,2668.0,0.0,长安欧尚520,exact_name,False,True,False,False,False
21523,长安欧尚A800,长安欧尚,MPV,54,0,54,1.0,0,0,0,0.0,0.0,,unmatched,True,True,True,True,False
22323,长安欧尚X70A,长安欧尚,SUV,54,10,44,0.8148148148148148,10,10,0,0.0,0.0,,unmatched,False,True,False,True,False
28760,长安欧尚Z6 智电iDD,长安欧尚,SUV,54,38,16,0.2962962962962963,33,38,0,0.0,1428.5833333333333,,unmatched,False,False,False,True,True
24443,长安欧尚科赛5,长安欧尚,SUV,54,0,54,1.0,0,0,0,0.0,0.0,,unmatched,True,True,True,True,False
26704,长安欧尚科赛Pro,长安欧尚,SUV,54,0,54,1.0,0,0,0,0.0,0.0,,unmatched,True,True,True,True,False
377,阳光,日产,轿车,54,0,54,1.0,0,0,0,0.0,0.0,,unmatched,True,True,True,True,False
30703,阿维塔06,阿维塔,轿车,54,15,39,0.7222222222222222,15,9,6,9368.0,0.0,阿维塔 06,unique_normalized_name,False,True,False,False,False
29447,阿维塔12,阿维塔,轿车,54,30,24,0.4444444444444444,29,24,6,4917.0,2221.5,阿维塔 12,unique_normalized_name,False,False,False,False,False
652,陆霸,北汽制造,SUV,54,0,54,1.0,0,0,0,0.0,0.0,,unmatched,True,True,True,True,False
8571,陆风X5,陆风,SUV,54,0,54,1.0,0,0,0,0.0,0.0,,unmatched,True,True,True,True,False
8860,陆风X7,陆风,SUV,54,0,54,1.0,0,0,0,0.0,0.0,,unmatched,True,True,True,True,False
4248,陆风X8,陆风,SUV,54,0,54,1.0,0,0,0,0.0,0.0,,unmatched,True,True,True,True,False
90,雅阁,本田,轿车,54,54,0,0.0,54,48,6,40401.0,12745.75,雅阁,exact_name,False,False,False,False,False
1053,雨燕,铃木,轿车,54,0,54,1.0,0,0,0,0.0,0.0,,unmatched,True,True,True,True,False
2064,雪铁龙C2,雪铁龙,轿车,54,0,54,1.0,0,0,0,0.0,0.0,,unmatched,True,True,True,True,False
8331,雪铁龙C4L,雪铁龙,轿车,54,0,54,1.0,0,0,0,0.0,0.0,,unmatched,True,True,True,True,False
4125,雪铁龙C5,雪铁龙,轿车,54,0,54,1.0,0,0,0,0.0,0.0,,unmatched,True,True,True,True,False
30816,零跑B01,零跑汽车,轿车,54,13,41,0.7592592592592593,13,7,6,21466.0,0.0,零跑B01,exact_name,False,True,False,False,False
31126,零跑D99,零跑汽车,MPV,54,1,53,0.9814814814814815,1,0,1,327.0,0.0,,unmatched,False,True,True,False,False
30983,零跑Lafa5,零跑汽车,轿车,54,9,45,0.8333333333333334,9,3,6,20044.0,0.0,零跑Lafa5,exact_name,False,True,False,False,False
22333,零跑S01,零跑汽车,轿车,54,4,50,0.9259259259259259,3,4,0,0.0,0.0,,unmatched,False,True,False,True,False
25653,零跑T03,零跑汽车,轿车,54,54,0,0.0,54,48,6,3773.0,5189.583333333333,零跑T03,exact_name,False,False,False,False,False
24965,雷丁i3,雷丁,轿车,54,0,54,1.0,0,0,0,0.0,0.0,,unmatched,True,True,True,True,False
24995,雷丁i5,雷丁,轿车,54,0,54,1.0,0,0,0,0.0,0.0,,unmatched,True,True,True,True,False
24975,雷丁i9,雷丁,SUV,54,0,54,1.0,0,0,0,0.0,0.0,,unmatched,True,True,True,True,False
10801,雷凌,丰田,轿车,54,54,0,0.0,54,48,6,2626.0,5745.25,雷凌,exact_name,False,False,False,False,False
13351,雷凌双擎E+,丰田,轿车,54,19,35,0.6481481481481481,15,19,0,0.0,0.0,,unmatched,False,True,False,True,False
24224,雷诺 e诺,雷诺,SUV,54,0,54,1.0,0,0,0,0.0,0.0,,unmatched,True,True,True,True,False
21568,领克03,领克,轿车,54,54,0,0.0,54,48,6,23160.0,4547.166666666667,领克03,exact_name,False,False,False,False,False
30358,领克07,领克,轿车,54,26,28,0.5185185185185185,26,20,6,12175.0,3311.5,领克07,exact_name,False,False,False,False,False
30905,领克10,领克,轿车,54,11,43,0.7962962962962963,11,5,6,18023.0,0.0,领克10,exact_name,False,True,False,False,False
13398,领动,现代,轿车,54,0,54,1.0,0,0,0,0.0,0.0,,unmatched,True,True,True,True,False
24680,领动 插电混动,现代,轿车,54,12,42,0.7777777777777778,12,12,0,0.0,0.0,,unmatched,False,True,False,True,False
23993,领途E骋,领途,轿车,54,0,54,1.0,0,0,0,0.0,0.0,,unmatched,True,True,True,True,False
23608,领途K-ONE,领途,SUV,54,0,54,1.0,0,0,0,0.0,0.0,,unmatched,True,True,True,True,False
4100,风云2,奇瑞,轿车,54,0,54,1.0,0,0,0,0.0,0.0,,unmatched,True,True,True,True,False
30262,风云A9L,奇瑞风云,轿车,54,12,42,0.7777777777777778,12,6,6,13354.0,0.0,风云A9L,exact_name,False,True,False,False,False
9423,风光,东风小康,MPV,54,0,54,1.0,0,0,0,0.0,0.0,,unmatched,True,True,True,True,False
12985,风光330,东风风光,MPV,54,53,1,0.018518518518518517,51,47,6,58.0,159.41666666666666,风光330,exact_name,False,False,False,False,False
12986,风光360,东风风光,MPV,54,0,54,1.0,0,0,0,0.0,0.0,,unmatched,True,True,True,True,False
28692,风光380,东风风光,MPV,54,51,3,0.05555555555555555,44,45,6,271.0,252.41666666666666,风光380,exact_name,False,False,False,False,False
29241,风光E380,东风风光,MPV,54,41,13,0.24074074074074073,30,36,5,20.0,40.416666666666664,风光E380,exact_name,False,False,False,False,False
1614,风尚,陆风,MPV,54,0,54,1.0,0,0,0,0.0,0.0,,unmatched,True,True,True,True,False
11002,风尚·陆地方舟,陆地方舟,MPV,54,0,54,1.0,0,0,0,0.0,0.0,,unmatched,True,True,True,True,False
9261,风行CM7,东风风行,MPV,54,0,54,1.0,0,0,0,0.0,0.0,,unmatched,True,True,True,True,False
12543,风行S500,东风风行,MPV,54,0,54,1.0,0,0,0,0.0,0.0,,unmatched,True,True,True,True,False
22354,风行S500EV,东风风行,轿车,54,0,54,1.0,0,0,0,0.0,0.0,,unmatched,True,True,True,True,False
13540,风行SX6,东风风行,SUV,54,0,54,1.0,0,0,0,0.0,0.0,,unmatched,True,True,True,True,False
29146,飞凡F7,飞凡汽车,轿车,54,39,15,0.2777777777777778,35,34,5,962.0,243.41666666666666,飞凡F7,exact_name,False,False,False,False,False
444,飞腾,猎豹汽车,SUV,54,0,54,1.0,0,0,0,0.0,0.0,,unmatched,True,True,True,True,False
3124,马自达2,马自达,轿车,54,0,54,1.0,0,0,0,0.0,0.0,,unmatched,True,True,True,True,False
1649,马自达3,马自达,轿车,54,0,54,1.0,0,0,0,0.0,0.0,,unmatched,True,True,True,True,False
10280,马自达3 昂克赛拉,马自达,轿车,54,54,0,0.0,54,48,6,3583.0,2463.5833333333335,马自达3 昂克赛拉,exact_name,False,False,False,False,False
7565,马自达3星骋,马自达,轿车,54,0,54,1.0,0,0,0,0.0,0.0,,unmatched,True,True,True,True,False
354,马自达6,马自达,轿车,54,0,54,1.0,0,0,0,0.0,0.0,,unmatched,True,True,True,True,False
7042,马自达8,马自达,MPV,54,0,54,1.0,0,0,0,0.0,0.0,,unmatched,True,True,True,True,False
8680,马自达CX-7,马自达,SUV,54,0,54,1.0,0,0,0,0.0,0.0,,unmatched,True,True,True,True,False
30443,马自达EZ-6,马自达,轿车,54,20,34,0.6296296296296297,20,14,6,8199.0,288.5,马自达EZ-6,exact_name,False,True,False,False,False
12623,驭胜S330,驭胜,SUV,54,0,54,1.0,0,0,0,0.0,0.0,,unmatched,True,True,True,True,False
4519,驭胜S350,驭胜,SUV,54,0,54,1.0,0,0,0,0.0,0.0,,unmatched,True,True,True,True,False
27924,驱逐舰05,比亚迪,轿车,54,52,2,0.037037037037037035,52,46,6,4388.0,18102.666666666668,驱逐舰05,exact_name,False,False,False,False,False
21625,骁途,铃木,SUV,54,0,54,1.0,0,0,0,0.0,0.0,,unmatched,True,True,True,True,False
2543,骊威,日产,轿车,54,0,54,1.0,0,0,0,0.0,0.0,,unmatched,True,True,True,True,False
1584,骏捷,中华,轿车,54,0,54,1.0,0,0,0,0.0,0.0,,unmatched,True,True,True,True,False
3184,骏捷FRV,中华,轿车,54,0,54,1.0,0,0,0,0.0,0.0,,unmatched,True,True,True,True,False
3785,骏捷FSV,中华,轿车,54,0,54,1.0,0,0,0,0.0,0.0,,unmatched,True,True,True,True,False
21613,骏派A50,一汽,轿车,54,0,54,1.0,0,0,0,0.0,0.0,,unmatched,True,True,True,True,False
14265,骏派A70,一汽,轿车,54,0,54,1.0,0,0,0,0.0,0.0,,unmatched,True,True,True,True,False
21943,骏派A70E,一汽,轿车,54,0,54,1.0,0,0,0,0.0,0.0,,unmatched,True,True,True,True,False
21587,骏派CX65,一汽,轿车,54,0,54,1.0,0,0,0,0.0,0.0,,unmatched,True,True,True,True,False
7329,骏派D60,一汽,SUV,54,0,54,1.0,0,0,0,0.0,0.0,,unmatched,True,True,True,True,False
22635,骏派D80,一汽,SUV,54,0,54,1.0,0,0,0,0.0,0.0,,unmatched,True,True,True,True,False
5045,骐达,日产,轿车,54,54,0,0.0,54,48,6,495.0,1266.4166666666667,骐达,exact_name,False,False,False,False,False
3898,骑士,海马,SUV,54,0,54,1.0,0,0,0,0.0,0.0,,unmatched,True,True,True,True,False
4437,高尔夫,大众,轿车,54,54,0,0.0,54,48,6,7498.0,3462.6666666666665,高尔夫,exact_name,False,False,False,False,False
30566,高尔夫GTI,大众,轿车,54,14,40,0.7407407407407407,14,8,6,982.0,0.0,高尔夫GTI,exact_name,False,True,False,False,False
13428,高尔夫·嘉旅,大众,MPV,54,0,54,1.0,0,0,0,0.0,0.0,,unmatched,True,True,True,True,False
23893,高尔夫·纯电,大众,轿车,54,0,54,1.0,0,0,0,0.0,0.0,,unmatched,True,True,True,True,False
21074,魏牌 VV5,魏牌,SUV,54,0,54,1.0,0,0,0,0.0,0.0,,unmatched,True,True,True,True,False
22948,魏牌 VV6,魏牌,SUV,54,0,54,1.0,0,0,0,0.0,0.0,,unmatched,True,True,True,True,False
21073,魏牌 VV7,魏牌,SUV,54,0,54,1.0,0,0,0,0.0,0.0,,unmatched,True,True,True,True,False
29651,魏牌 高山,魏牌,MPV,54,32,22,0.4074074074074074,32,26,6,34227.0,469.4166666666667,魏牌 高山,exact_name,False,False,False,False,False
445,黑金刚,猎豹汽车,SUV,54,0,54,1.0,0,0,0,0.0,0.0,,unmatched,True,True,True,True,False
