series_id,series_name,brand,category,in_model_cohort,row_months,raw_positive_months,repaired_positive_months,raw_first_positive_date,raw_last_positive_date,repaired_first_positive_date,repaired_last_positive_date,prelaunch_zero_months,internal_zero_months,longest_internal_zero_run,trailing_zero_months,raw_train_positive_months,raw_test_sales,repaired_test_sales,test_sales_delta,reference_avg_12_before_raw_cutoff,audit_status,current_modeling_action,evidence_url,status_note,flag_never_positive,flag_no_positive_in_training,flag_all_zero_raw_test,flag_all_zero_repaired_test,flag_internal_gap_ge3,flag_recent_trailing_cutoff,flag_high_volume_cutoff,verification_priority,risk_score,verification_reason
30092,长安启源Q05经典,长安启源,SUV,True,54,24,24,2023-12-01,2025-12-01,2023-12-01,2025-12-01,23,1,1,6,18,0,0,0,2016.9166666666667,source_page_stops_before_period,keep_zero_pending_manual,https://price.pcauto.com.cn/salescar/sg30092/,同源页面序列止于2025-12；不可与名称不同的新Q05自动合并,False,False,True,True,False,True,True,high,135,source page stops before audit period; affects 371-series model cohort; entire repaired test window is zero; positive in 2025 then at least 6 trailing zeros; high-volume history followed by a zero gap
27551,奥迪Q5 e-tron,奥迪,SUV,True,54,45,45,2022-03-01,2025-12-01,2022-03-01,2025-12-01,2,1,1,6,39,0,0,0,278.1666666666667,source_page_stops_before_period,keep_zero_pending_manual,https://price.pcauto.com.cn/salescar/sg27551/,同源页面序列止于2025-12但未见明确停售标记,False,False,True,True,False,True,False,high,110,source page stops before audit period; affects 371-series model cohort; entire repaired test window is zero; positive in 2025 then at least 6 trailing zeros
30347,电动MINI COOPER,MINI,轿车,True,54,10,10,2025-03-01,2025-12-01,2025-03-01,2025-12-01,38,0,0,6,4,0,0,0,794.3333333333334,unreviewed,not_reviewed,,,False,False,True,True,False,True,True,high,90,affects 371-series model cohort; entire repaired test window is zero; positive in 2025 then at least 6 trailing zeros; high-volume history followed by a zero gap
22904,海马8S,海马郑州,SUV,True,54,28,28,2022-01-01,2025-12-01,2022-01-01,2025-12-01,0,20,6,6,24,0,0,0,123.91666666666667,unreviewed,not_reviewed,,,False,False,True,True,True,True,False,high,77,affects 371-series model cohort; entire repaired test window is zero; internal zero run=6 months; positive in 2025 then at least 6 trailing zeros
26061,奔奔E-Star,长安欧尚,轿车,True,54,40,40,2022-01-01,2025-12-01,2022-01-01,2025-12-01,0,8,4,6,38,0,0,0,233.5,unreviewed,not_reviewed,,,False,False,True,True,True,True,False,high,73,affects 371-series model cohort; entire repaired test window is zero; internal zero run=4 months; positive in 2025 then at least 6 trailing zeros
27201,摩卡,魏牌,SUV,True,54,12,12,2022-01-01,2022-12-01,2022-01-01,2022-12-01,0,0,0,42,12,0,0,0,628.6666666666666,unreviewed,not_reviewed,,,False,False,True,True,False,False,True,high,70,affects 371-series model cohort; entire repaired test window is zero; high-volume history followed by a zero gap
30064,哪吒AYA,哪吒汽车,SUV,False,54,17,17,2023-08-01,2024-12-01,2023-08-01,2024-12-01,19,0,0,18,17,0,0,0,576.75,unresolved,keep_zero_pending_manual,,2024-12后全零；尚未以同口径来源确认生命周期状态,False,False,True,True,False,False,True,high,70,previous high-risk review unresolved; entire repaired test window is zero; high-volume history followed by a zero gap
28842,极越01,极越,SUV,False,54,13,13,2023-12-01,2024-12-01,2023-12-01,2024-12-01,23,0,0,18,13,0,0,0,795.6666666666666,unresolved,keep_zero_pending_manual,,2024-12后全零；尚未以同口径来源确认生命周期状态,False,False,True,True,False,False,True,high,70,previous high-risk review unresolved; entire repaired test window is zero; high-volume history followed by a zero gap
4613,五菱宏光,五菱,SUV,True,54,0,0,,,,,0,0,0,54,0,0,0,0,0.0,unreviewed,not_reviewed,,,True,True,True,True,False,False,False,high,65,affects 371-series model cohort; no positive sales in entire 54-month panel
9604,五菱宏光S,五菱,MPV,True,54,0,0,,,,,0,0,0,54,0,0,0,0,0.0,unreviewed,not_reviewed,,,True,True,True,True,False,False,False,high,65,affects 371-series model cohort; no positive sales in entire 54-month panel
30388,电动MINI ACEMAN,MINI,SUV,True,54,10,10,2025-03-01,2025-12-01,2025-03-01,2025-12-01,38,0,0,6,4,0,0,0,124.41666666666667,unreviewed,not_reviewed,,,False,False,True,True,False,True,False,high,65,affects 371-series model cohort; entire repaired test window is zero; positive in 2025 then at least 6 trailing zeros
30133,捷途山海L9,捷途,SUV,False,54,26,26,2023-11-01,2025-12-01,2023-11-01,2025-12-01,22,0,0,6,20,0,0,0,320.1666666666667,unresolved,keep_zero_pending_manual,,2025年末仍有销量；测试期全零需继续核验,False,False,True,True,False,True,False,high,65,previous high-risk review unresolved; entire repaired test window is zero; positive in 2025 then at least 6 trailing zeros
28760,长安欧尚Z6 智电iDD,长安欧尚,SUV,False,54,38,38,2022-09-01,2025-12-01,2022-09-01,2025-12-01,8,2,1,6,33,0,0,0,114.08333333333333,unresolved,keep_zero_pending_manual,,2025年销量降至个位数后归零；尚无足够证据区分停产后零值和来源缺失,False,False,True,True,False,True,False,high,65,previous high-risk review unresolved; entire repaired test window is zero; positive in 2025 then at least 6 trailing zeros
28964,东南DX8 PLUS,东南,轿车,False,54,3,3,2022-10-01,2022-12-01,2022-10-01,2022-12-01,9,0,0,42,3,0,0,0,947.0,unreviewed,not_reviewed,,,False,False,True,True,False,False,True,high,40,entire repaired test window is zero; high-volume history followed by a zero gap
21666,博骏,野马汽车,SUV,False,54,12,12,2022-01-01,2022-12-01,2022-01-01,2022-12-01,0,0,0,42,12,0,0,0,654.1666666666666,unreviewed,not_reviewed,,,False,False,True,True,False,False,True,high,40,entire repaired test window is zero; high-volume history followed by a zero gap
23173,名爵HS,MG名爵,SUV,False,54,12,12,2022-01-01,2022-12-01,2022-01-01,2022-12-01,0,0,0,42,12,0,0,0,503.75,unreviewed,not_reviewed,,,False,False,True,True,False,False,True,high,40,entire repaired test window is zero; high-volume history followed by a zero gap
10846,启悦,铃木,轿车,False,54,12,12,2022-01-01,2022-12-01,2022-01-01,2022-12-01,0,0,0,42,12,0,0,0,845.5,unreviewed,not_reviewed,,,False,False,True,True,False,False,True,high,40,entire repaired test window is zero; high-volume history followed by a zero gap
24725,威马W6,威马汽车,SUV,False,54,12,12,2022-01-01,2022-12-01,2022-01-01,2022-12-01,0,0,0,42,12,0,0,0,530.6666666666666,unreviewed,not_reviewed,,,False,False,True,True,False,False,True,high,40,entire repaired test window is zero; high-volume history followed by a zero gap
22283,宝骏530,宝骏,SUV,False,54,10,10,2022-01-01,2022-12-01,2022-01-01,2022-12-01,0,2,1,42,10,0,0,0,918.6666666666666,unreviewed,not_reviewed,,,False,False,True,True,False,False,True,high,40,entire repaired test window is zero; high-volume history followed by a zero gap
100,桑塔纳,大众,轿车,False,54,23,23,2022-01-01,2023-12-01,2022-01-01,2023-12-01,0,1,1,30,23,0,0,0,2589.1666666666665,unreviewed,not_reviewed,,,False,False,True,True,False,False,True,high,40,entire repaired test window is zero; high-volume history followed by a zero gap
25051,荣威RX5 eMAX,荣威,SUV,False,54,10,10,2022-03-01,2022-12-01,2022-03-01,2022-12-01,2,0,0,42,10,0,0,0,984.75,unreviewed,not_reviewed,,,False,False,True,True,False,False,True,high,40,entire repaired test window is zero; high-volume history followed by a zero gap
25604,长安CS55PLUS,长安,SUV,False,54,48,48,2022-01-01,2026-06-01,2022-01-01,2026-06-01,0,6,6,0,36,24263,24263,0,4512.5,unreviewed,not_reviewed,,,False,False,False,False,True,False,True,high,37,internal zero run=6 months; high-volume history followed by a zero gap
28671,沃尔沃C40,沃尔沃,SUV,True,54,32,32,2022-07-01,2025-12-01,2022-07-01,2025-12-01,6,10,10,6,31,0,0,0,0.3333333333333333,unreviewed,not_reviewed,,,False,False,True,True,True,True,False,medium,85,affects 371-series model cohort; entire repaired test window is zero; internal zero run=10 months; positive in 2025 then at least 6 trailing zeros
30727,海马INJOY,海马,轿车,True,54,3,3,2024-12-01,2025-12-01,2024-12-01,2025-12-01,35,10,7,6,1,0,0,0,5.916666666666667,unreviewed,not_reviewed,,,False,False,True,True,True,True,False,medium,79,affects 371-series model cohort; entire repaired test window is zero; internal zero run=7 months; positive in 2025 then at least 6 trailing zeros
28425,合创A06,合创汽车,轿车,True,54,27,27,2022-11-01,2025-12-01,2022-11-01,2025-12-01,10,11,5,6,26,0,0,0,2.1666666666666665,unreviewed,not_reviewed,,,False,False,True,True,True,True,False,medium,75,affects 371-series model cohort; entire repaired test window is zero; internal zero run=5 months; positive in 2025 then at least 6 trailing zeros
29652,Polestar 4,Polestar极星,SUV,True,54,1,1,2025-12-01,2025-12-01,2025-12-01,2025-12-01,47,0,0,6,0,0,0,0,7.0,unreviewed,not_reviewed,,,False,True,True,True,False,True,False,medium,65,affects 371-series model cohort; entire repaired test window is zero; positive in 2025 then at least 6 trailing zeros
27476,欧拉闪电猫,欧拉,轿车,True,54,38,38,2022-11-01,2025-12-01,2022-11-01,2025-12-01,10,0,0,6,32,0,0,0,29.833333333333332,unreviewed,not_reviewed,,,False,False,True,True,False,True,False,medium,65,affects 371-series model cohort; entire repaired test window is zero; positive in 2025 then at least 6 trailing zeros
29119,猛士917,猛士,SUV,True,54,3,3,2025-10-01,2025-12-01,2025-10-01,2025-12-01,45,0,0,6,0,0,0,0,4.75,unreviewed,not_reviewed,,,False,True,True,True,False,True,False,medium,65,affects 371-series model cohort; entire repaired test window is zero; positive in 2025 then at least 6 trailing zeros
25651,红旗E-HS9,红旗,SUV,True,54,24,24,2023-12-01,2025-12-01,2023-12-01,2025-12-01,23,1,1,6,18,0,0,0,26.5,unreviewed,not_reviewed,,,False,False,True,True,False,True,False,medium,65,affects 371-series model cohort; entire repaired test window is zero; positive in 2025 then at least 6 trailing zeros
29951,江淮A5 PLUS,江淮,轿车,True,54,12,12,2023-06-01,2024-12-01,2023-06-01,2024-12-01,17,7,7,18,12,0,0,0,7.25,unreviewed,not_reviewed,,,False,False,True,True,True,False,False,medium,59,affects 371-series model cohort; entire repaired test window is zero; internal zero run=7 months
23313,启辰T60,启辰,SUV,True,54,27,27,2022-01-01,2024-12-01,2022-01-01,2024-12-01,0,9,6,18,27,0,0,0,0.25,unreviewed,not_reviewed,,,False,False,True,True,True,False,False,medium,57,affects 371-series model cohort; entire repaired test window is zero; internal zero run=6 months
23869,享域,本田,轿车,True,54,31,31,2022-01-01,2024-12-01,2022-01-01,2024-12-01,0,5,4,18,31,0,0,0,4.083333333333333,unreviewed,not_reviewed,,,False,False,True,True,True,False,False,medium,53,affects 371-series model cohort; entire repaired test window is zero; internal zero run=4 months
27422,小虎FEV,小虎,轿车,True,54,30,30,2022-01-01,2024-12-01,2022-01-01,2024-12-01,0,6,4,18,30,0,0,0,41.083333333333336,unreviewed,not_reviewed,,,False,False,True,True,True,False,False,medium,53,affects 371-series model cohort; entire repaired test window is zero; internal zero run=4 months
21448,奥迪A6L e-tron,奥迪,轿车,True,54,29,29,2022-01-01,2026-06-01,2022-01-01,2026-06-01,0,25,11,0,25,139,139,0,50.166666666666664,unreviewed,not_reviewed,,,False,False,False,False,True,False,False,medium,52,affects 371-series model cohort; internal zero run=11 months
27362,ID.6 CROZZ,大众,SUV,True,54,49,49,2022-01-01,2026-06-01,2022-01-01,2026-06-01,0,5,5,0,42,1,1,0,5.416666666666667,unreviewed,not_reviewed,,,False,False,False,False,True,False,False,medium,40,affects 371-series model cohort; internal zero run=5 months
23973,迈腾PHEV,大众,轿车,True,54,44,44,2022-01-01,2026-06-01,2022-01-01,2026-06-01,0,10,5,0,41,118,118,0,10.0,unreviewed,not_reviewed,,,False,False,False,False,True,False,False,medium,40,affects 371-series model cohort; internal zero run=5 months
28601,枫叶60s,睿蓝汽车,轿车,True,54,48,48,2022-01-01,2026-06-01,2022-01-01,2026-06-01,0,6,4,0,37,1370,1370,0,178.83333333333334,unreviewed,not_reviewed,,,False,False,False,False,True,False,False,medium,38,affects 371-series model cohort; internal zero run=4 months
24136,SWM斯威X2,SWM斯威汽车,MPV,False,54,10,10,2022-01-01,2023-12-01,2022-01-01,2023-12-01,0,14,11,30,10,0,0,0,5.916666666666667,unreviewed,not_reviewed,,,False,False,True,True,True,False,False,medium,37,entire repaired test window is zero; internal zero run=11 months
30355,红旗天工08,红旗,SUV,True,54,23,23,2024-05-01,2026-06-01,2024-05-01,2026-06-01,28,3,3,0,11,460,460,0,132.25,unreviewed,not_reviewed,,,False,False,False,False,True,False,False,medium,36,affects 371-series model cohort; internal zero run=3 months
26763,荣威i6 MAX新能源,荣威,轿车,True,54,50,50,2022-02-01,2026-06-01,2022-02-01,2026-06-01,1,3,3,0,41,31,31,0,290.8333333333333,unreviewed,not_reviewed,,,False,False,False,False,True,False,False,medium,36,affects 371-series model cohort; internal zero run=3 months
28426,合创V09,合创汽车,MPV,False,54,23,23,2023-10-01,2025-12-01,2023-10-01,2025-12-01,21,4,2,6,17,0,0,0,14.583333333333334,unreviewed,not_reviewed,,,False,False,True,True,False,True,False,medium,35,entire repaired test window is zero; positive in 2025 then at least 6 trailing zeros
22393,奕泽IZOA,丰田,SUV,False,54,45,45,2022-01-01,2025-12-01,2022-01-01,2025-12-01,0,3,2,6,42,0,0,0,13.0,unreviewed,not_reviewed,,,False,False,True,True,False,True,False,medium,35,entire repaired test window is zero; positive in 2025 then at least 6 trailing zeros
30999,星海X5,东风风行,SUV,False,54,3,3,2025-10-01,2025-12-01,2025-10-01,2025-12-01,45,0,0,6,0,0,0,0,473.25,unreviewed,not_reviewed,,,False,True,True,True,False,True,False,medium,35,entire repaired test window is zero; positive in 2025 then at least 6 trailing zeros
22333,零跑S01,零跑汽车,轿车,False,54,4,4,2022-01-01,2022-12-01,2022-01-01,2022-12-01,0,8,8,42,4,0,0,0,5.25,unreviewed,not_reviewed,,,False,False,True,True,True,False,False,medium,31,entire repaired test window is zero; internal zero run=8 months
27044,MG领航新能源,MG名爵,SUV,False,54,7,7,2023-01-01,2023-12-01,2023-01-01,2023-12-01,12,5,5,30,7,0,0,0,11.5,unreviewed,not_reviewed,,,False,False,True,True,True,False,False,medium,25,entire repaired test window is zero; internal zero run=5 months
20582,SWM斯威X7,SWM斯威汽车,SUV,False,54,13,13,2022-01-01,2023-12-01,2022-01-01,2023-12-01,0,11,5,30,13,0,0,0,99.83333333333333,unreviewed,not_reviewed,,,False,False,True,True,True,False,False,medium,25,entire repaired test window is zero; internal zero run=5 months
22734,逸动DT,长安,轿车,False,54,16,16,2022-04-01,2023-12-01,2022-04-01,2023-12-01,3,5,5,30,16,0,0,0,40.416666666666664,unreviewed,not_reviewed,,,False,False,True,True,True,False,False,medium,25,entire repaired test window is zero; internal zero run=5 months
26402,锐际新能源,福特,SUV,False,54,15,15,2022-01-01,2023-12-01,2022-01-01,2023-12-01,0,9,5,30,15,0,0,0,0.4166666666666667,unreviewed,not_reviewed,,,False,False,True,True,True,False,False,medium,25,entire repaired test window is zero; internal zero run=5 months
25100,冒险家新能源,林肯,SUV,False,54,14,14,2022-05-01,2023-12-01,2022-05-01,2023-12-01,4,6,4,30,14,0,0,0,1.0833333333333333,unreviewed,not_reviewed,,,False,False,True,True,True,False,False,medium,23,entire repaired test window is zero; internal zero run=4 months
3188,凯越,别克,轿车,False,54,14,14,2022-07-01,2023-12-01,2022-07-01,2023-12-01,6,4,4,30,14,0,0,0,27.0,unreviewed,not_reviewed,,,False,False,True,True,True,False,False,medium,23,entire repaired test window is zero; internal zero run=4 months
23803,富康ES500,东风富康,轿车,False,54,4,4,2022-03-01,2022-12-01,2022-03-01,2022-12-01,2,6,4,42,4,0,0,0,0.8333333333333334,unreviewed,not_reviewed,,,False,False,True,True,True,False,False,medium,23,entire repaired test window is zero; internal zero run=4 months
13509,自由侠,Jeep,SUV,False,54,6,6,2022-03-01,2022-12-01,2022-03-01,2022-12-01,2,4,4,42,6,0,0,0,2.75,unreviewed,not_reviewed,,,False,False,True,True,True,False,False,medium,23,entire repaired test window is zero; internal zero run=4 months
25479,锐程CC,长安,轿车,False,54,18,18,2022-01-01,2023-12-01,2022-01-01,2023-12-01,0,6,4,30,18,0,0,0,69.08333333333333,unreviewed,not_reviewed,,,False,False,True,True,True,False,False,medium,23,entire repaired test window is zero; internal zero run=4 months
13351,雷凌双擎E+,丰田,轿车,False,54,19,19,2022-01-01,2023-12-01,2022-01-01,2023-12-01,0,5,4,30,19,0,0,0,1.8333333333333333,unreviewed,not_reviewed,,,False,False,True,True,True,False,False,medium,23,entire repaired test window is zero; internal zero run=4 months
28742,ARIYA艾睿雅,日产,SUV,False,54,37,37,2022-10-01,2026-06-01,2022-10-01,2026-06-01,9,8,5,0,30,7,7,0,1.5833333333333333,unreviewed,not_reviewed,,,False,False,False,False,True,False,False,medium,10,internal zero run=5 months
