series_name,date,actual,pred
威朗,2026-01-01,503.0,836.7068866664057
威朗,2026-02-01,223.0,836.7068866664057
威朗,2026-03-01,348.0,836.7068866664057
威朗,2026-04-01,153.0,836.7068866664057
威朗,2026-05-01,115.0,836.7068866664057
威朗,2026-06-01,128.0,836.7068866664057
型格,2026-01-01,936.0,1179.0
型格,2026-02-01,332.0,1179.0
型格,2026-03-01,345.0,1179.0
型格,2026-04-01,134.0,1179.0
型格,2026-05-01,142.0,1179.0
型格,2026-06-01,110.0,1179.0
荣威i5,2026-01-01,5900.0,5159.749831488317
荣威i5,2026-02-01,4163.0,5504.635936398094
荣威i5,2026-03-01,5946.0,5674.13569261117
荣威i5,2026-04-01,6547.0,5757.4390410131255
荣威i5,2026-05-01,2416.0,5798.379795206624
荣威i5,2026-06-01,247.0,5818.500779369767
奥迪A3,2026-01-01,5770.0,6126.655697469229
奥迪A3,2026-02-01,3952.0,6126.655697469229
奥迪A3,2026-03-01,7611.0,6126.655697469229
奥迪A3,2026-04-01,5936.0,6126.655697469229
奥迪A3,2026-05-01,5801.0,6126.655697469229
奥迪A3,2026-06-01,5284.0,6126.655697469229
领克03,2026-01-01,6402.0,5455.0
领克03,2026-02-01,3250.0,5455.0
领克03,2026-03-01,4469.0,5455.0
领克03,2026-04-01,3324.0,5455.0
领克03,2026-05-01,2899.0,5455.0
领克03,2026-06-01,2816.0,5455.0
高尔夫,2026-01-01,1135.0,2909.0
高尔夫,2026-02-01,756.0,2909.0
高尔夫,2026-03-01,1508.0,2909.0
高尔夫,2026-04-01,972.0,2909.0
高尔夫,2026-05-01,1821.0,2909.0
高尔夫,2026-06-01,1306.0,2909.0
捷达VA3,2026-01-01,1848.0,2771.8475735353204
捷达VA3,2026-02-01,697.0,2900.7427752513463
捷达VA3,2026-03-01,2729.0,2965.679771900726
捷达VA3,2026-04-01,2660.0,2998.3948262836793
捷达VA3,2026-05-01,3005.0,3014.8765676407434
捷达VA3,2026-06-01,3060.0,3023.1800170246665
马自达3 昂克赛拉,2026-01-01,956.0,1669.5493591243733
马自达3 昂克赛拉,2026-02-01,666.0,1786.4514621007247
马自达3 昂克赛拉,2026-03-01,684.0,1839.5488799260727
马自达3 昂克赛拉,2026-04-01,423.0,1863.6659463255533
马自达3 昂克赛拉,2026-05-01,464.0,1874.6200174562832
马自达3 昂克赛拉,2026-06-01,390.0,1879.5954017899135
轩逸,2026-01-01,24209.0,19396.413308848747
轩逸,2026-02-01,8998.0,27999.410692336976
轩逸,2026-03-01,28093.0,27999.410692336976
轩逸,2026-04-01,10564.0,27999.410692336976
轩逸,2026-05-01,12936.0,27999.410692336976
轩逸,2026-06-01,10329.0,27999.410692336976
朗逸,2026-01-01,23481.0,22181.0
朗逸,2026-02-01,16111.0,22181.0
朗逸,2026-03-01,19939.0,22181.0
朗逸,2026-04-01,12457.0,22181.0
朗逸,2026-05-01,13033.0,22181.0
朗逸,2026-06-01,15444.0,22181.0
速腾,2026-01-01,25316.0,21602.553708498283
速腾,2026-02-01,13803.0,21646.439662710265
速腾,2026-03-01,16891.0,21678.779831369142
速腾,2026-04-01,9806.0,21702.61175043447
速腾,2026-05-01,9554.0,21720.173822306362
速腾,2026-06-01,9221.0,21733.115556775505
逸动,2026-01-01,13895.0,14976.656522829162
逸动,2026-02-01,11118.0,14976.656522829162
逸动,2026-03-01,11212.0,14976.656522829162
逸动,2026-04-01,7193.0,14976.656522829162
逸动,2026-05-01,7304.0,14976.656522829162
逸动,2026-06-01,7912.0,14976.656522829162
卡罗拉,2026-01-01,6043.0,4771.0
卡罗拉,2026-02-01,5004.0,4771.0
卡罗拉,2026-03-01,8216.0,4771.0
卡罗拉,2026-04-01,3670.0,4771.0
卡罗拉,2026-05-01,3268.0,4771.0
卡罗拉,2026-06-01,5227.0,4771.0
星瑞,2026-01-01,19011.0,11751.12350015896
星瑞,2026-02-01,12409.0,10656.82754362204
星瑞,2026-03-01,10919.0,10656.82754362204
星瑞,2026-04-01,7427.0,10656.82754362204
星瑞,2026-05-01,7730.0,10656.82754362204
星瑞,2026-06-01,8161.0,10656.82754362204
新帝豪,2026-01-01,16805.0,9028.406044460273
新帝豪,2026-02-01,10505.0,9028.406044460273
新帝豪,2026-03-01,9278.0,9028.406044460273
新帝豪,2026-04-01,6055.0,9028.406044460273
新帝豪,2026-05-01,6750.0,9028.406044460273
新帝豪,2026-06-01,7143.0,9028.406044460273
凯美瑞,2026-01-01,17426.0,19653.0
凯美瑞,2026-02-01,11172.0,19653.0
凯美瑞,2026-03-01,17069.0,19653.0
凯美瑞,2026-04-01,10963.0,19653.0
凯美瑞,2026-05-01,12237.0,19653.0
凯美瑞,2026-06-01,17114.0,19653.0
帕萨特,2026-01-01,20799.0,19726.09432494912
帕萨特,2026-02-01,13988.0,19752.337930164555
帕萨特,2026-03-01,16067.0,19744.677381324742
帕萨特,2026-04-01,8129.0,19746.913507346508
帕萨特,2026-05-01,10727.0,19746.260778711814
帕萨特,2026-06-01,10330.0,19746.45131120703
迈腾,2026-01-01,19306.0,18133.0
迈腾,2026-02-01,11232.0,18133.0
迈腾,2026-03-01,13048.0,18133.0
迈腾,2026-04-01,8124.0,18133.0
迈腾,2026-05-01,12170.0,18133.0
迈腾,2026-06-01,12896.0,18133.0
雅阁,2026-01-01,13825.0,17171.812333155805
雅阁,2026-02-01,4630.0,15022.258492105335
雅阁,2026-03-01,6757.0,15022.258492105335
雅阁,2026-04-01,2593.0,15022.258492105335
雅阁,2026-05-01,4677.0,15022.258492105335
雅阁,2026-06-01,7919.0,15022.258492105335
宝马3系,2026-01-01,14626.0,13531.87129737094
宝马3系,2026-02-01,9459.0,13596.819283999552
宝马3系,2026-03-01,11953.0,13541.409946634854
宝马3系,2026-04-01,9107.0,13588.681537742845
宝马3系,2026-05-01,9754.0,13548.352534867876
宝马3系,2026-06-01,10549.0,13582.758579487227
奔驰C级,2026-01-01,7362.0,10333.427772190795
奔驰C级,2026-02-01,2827.0,10586.56193388556
奔驰C级,2026-03-01,8000.0,10586.56193388556
奔驰C级,2026-04-01,9950.0,10586.56193388556
奔驰C级,2026-05-01,6839.0,10586.56193388556
奔驰C级,2026-06-01,6015.0,10586.56193388556
长安CS75 PLUS,2026-01-01,14440.0,15799.83645617271
长安CS75 PLUS,2026-02-01,14219.0,10906.576355856221
长安CS75 PLUS,2026-03-01,13802.0,15398.153199588818
长安CS75 PLUS,2026-04-01,8716.0,12301.04775689948
长安CS75 PLUS,2026-05-01,10103.0,13820.84549072011
长安CS75 PLUS,2026-06-01,11682.0,13567.133433823836
星越L,2026-01-01,23760.0,8050.005451242365
星越L,2026-02-01,10134.0,1137.5833606363676
星越L,2026-03-01,12871.0,1137.5833606363676
星越L,2026-04-01,9046.0,1137.5833606363676
星越L,2026-05-01,9528.0,1137.5833606363676
星越L,2026-06-01,11915.0,1137.5833606363676
锋兰达,2026-01-01,18629.0,17612.490321836383
锋兰达,2026-02-01,12043.0,18006.513411044267
锋兰达,2026-03-01,15470.0,17900.934918679086
锋兰达,2026-04-01,10876.0,17929.224677212052
锋兰达,2026-05-01,10725.0,17921.64443601022
锋兰达,2026-06-01,10882.0,17923.675561748216
卡罗拉锐放,2026-01-01,20188.0,20387.88941659997
卡罗拉锐放,2026-02-01,7395.0,17909.142653834933
卡罗拉锐放,2026-03-01,13555.0,19566.98658860407
卡罗拉锐放,2026-04-01,9184.0,20126.895678127214
卡罗拉锐放,2026-05-01,6783.0,19323.840329202692
卡罗拉锐放,2026-06-01,10688.0,19307.436579766974
威兰达,2026-01-01,4719.0,4676.575487211567
威兰达,2026-02-01,4886.0,4304.568822235562
威兰达,2026-03-01,9247.0,4419.550358713334
威兰达,2026-04-01,5528.0,4384.011334885247
威兰达,2026-05-01,8056.0,4394.995900349786
威兰达,2026-06-01,11037.0,4391.600740172387
T-ROC探歌,2026-01-01,2183.0,3894.209614996739
T-ROC探歌,2026-02-01,1540.0,4272.086594161244
T-ROC探歌,2026-03-01,2031.0,4509.198403449218
T-ROC探歌,2026-04-01,1532.0,4657.982301923596
T-ROC探歌,2026-05-01,3344.0,4751.341837712677
T-ROC探歌,2026-06-01,3111.0,4809.923465241772
瑞虎7,2026-01-01,2982.0,4052.7533126083467
瑞虎7,2026-02-01,2890.0,4300.707595809499
瑞虎7,2026-03-01,1685.0,4300.707595809499
瑞虎7,2026-04-01,1521.0,4300.707595809499
瑞虎7,2026-05-01,2293.0,4300.707595809499
瑞虎7,2026-06-01,1994.0,4300.707595809499
奔驰GLB,2026-01-01,174.0,2712.6664429827138
奔驰GLB,2026-02-01,97.0,2712.6664429827138
奔驰GLB,2026-03-01,2301.0,2712.6664429827138
奔驰GLB,2026-04-01,1700.0,2712.6664429827138
奔驰GLB,2026-05-01,1012.0,2712.6664429827138
奔驰GLB,2026-06-01,800.0,2712.6664429827138
奥迪Q3,2026-01-01,2426.0,2889.354804395291
奥迪Q3,2026-02-01,1651.0,2889.354804395291
奥迪Q3,2026-03-01,2927.0,2889.354804395291
奥迪Q3,2026-04-01,2192.0,2889.354804395291
奥迪Q3,2026-05-01,2977.0,2889.354804395291
奥迪Q3,2026-06-01,2877.0,2889.354804395291
凯迪拉克CT5,2026-01-01,3673.0,3177.02749901766
凯迪拉克CT5,2026-02-01,1857.0,3177.02749901766
凯迪拉克CT5,2026-03-01,3819.0,3177.02749901766
凯迪拉克CT5,2026-04-01,2195.0,3177.02749901766
凯迪拉克CT5,2026-05-01,1970.0,3177.02749901766
凯迪拉克CT5,2026-06-01,1852.0,3177.02749901766
蒙迪欧,2026-01-01,3453.0,3531.403834866247
蒙迪欧,2026-02-01,2375.0,3531.403834866247
蒙迪欧,2026-03-01,2261.0,3531.403834866247
蒙迪欧,2026-04-01,1355.0,3531.403834866247
蒙迪欧,2026-05-01,1445.0,3531.403834866247
蒙迪欧,2026-06-01,1803.0,3531.403834866247
君威,2026-01-01,4104.0,3515.6734049957417
君威,2026-02-01,1959.0,3515.6734049957417
君威,2026-03-01,3652.0,3515.6734049957417
君威,2026-04-01,1532.0,3515.6734049957417
君威,2026-05-01,1537.0,3515.6734049957417
君威,2026-06-01,1435.0,3515.6734049957417
英仕派,2026-01-01,4960.0,4761.981028543214
英仕派,2026-02-01,2796.0,4468.136299358852
英仕派,2026-03-01,2026.0,4368.7774502365055
英仕派,2026-04-01,1729.0,4335.180860206391
英仕派,2026-05-01,2086.0,4323.820715925113
英仕派,2026-06-01,2481.0,4319.979466620473
途观L,2026-01-01,21330.0,19557.0
途观L,2026-02-01,12477.0,19557.0
途观L,2026-03-01,14581.0,19557.0
途观L,2026-04-01,9109.0,19557.0
途观L,2026-05-01,12503.0,19557.0
途观L,2026-06-01,12806.0,19557.0
瑞虎8,2026-01-01,15705.0,16327.989235792727
瑞虎8,2026-02-01,13488.0,15964.453412966774
瑞虎8,2026-03-01,9334.0,15788.71351565685
瑞虎8,2026-04-01,5859.0,15703.757619793765
瑞虎8,2026-05-01,7099.0,15662.688378532226
瑞虎8,2026-06-01,9835.0,15642.83475259299
探岳,2026-01-01,16732.0,16577.316904494663
探岳,2026-02-01,11084.0,14890.715239972962
探岳,2026-03-01,15897.0,15943.22400597313
探岳,2026-04-01,6667.0,15153.814411365423
探岳,2026-05-01,11425.0,15714.216510705473
探岳,2026-06-01,11664.0,15310.091054931694
奔驰GLC,2026-01-01,7145.0,11113.095934408584
奔驰GLC,2026-02-01,6430.0,11113.095934408584
奔驰GLC,2026-03-01,14550.0,11113.095934408584
奔驰GLC,2026-04-01,8200.0,11113.095934408584
奔驰GLC,2026-05-01,7865.0,11113.095934408584
奔驰GLC,2026-06-01,8347.0,11113.095934408584
探界者,2026-01-01,0.0,12.913594126777678
探界者,2026-02-01,13.0,12.913594126777678
探界者,2026-03-01,6.0,12.913594126777678
探界者,2026-04-01,2.0,12.913594126777678
探界者,2026-05-01,0.0,12.913594126777678
探界者,2026-06-01,1.0,12.913594126777678
福瑞迪,2026-01-01,958.0,533.2840548057187
福瑞迪,2026-02-01,271.0,533.2840548057187
福瑞迪,2026-03-01,1124.0,533.2840548057187
福瑞迪,2026-04-01,134.0,533.2840548057187
福瑞迪,2026-05-01,858.0,533.2840548057187
福瑞迪,2026-06-01,408.0,533.2840548057187
标致408,2026-01-01,1494.0,1042.1403522676728
标致408,2026-02-01,685.0,1188.9252601109538
标致408,2026-03-01,478.0,1188.9252601109538
标致408,2026-04-01,453.0,1188.9252601109538
标致408,2026-05-01,822.0,1188.9252601109538
标致408,2026-06-01,527.0,1188.9252601109538
骐达,2026-01-01,102.0,169.3704165585428
骐达,2026-02-01,50.0,134.48181135484472
骐达,2026-03-01,141.0,151.53670372836854
骐达,2026-04-01,80.0,143.19961624165958
骐达,2026-05-01,31.0,147.27510532940912
骐达,2026-06-01,91.0,145.28284948096746
起亚K3,2026-01-01,994.0,623.8271217345634
起亚K3,2026-02-01,736.0,610.2581790081397
起亚K3,2026-03-01,563.0,583.3536265586728
起亚K3,2026-04-01,1137.0,636.3004137281895
起亚K3,2026-05-01,980.0,581.9347154924853
起亚K3,2026-06-01,1326.0,614.2200101893894
威然,2026-01-01,432.0,1058.2494880206618
威然,2026-02-01,225.0,1058.2494880206618
威然,2026-03-01,641.0,1058.2494880206618
威然,2026-04-01,193.0,1058.2494880206618
威然,2026-05-01,251.0,1058.2494880206618
威然,2026-06-01,160.0,1058.2494880206618
库斯途,2026-01-01,2112.0,1336.7592236350072
库斯途,2026-02-01,1050.0,1298.0480707317083
库斯途,2026-03-01,1722.0,1395.0205385508732
库斯途,2026-04-01,1187.0,1308.4067774865166
库斯途,2026-05-01,1089.0,1327.3926231550627
库斯途,2026-06-01,1141.0,1384.3766401858645
威霆,2026-01-01,347.0,795.458921368933
威霆,2026-02-01,161.0,795.458921368933
威霆,2026-03-01,349.0,795.458921368933
威霆,2026-04-01,381.0,795.458921368933
威霆,2026-05-01,320.0,795.458921368933
威霆,2026-06-01,310.0,795.458921368933
奔驰V级,2026-01-01,374.0,1079.6138804966815
奔驰V级,2026-02-01,178.0,1029.0817537128078
奔驰V级,2026-03-01,307.0,1007.5125372538638
奔驰V级,2026-04-01,322.0,998.3058972752502
奔驰V级,2026-05-01,254.0,994.3761198604263
奔驰V级,2026-06-01,250.0,992.6987271779783
凡尔赛C5 X,2026-01-01,1195.0,1177.143009020601
凡尔赛C5 X,2026-02-01,943.0,1177.143009020601
凡尔赛C5 X,2026-03-01,1821.0,1177.143009020601
凡尔赛C5 X,2026-04-01,1115.0,1177.143009020601
凡尔赛C5 X,2026-05-01,595.0,1177.143009020601
凡尔赛C5 X,2026-06-01,731.0,1177.143009020601
MG7,2026-01-01,1221.0,765.0
MG7,2026-02-01,775.0,765.0
MG7,2026-03-01,1012.0,765.0
MG7,2026-04-01,553.0,765.0
MG7,2026-05-01,456.0,765.0
MG7,2026-06-01,428.0,765.0
林肯Z,2026-01-01,1308.0,1472.0
林肯Z,2026-02-01,713.0,1472.0
林肯Z,2026-03-01,1280.0,1472.0
林肯Z,2026-04-01,732.0,1472.0
林肯Z,2026-05-01,737.0,1472.0
林肯Z,2026-06-01,713.0,1472.0
迈锐宝XL,2026-01-01,7.0,133.0
迈锐宝XL,2026-02-01,356.0,133.0
迈锐宝XL,2026-03-01,1888.0,133.0
迈锐宝XL,2026-04-01,7.0,133.0
迈锐宝XL,2026-05-01,2.0,133.0
迈锐宝XL,2026-06-01,2.0,133.0
凌尚,2026-01-01,34.0,39.45384554399482
凌尚,2026-02-01,10.0,30.991714314171826
凌尚,2026-03-01,6.0,35.09440129912586
凌尚,2026-04-01,4.0,33.105299494938485
凌尚,2026-05-01,0.0,34.069673818870925
凌尚,2026-06-01,5.0,33.602117138412275
秦新能源,2026-01-01,58.0,1381.994559942667
秦新能源,2026-02-01,28.0,1381.994559942667
秦新能源,2026-03-01,85.0,1381.994559942667
秦新能源,2026-04-01,149.0,1381.994559942667
秦新能源,2026-05-01,59.0,1381.994559942667
秦新能源,2026-06-01,23.0,1381.994559942667
小鹏P5,2026-01-01,0.0,0.003596486537605402
小鹏P5,2026-02-01,0.0,0.003596486537605402
小鹏P5,2026-03-01,0.0,0.003596486537605402
小鹏P5,2026-04-01,0.0,0.003596486537605402
小鹏P5,2026-05-01,0.0,0.003596486537605402
小鹏P5,2026-06-01,0.0,0.003596486537605402
荣威i6 MAX新能源,2026-01-01,0.0,405.6853704203159
荣威i6 MAX新能源,2026-02-01,0.0,524.967557154977
荣威i6 MAX新能源,2026-03-01,0.0,524.967557154977
荣威i6 MAX新能源,2026-04-01,17.0,524.967557154977
荣威i6 MAX新能源,2026-05-01,9.0,524.967557154977
荣威i6 MAX新能源,2026-06-01,5.0,524.967557154977
大通G10,2026-01-01,203.0,263.66192028887025
大通G10,2026-02-01,126.0,263.66192028887025
大通G10,2026-03-01,202.0,263.66192028887025
大通G10,2026-04-01,167.0,263.66192028887025
大通G10,2026-05-01,139.0,263.66192028887025
大通G10,2026-06-01,143.0,263.66192028887025
长安UNI-T,2026-01-01,31.0,81.28355568043011
长安UNI-T,2026-02-01,36.0,81.28355568043011
长安UNI-T,2026-03-01,22.0,81.28355568043011
长安UNI-T,2026-04-01,8.0,81.28355568043011
长安UNI-T,2026-05-01,3.0,81.28355568043011
长安UNI-T,2026-06-01,2.0,81.28355568043011
锐际,2026-01-01,322.0,347.8379446421725
锐际,2026-02-01,203.0,347.8379446421725
锐际,2026-03-01,265.0,347.8379446421725
锐际,2026-04-01,152.0,347.8379446421725
锐际,2026-05-01,154.0,347.8379446421725
锐际,2026-06-01,129.0,347.8379446421725
赛图斯,2026-01-01,1138.0,2766.0
赛图斯,2026-02-01,695.0,2766.0
赛图斯,2026-03-01,1234.0,2766.0
赛图斯,2026-04-01,1717.0,2766.0
赛图斯,2026-05-01,1926.0,2766.0
赛图斯,2026-06-01,2067.0,2766.0
冠道,2026-01-01,392.0,494.6478494889455
冠道,2026-02-01,193.0,494.6478494889455
冠道,2026-03-01,349.0,494.6478494889455
冠道,2026-04-01,346.0,494.6478494889455
冠道,2026-05-01,313.0,494.6478494889455
冠道,2026-06-01,339.0,494.6478494889455
凌放HARRIER,2026-01-01,11.0,38.299019522116396
凌放HARRIER,2026-02-01,4.0,38.299019522116396
凌放HARRIER,2026-03-01,6.0,38.299019522116396
凌放HARRIER,2026-04-01,0.0,38.299019522116396
凌放HARRIER,2026-05-01,0.0,38.299019522116396
凌放HARRIER,2026-06-01,5.0,38.299019522116396
威飒,2026-01-01,32.0,107.74923383050515
威飒,2026-02-01,3.0,107.74923383050515
威飒,2026-03-01,12.0,107.74923383050515
威飒,2026-04-01,7.0,107.74923383050515
威飒,2026-05-01,2.0,107.74923383050515
威飒,2026-06-01,3.0,107.74923383050515
智跑,2026-01-01,59.0,84.0
智跑,2026-02-01,29.0,84.0
智跑,2026-03-01,55.0,84.0
智跑,2026-04-01,18.0,84.0
智跑,2026-05-01,31.0,84.0
智跑,2026-06-01,31.0,84.0
瑞虎3x,2026-01-01,950.0,881.5902511358336
瑞虎3x,2026-02-01,811.0,1179.4054435335904
瑞虎3x,2026-03-01,850.0,1068.7363065044574
瑞虎3x,2026-04-01,560.0,1043.1582412511991
瑞虎3x,2026-05-01,719.0,1108.3699352312183
瑞虎3x,2026-06-01,639.0,1064.0434346571808
五菱星驰,2026-01-01,822.0,272.0
五菱星驰,2026-02-01,422.0,272.0
五菱星驰,2026-03-01,5.0,272.0
五菱星驰,2026-04-01,90.0,272.0
五菱星驰,2026-05-01,35.0,272.0
五菱星驰,2026-06-01,4.0,272.0
吉利ICON,2026-01-01,1228.0,1022.1425605764387
吉利ICON,2026-02-01,369.0,1124.572649432002
吉利ICON,2026-03-01,929.0,1204.8188085544803
吉利ICON,2026-04-01,515.0,1268.9991478953361
吉利ICON,2026-05-01,635.0,1319.2505573256146
吉利ICON,2026-06-01,687.0,1359.4651225443042
大众ID.3,2026-01-01,452.0,2283.0
大众ID.3,2026-02-01,306.0,2283.0
大众ID.3,2026-03-01,945.0,2283.0
大众ID.3,2026-04-01,762.0,2283.0
大众ID.3,2026-05-01,759.0,2283.0
大众ID.3,2026-06-01,680.0,2283.0
MG4,2026-01-01,10007.0,14460.636954486787
MG4,2026-02-01,4086.0,14605.295161777147
MG4,2026-03-01,14007.0,14697.24993082361
MG4,2026-04-01,13189.0,14736.207273722923
MG4,2026-05-01,15067.0,14758.023919346333
MG4,2026-06-01,14397.0,14768.06979042748
宝马iX1,2026-01-01,744.0,1442.0
宝马iX1,2026-02-01,428.0,1442.0
宝马iX1,2026-03-01,904.0,1442.0
宝马iX1,2026-04-01,948.0,1442.0
宝马iX1,2026-05-01,878.0,1442.0
宝马iX1,2026-06-01,736.0,1442.0
秦PLUS,2026-01-01,6983.0,46837.0
秦PLUS,2026-02-01,6098.0,46837.0
秦PLUS,2026-03-01,15363.0,46837.0
秦PLUS,2026-04-01,13228.0,46837.0
秦PLUS,2026-05-01,12971.0,46837.0
秦PLUS,2026-06-01,13726.0,46837.0
AION S,2026-01-01,3148.0,4381.445058379827
AION S,2026-02-01,788.0,4381.445058379827
AION S,2026-03-01,4193.0,4381.445058379827
AION S,2026-04-01,3665.0,4381.445058379827
AION S,2026-05-01,963.0,4381.445058379827
AION S,2026-06-01,466.0,4381.445058379827
红旗E-QM5,2026-01-01,2549.0,5656.5378393275005
红旗E-QM5,2026-02-01,2327.0,5388.330870372662
红旗E-QM5,2026-03-01,1813.0,5469.840098635052
红旗E-QM5,2026-04-01,2166.0,5445.069100633694
红旗E-QM5,2026-05-01,5293.0,5452.597111327255
红旗E-QM5,2026-06-01,2277.0,5450.309317149593
宝马i3,2026-01-01,1038.0,1019.8510288437093
宝马i3,2026-02-01,577.0,1404.6483936515435
宝马i3,2026-03-01,1235.0,1404.6483936515435
宝马i3,2026-04-01,1276.0,1404.6483936515435
宝马i3,2026-05-01,1180.0,1404.6483936515435
宝马i3,2026-06-01,1039.0,1404.6483936515435
奥迪A7L,2026-01-01,830.0,804.2972422121155
奥迪A7L,2026-02-01,350.0,804.2972422121155
奥迪A7L,2026-03-01,350.0,804.2972422121155
奥迪A7L,2026-04-01,300.0,804.2972422121155
奥迪A7L,2026-05-01,245.0,804.2972422121155
奥迪A7L,2026-06-01,250.0,804.2972422121155
红旗H9,2026-01-01,494.0,853.0770640391861
红旗H9,2026-02-01,371.0,826.5546758734865
红旗H9,2026-03-01,507.0,867.6509782716735
红旗H9,2026-04-01,431.0,865.2192032541411
红旗H9,2026-05-01,365.0,846.7721757398007
红旗H9,2026-06-01,488.0,854.6069229494613
本田XR-V,2026-01-01,298.0,206.0
本田XR-V,2026-02-01,200.0,206.0
本田XR-V,2026-03-01,594.0,206.0
本田XR-V,2026-04-01,451.0,206.0
本田XR-V,2026-05-01,236.0,206.0
本田XR-V,2026-06-01,34.0,206.0
缤智,2026-01-01,510.0,630.0
缤智,2026-02-01,552.0,630.0
缤智,2026-03-01,934.0,630.0
缤智,2026-04-01,369.0,630.0
缤智,2026-05-01,314.0,630.0
缤智,2026-06-01,396.0,630.0
风光330,2026-01-01,11.0,13.186879531451455
风光330,2026-02-01,9.0,13.186879531451455
风光330,2026-03-01,14.0,13.186879531451455
风光330,2026-04-01,3.0,13.186879531451455
风光330,2026-05-01,12.0,13.186879531451455
风光330,2026-06-01,9.0,13.186879531451455
标致508,2026-01-01,136.0,153.00921864658872
标致508,2026-02-01,108.0,153.00921864658872
标致508,2026-03-01,219.0,153.00921864658872
标致508,2026-04-01,78.0,153.00921864658872
标致508,2026-05-01,100.0,153.00921864658872
标致508,2026-06-01,78.0,153.00921864658872
奥迪A6L,2026-01-01,15660.0,15708.414077015279
奥迪A6L,2026-02-01,7749.0,15708.414077015279
奥迪A6L,2026-03-01,10591.0,15708.414077015279
奥迪A6L,2026-04-01,9449.0,15708.414077015279
奥迪A6L,2026-05-01,8709.0,15708.414077015279
奥迪A6L,2026-06-01,7095.0,15708.414077015279
奔驰E级,2026-01-01,12119.0,13177.0
奔驰E级,2026-02-01,8583.0,13177.0
奔驰E级,2026-03-01,14545.0,13177.0
奔驰E级,2026-04-01,7450.0,13177.0
奔驰E级,2026-05-01,8928.0,13177.0
奔驰E级,2026-06-01,9600.0,13177.0
奥迪Q5 e-tron,2026-01-01,0.0,160.53874865962644
奥迪Q5 e-tron,2026-02-01,0.0,260.3075455166811
奥迪Q5 e-tron,2026-03-01,0.0,260.3075455166811
奥迪Q5 e-tron,2026-04-01,0.0,260.3075455166811
奥迪Q5 e-tron,2026-05-01,0.0,260.3075455166811
奥迪Q5 e-tron,2026-06-01,0.0,260.3075455166811
起亚KX3傲跑,2026-01-01,0.0,1.508e-320
起亚KX3傲跑,2026-02-01,0.0,1.786e-320
起亚KX3傲跑,2026-03-01,0.0,1.6897e-320
起亚KX3傲跑,2026-04-01,0.0,1.7233e-320
起亚KX3傲跑,2026-05-01,0.0,1.7114e-320
起亚KX3傲跑,2026-06-01,0.0,1.7154e-320
凯迪拉克XT5,2026-01-01,4786.0,3803.186803618241
凯迪拉克XT5,2026-02-01,2440.0,3803.186803618241
凯迪拉克XT5,2026-03-01,4424.0,3803.186803618241
凯迪拉克XT5,2026-04-01,3429.0,3803.186803618241
凯迪拉克XT5,2026-05-01,3339.0,3803.186803618241
凯迪拉克XT5,2026-06-01,3265.0,3803.186803618241
瑞虎9,2026-01-01,5857.0,5846.999999999999
瑞虎9,2026-02-01,4592.0,5846.999999999999
瑞虎9,2026-03-01,3377.0,5846.999999999999
瑞虎9,2026-04-01,3011.0,5846.999999999999
瑞虎9,2026-05-01,3580.0,5846.999999999999
瑞虎9,2026-06-01,3852.0,5846.999999999999
QQ冰淇淋,2026-01-01,376.0,1267.6920262831745
QQ冰淇淋,2026-02-01,334.0,2055.2145689994504
QQ冰淇淋,2026-03-01,906.0,2463.690045419263
QQ冰淇淋,2026-04-01,1958.0,2675.5598088686947
QQ冰淇淋,2026-05-01,545.0,2785.453301270142
QQ冰淇淋,2026-06-01,830.0,2842.453316164053
零跑T03,2026-01-01,322.0,1917.5436829413616
零跑T03,2026-02-01,1763.0,2690.699974112228
零跑T03,2026-03-01,438.0,2690.699974112228
零跑T03,2026-04-01,270.0,2690.699974112228
零跑T03,2026-05-01,979.0,2690.699974112228
零跑T03,2026-06-01,1.0,2690.699974112228
宋PLUS新能源,2026-01-01,391.0,5390.678242684334
宋PLUS新能源,2026-02-01,229.0,5252.463197324117
宋PLUS新能源,2026-03-01,327.0,5281.465823380314
宋PLUS新能源,2026-04-01,378.0,5275.380000263421
宋PLUS新能源,2026-05-01,133.0,5276.657030934311
宋PLUS新能源,2026-06-01,40.0,5276.389062690234
RAV4荣放,2026-01-01,11316.0,13593.016057884588
RAV4荣放,2026-02-01,7789.0,16607.967367411067
RAV4荣放,2026-03-01,14662.0,16607.967367411067
RAV4荣放,2026-04-01,11452.0,16607.967367411067
RAV4荣放,2026-05-01,9857.0,16607.967367411067
RAV4荣放,2026-06-01,13798.0,16607.967367411067
飞凡F7,2026-01-01,233.0,155.73656487556076
飞凡F7,2026-02-01,0.0,123.97311447829911
飞凡F7,2026-03-01,53.0,168.40753702082299
飞凡F7,2026-04-01,262.0,164.44456480341373
飞凡F7,2026-05-01,224.0,141.71268719225202
飞凡F7,2026-06-01,190.0,154.95635353839455
大通G50,2026-01-01,344.0,508.62068498440163
大通G50,2026-02-01,238.0,587.7263702553688
大通G50,2026-03-01,275.0,614.5121381449164
大通G50,2026-04-01,190.0,623.5819965119236
大通G50,2026-05-01,130.0,626.6531173824092
大通G50,2026-06-01,348.0,627.6930215374113
奥迪Q5L,2026-01-01,14190.0,12177.349934934413
奥迪Q5L,2026-02-01,7745.0,11200.78847648948
奥迪Q5L,2026-03-01,9698.0,11472.378762137221
奥迪Q5L,2026-04-01,7358.0,11503.182268929077
奥迪Q5L,2026-05-01,6272.0,11479.129367983018
奥迪Q5L,2026-06-01,6100.0,11480.413076072824
凌宝BOX,2026-01-01,180.0,245.00000000000003
凌宝BOX,2026-02-01,124.0,245.00000000000003
凌宝BOX,2026-03-01,135.0,245.00000000000003
凌宝BOX,2026-04-01,372.0,245.00000000000003
凌宝BOX,2026-05-01,381.0,245.00000000000003
凌宝BOX,2026-06-01,342.0,245.00000000000003
途昂,2026-01-01,2564.0,3200.8528676558753
途昂,2026-02-01,1337.0,3200.8528676558753
途昂,2026-03-01,2285.0,3200.8528676558753
途昂,2026-04-01,2215.0,3200.8528676558753
途昂,2026-05-01,1230.0,3200.8528676558753
途昂,2026-06-01,1907.0,3200.8528676558753
瑞风E3,2026-01-01,96.0,139.20050186585155
瑞风E3,2026-02-01,50.0,138.32476141691006
瑞风E3,2026-03-01,125.0,138.32476141691006
瑞风E3,2026-04-01,178.0,138.32476141691006
瑞风E3,2026-05-01,248.0,138.32476141691006
瑞风E3,2026-06-01,269.0,138.32476141691006
魏牌 高山,2026-01-01,6707.0,10606.384721748593
魏牌 高山,2026-02-01,4369.0,10622.871209767527
魏牌 高山,2026-03-01,6447.0,10628.488774101384
魏牌 高山,2026-04-01,6122.0,10630.402888799965
魏牌 高山,2026-05-01,5662.0,10631.055099413245
魏牌 高山,2026-06-01,4920.0,10631.277332012152
极氪009,2026-01-01,576.0,1443.3948077330613
极氪009,2026-02-01,927.0,1343.346307465796
极氪009,2026-03-01,721.0,1375.3557528699914
极氪009,2026-04-01,483.0,1407.8840503161932
极氪009,2026-05-01,1536.0,1378.9581468981864
极氪009,2026-06-01,2843.0,1376.4008881600753
欧拉闪电猫,2026-01-01,0.0,25.948506831814406
欧拉闪电猫,2026-02-01,0.0,28.13328913767444
欧拉闪电猫,2026-03-01,0.0,24.499659125846733
欧拉闪电猫,2026-04-01,0.0,23.713178114145425
欧拉闪电猫,2026-05-01,0.0,25.186217523449365
欧拉闪电猫,2026-06-01,0.0,25.465349832048517
本田HR-V,2026-01-01,2123.0,1022.9542165025366
本田HR-V,2026-02-01,1908.0,1091.7090451736176
本田HR-V,2026-03-01,2480.0,1067.5961753058968
本田HR-V,2026-04-01,1676.0,1076.0527521674169
本田HR-V,2026-05-01,1686.0,1073.0869628355329
本田HR-V,2026-06-01,2282.0,1074.1270889415393
海豹07DM-i,2026-01-01,238.0,818.9907943831254
海豹07DM-i,2026-02-01,277.0,818.9907943831254
海豹07DM-i,2026-03-01,432.0,818.9907943831254
海豹07DM-i,2026-04-01,628.0,818.9907943831254
海豹07DM-i,2026-05-01,615.0,818.9907943831254
海豹07DM-i,2026-06-01,777.0,818.9907943831254
ID.4 CROZZ,2026-01-01,454.0,2362.7490511353285
ID.4 CROZZ,2026-02-01,160.0,2349.458455109652
ID.4 CROZZ,2026-03-01,542.0,2342.976481083906
ID.4 CROZZ,2026-04-01,623.0,2339.815149027069
ID.4 CROZZ,2026-05-01,942.0,2338.2733316217705
ID.4 CROZZ,2026-06-01,684.0,2337.521369832075
极氪001,2026-01-01,2956.0,6003.0
极氪001,2026-02-01,3205.0,6003.0
极氪001,2026-03-01,2854.0,6003.0
极氪001,2026-04-01,2267.0,6003.0
极氪001,2026-05-01,1876.0,6003.0
极氪001,2026-06-01,1844.0,6003.0
大家9,2026-01-01,34.0,245.5115082460216
大家9,2026-02-01,21.0,230.27909147695482
大家9,2026-03-01,152.0,223.13728500641795
大家9,2026-04-01,95.0,219.78880784511932
大家9,2026-05-01,128.0,218.21885501231796
大家9,2026-06-01,221.0,217.48277357036923
揽境,2026-01-01,632.0,929.7050151852873
揽境,2026-02-01,399.0,929.7050151852873
揽境,2026-03-01,412.0,929.7050151852873
揽境,2026-04-01,516.0,929.7050151852873
揽境,2026-05-01,713.0,929.7050151852873
揽境,2026-06-01,436.0,929.7050151852873
皓影新能源,2026-01-01,71.0,195.35666740230812
皓影新能源,2026-02-01,73.0,206.4244635656673
皓影新能源,2026-03-01,122.0,211.66905217943346
皓影新能源,2026-04-01,51.0,214.1542542306517
皓影新能源,2026-05-01,20.0,215.33189268625293
皓影新能源,2026-06-01,67.0,215.88992873464224
宏光MINIEV,2026-01-01,7133.0,29365.0
宏光MINIEV,2026-02-01,4866.0,29365.0
宏光MINIEV,2026-03-01,16806.0,29365.0
宏光MINIEV,2026-04-01,13229.0,29365.0
宏光MINIEV,2026-05-01,18308.0,29365.0
宏光MINIEV,2026-06-01,12457.0,29365.0
元PLUS,2026-01-01,2281.0,7072.21510534415
元PLUS,2026-02-01,1854.0,7060.816480360279
元PLUS,2026-03-01,6540.0,6932.8474280700875
元PLUS,2026-04-01,5111.0,6948.573653976891
元PLUS,2026-05-01,3820.0,6985.7241049372
元PLUS,2026-06-01,5547.0,6977.407403100779
风光380,2026-01-01,45.0,69.16010930460342
风光380,2026-02-01,32.0,69.16010930460342
风光380,2026-03-01,60.0,69.16010930460342
风光380,2026-04-01,35.0,69.16010930460342
风光380,2026-05-01,44.0,69.16010930460342
风光380,2026-06-01,55.0,69.16010930460342
长安UNI-K 智电iDD,2026-01-01,1.0,5.9312547240648374
长安UNI-K 智电iDD,2026-02-01,0.0,6.804641968084942
长安UNI-K 智电iDD,2026-03-01,1.0,6.804641968084942
长安UNI-K 智电iDD,2026-04-01,1.0,6.804641968084942
长安UNI-K 智电iDD,2026-05-01,0.0,6.804641968084942
长安UNI-K 智电iDD,2026-06-01,4.0,6.804641968084942
蔚来ET7,2026-01-01,15.0,78.0
蔚来ET7,2026-02-01,20.0,78.0
蔚来ET7,2026-03-01,17.0,78.0
蔚来ET7,2026-04-01,22.0,78.0
蔚来ET7,2026-05-01,11.0,78.0
蔚来ET7,2026-06-01,11.0,78.0
Model 3,2026-01-01,0.0,0.0
Model 3,2026-02-01,0.0,0.0
Model 3,2026-03-01,0.0,0.0
Model 3,2026-04-01,0.0,0.0
Model 3,2026-05-01,0.0,0.0
Model 3,2026-06-01,0.0,0.0
传祺M6,2026-01-01,2912.0,2304.6548062602396
传祺M6,2026-02-01,1426.0,2304.6548062602396
传祺M6,2026-03-01,2726.0,2304.6548062602396
传祺M6,2026-04-01,1146.0,2304.6548062602396
传祺M6,2026-05-01,1265.0,2304.6548062602396
传祺M6,2026-06-01,2047.0,2304.6548062602396
迈腾PHEV,2026-01-01,0.0,8.49008455503046
迈腾PHEV,2026-02-01,0.0,12.332831708975792
迈腾PHEV,2026-03-01,0.0,12.332831708975792
迈腾PHEV,2026-04-01,0.0,12.332831708975792
迈腾PHEV,2026-05-01,0.0,12.332831708975792
迈腾PHEV,2026-06-01,118.0,12.332831708975792
艾力绅,2026-01-01,423.0,325.33214403538227
艾力绅,2026-02-01,192.0,334.51311857616105
艾力绅,2026-03-01,379.0,329.7422910525933
艾力绅,2026-04-01,229.0,332.2214173325471
艾力绅,2026-05-01,269.0,330.93315715512585
艾力绅,2026-06-01,247.0,331.60259230982086
海豚,2026-01-01,5699.0,15602.0
海豚,2026-02-01,6081.0,15602.0
海豚,2026-03-01,17291.0,15602.0
海豚,2026-04-01,14218.0,15602.0
海豚,2026-05-01,12819.0,15602.0
海豚,2026-06-01,13005.0,15602.0
宝马iX3,2026-01-01,14.0,55.07138279042038
宝马iX3,2026-02-01,18.0,67.43758185509428
宝马iX3,2026-03-01,97.0,66.74143729799192
宝马iX3,2026-04-01,16.0,61.814264815883504
宝马iX3,2026-05-01,14.0,62.19924948263013
宝马iX3,2026-06-01,8.0,64.16009393129063
传祺GA8,2026-01-01,0.0,0.11896083868756091
传祺GA8,2026-02-01,0.0,0.0
传祺GA8,2026-03-01,0.0,0.07275293123617514
传祺GA8,2026-04-01,0.0,0.026877724429424904
传祺GA8,2026-05-01,0.0,0.055173524979162634
传祺GA8,2026-06-01,0.0,0.037720691859013576
赛那SIENNA,2026-01-01,9133.0,7781.491954669597
赛那SIENNA,2026-02-01,5086.0,7781.491954669597
赛那SIENNA,2026-03-01,7738.0,7781.491954669597
赛那SIENNA,2026-04-01,6542.0,7781.491954669597
赛那SIENNA,2026-05-01,7479.0,7781.491954669597
赛那SIENNA,2026-06-01,6037.0,7781.491954669597
红旗E-HS9,2026-01-01,0.0,25.998040982689314
红旗E-HS9,2026-02-01,0.0,25.998040982689314
红旗E-HS9,2026-03-01,0.0,25.998040982689314
红旗E-HS9,2026-04-01,0.0,25.998040982689314
红旗E-HS9,2026-05-01,0.0,25.998040982689314
红旗E-HS9,2026-06-01,0.0,25.998040982689314
星途ES,2026-01-01,83.0,424.0
星途ES,2026-02-01,14.0,424.0
星途ES,2026-03-01,147.0,424.0
星途ES,2026-04-01,31.0,424.0
星途ES,2026-05-01,259.0,424.0
星途ES,2026-06-01,280.0,424.0
小虎FEV,2026-01-01,0.0,0.0
小虎FEV,2026-02-01,0.0,0.0
小虎FEV,2026-03-01,0.0,0.0
小虎FEV,2026-04-01,0.0,0.0
小虎FEV,2026-05-01,0.0,0.0
小虎FEV,2026-06-01,0.0,0.0
缤越,2026-01-01,8233.0,11495.670270069448
缤越,2026-02-01,6834.0,11495.670270069448
缤越,2026-03-01,12218.0,11495.670270069448
缤越,2026-04-01,14923.0,11495.670270069448
缤越,2026-05-01,12841.0,11495.670270069448
缤越,2026-06-01,11310.0,11495.670270069448
皇冠陆放,2026-01-01,5894.0,6432.3613072674425
皇冠陆放,2026-02-01,1918.0,5025.679859380863
皇冠陆放,2026-03-01,5027.0,4445.035210498451
皇冠陆放,2026-04-01,2847.0,4553.6479179987655
皇冠陆放,2026-05-01,2494.0,5023.58282980737
皇冠陆放,2026-06-01,2807.0,5534.0526572073395
欧诺S,2026-01-01,564.0,570.1981898706441
欧诺S,2026-02-01,440.0,505.18319288668226
欧诺S,2026-03-01,677.0,536.681008445141
欧诺S,2026-04-01,576.0,521.4212617562436
欧诺S,2026-05-01,531.0,528.8141512274875
欧诺S,2026-06-01,350.0,525.2325180688064
艾瑞泽8,2026-01-01,12478.0,17089.0
艾瑞泽8,2026-02-01,12130.0,17089.0
艾瑞泽8,2026-03-01,7536.0,17089.0
艾瑞泽8,2026-04-01,5344.0,17089.0
艾瑞泽8,2026-05-01,5775.0,17089.0
艾瑞泽8,2026-06-01,7127.0,17089.0
格瑞维亚,2026-01-01,5068.0,9359.0
格瑞维亚,2026-02-01,1472.0,9359.0
格瑞维亚,2026-03-01,4329.0,9359.0
格瑞维亚,2026-04-01,2559.0,9359.0
格瑞维亚,2026-05-01,2563.0,9359.0
格瑞维亚,2026-06-01,2076.0,9359.0
五菱佳辰,2026-01-01,657.0,467.06166771545963
五菱佳辰,2026-02-01,285.0,467.06166771545963
五菱佳辰,2026-03-01,240.0,467.06166771545963
五菱佳辰,2026-04-01,203.0,467.06166771545963
五菱佳辰,2026-05-01,115.0,467.06166771545963
五菱佳辰,2026-06-01,139.0,467.06166771545963
别克GL8,2026-01-01,4437.0,4192.1194973858555
别克GL8,2026-02-01,1794.0,4192.1194973858555
别克GL8,2026-03-01,4491.0,4192.1194973858555
别克GL8,2026-04-01,3198.0,4192.1194973858555
别克GL8,2026-05-01,2952.0,4192.1194973858555
别克GL8,2026-06-01,2781.0,4192.1194973858555
焕驰,2026-01-01,1.0,12.522085954968304
焕驰,2026-02-01,0.0,12.522085954968304
焕驰,2026-03-01,1.0,12.522085954968304
焕驰,2026-04-01,2.0,12.522085954968304
焕驰,2026-05-01,0.0,12.522085954968304
焕驰,2026-06-01,6.0,12.522085954968304
红旗国耀,2026-01-01,5.0,4.080847413494826
红旗国耀,2026-02-01,3.0,5.775925664158432
红旗国耀,2026-03-01,3.0,5.775925664158432
红旗国耀,2026-04-01,4.0,5.775925664158432
红旗国耀,2026-05-01,3.0,5.775925664158432
红旗国耀,2026-06-01,8.0,5.775925664158432
沃尔沃S90,2026-01-01,2157.0,2021.3158775991874
沃尔沃S90,2026-02-01,504.0,2021.3158775991874
沃尔沃S90,2026-03-01,1775.0,2021.3158775991874
沃尔沃S90,2026-04-01,428.0,2021.3158775991874
沃尔沃S90,2026-05-01,397.0,2021.3158775991874
沃尔沃S90,2026-06-01,510.0,2021.3158775991874
凯迪拉克XT6,2026-01-01,151.0,152.86552940835855
凯迪拉克XT6,2026-02-01,62.0,160.43512873251584
凯迪拉克XT6,2026-03-01,101.0,153.39117506856627
凯迪拉克XT6,2026-04-01,87.0,159.9459847876913
凯迪拉克XT6,2026-05-01,72.0,153.84635203828378
凯迪拉克XT6,2026-06-01,65.0,159.5224160694165
汉,2026-01-01,2147.0,7514.23916552154
汉,2026-02-01,1962.0,5759.904929494137
汉,2026-03-01,3661.0,4191.68034152254
汉,2026-04-01,2834.0,3259.9793789168025
汉,2026-05-01,3390.0,3191.1012341433498
汉,2026-06-01,3285.0,3937.722786305093
Model Y,2026-01-01,0.0,0.0
Model Y,2026-02-01,0.0,0.0
Model Y,2026-03-01,0.0,0.0
Model Y,2026-04-01,0.0,0.0
Model Y,2026-05-01,0.0,0.0
Model Y,2026-06-01,0.0,0.0
e爱丽舍,2026-01-01,460.0,536.4572494965776
e爱丽舍,2026-02-01,147.0,450.7559014243975
e爱丽舍,2026-03-01,621.0,410.5202796802666
e爱丽舍,2026-04-01,678.0,391.63020042768244
e爱丽舍,2026-05-01,887.0,382.7615641620838
e爱丽舍,2026-06-01,1003.0,378.59785959738576
菱智,2026-01-01,1050.0,913.3158134392003
菱智,2026-02-01,650.0,1126.5301680163657
菱智,2026-03-01,899.0,1221.1769810626568
菱智,2026-04-01,1252.0,1263.1911279881047
菱智,2026-05-01,688.0,1281.841397184277
菱智,2026-06-01,932.0,1290.1203357453028
岚图梦想家,2026-01-01,3574.0,7008.0
岚图梦想家,2026-02-01,3980.0,7008.0
岚图梦想家,2026-03-01,5511.0,7008.0
岚图梦想家,2026-04-01,6995.0,7008.0
岚图梦想家,2026-05-01,4954.0,7008.0
岚图梦想家,2026-06-01,6926.0,7008.0
帕萨特新能源,2026-01-01,42.0,1358.924706877022
帕萨特新能源,2026-02-01,12.0,1358.924706877022
帕萨特新能源,2026-03-01,87.0,1358.924706877022
帕萨特新能源,2026-04-01,189.0,1358.924706877022
帕萨特新能源,2026-05-01,256.0,1358.924706877022
帕萨特新能源,2026-06-01,2914.0,1358.924706877022
传祺M8,2026-01-01,5445.0,4691.102216343622
传祺M8,2026-02-01,2404.0,4513.659498839069
传祺M8,2026-03-01,5134.0,4617.760704073616
传祺M8,2026-04-01,4916.0,4556.6871301130095
传祺M8,2026-05-01,5248.0,4592.517468752391
传祺M8,2026-06-01,6075.0,4571.496705044656
腾势D9,2026-01-01,2904.0,8439.0
腾势D9,2026-02-01,3121.0,8439.0
腾势D9,2026-03-01,4307.0,8439.0
腾势D9,2026-04-01,4797.0,8439.0
腾势D9,2026-05-01,6145.0,8439.0
腾势D9,2026-06-01,6952.0,8439.0
蔚来ET5,2026-01-01,447.0,1295.0
蔚来ET5,2026-02-01,482.0,1295.0
蔚来ET5,2026-03-01,959.0,1295.0
蔚来ET5,2026-04-01,810.0,1295.0
蔚来ET5,2026-05-01,700.0,1295.0
蔚来ET5,2026-06-01,610.0,1295.0
欧拉好猫,2026-01-01,502.0,1259.547825848077
欧拉好猫,2026-02-01,218.0,684.8819499832515
欧拉好猫,2026-03-01,784.0,1106.177141873364
欧拉好猫,2026-04-01,1125.0,1180.5171359521066
欧拉好猫,2026-05-01,1112.0,1023.4425642100177
欧拉好猫,2026-06-01,1016.0,1041.283240167636
宝马X5,2026-01-01,7852.0,6810.490086934052
宝马X5,2026-02-01,5283.0,6810.490086934052
宝马X5,2026-03-01,5276.0,6810.490086934052
宝马X5,2026-04-01,4280.0,6810.490086934052
宝马X5,2026-05-01,3813.0,6810.490086934052
宝马X5,2026-06-01,3629.0,6810.490086934052
卡罗拉双擎E+,2026-01-01,0.0,9.58949158325478e-196
卡罗拉双擎E+,2026-02-01,0.0,1.2904316630222502e-195
卡罗拉双擎E+,2026-03-01,0.0,1.1445856656018224e-195
卡罗拉双擎E+,2026-04-01,0.0,1.2087551305424152e-195
卡罗拉双擎E+,2026-05-01,0.0,1.1805217864425294e-195
卡罗拉双擎E+,2026-06-01,0.0,1.1929439208611428e-195
深蓝SL03,2026-01-01,564.0,309.0
深蓝SL03,2026-02-01,544.0,309.0
深蓝SL03,2026-03-01,335.0,309.0
深蓝SL03,2026-04-01,120.0,309.0
深蓝SL03,2026-05-01,7.0,309.0
深蓝SL03,2026-06-01,5.0,309.0
沃尔沃S90新能源,2026-01-01,28.0,228.5451896992433
沃尔沃S90新能源,2026-02-01,18.0,235.66265610258932
沃尔沃S90新能源,2026-03-01,63.0,239.14547956864521
沃尔沃S90新能源,2026-04-01,15.0,240.84974603206078
沃尔沃S90新能源,2026-05-01,11.0,241.68370279347315
沃尔沃S90新能源,2026-06-01,7.0,242.09178679608362
护卫舰07,2026-01-01,1.0,11.323096385886812
护卫舰07,2026-02-01,0.0,11.427487660459931
护卫舰07,2026-03-01,0.0,11.461216103992625
护卫舰07,2026-04-01,1.0,11.472113642199625
护卫舰07,2026-05-01,1.0,11.475634597409371
护卫舰07,2026-06-01,3.0,11.476772205312509
ID.6 CROZZ,2026-01-01,0.0,10.954036995680738
ID.6 CROZZ,2026-02-01,0.0,10.954036995680738
ID.6 CROZZ,2026-03-01,0.0,10.954036995680738
ID.6 CROZZ,2026-04-01,0.0,10.954036995680738
ID.6 CROZZ,2026-05-01,0.0,10.954036995680738
ID.6 CROZZ,2026-06-01,1.0,10.954036995680738
铂智4X,2026-01-01,0.0,79.0
铂智4X,2026-02-01,1.0,79.0
铂智4X,2026-03-01,41.0,79.0
铂智4X,2026-04-01,93.0,79.0
铂智4X,2026-05-01,88.0,79.0
铂智4X,2026-06-01,110.0,79.0
奥德赛,2026-01-01,1542.0,1875.4733430851754
奥德赛,2026-02-01,696.0,1875.4733430851754
奥德赛,2026-03-01,1156.0,1875.4733430851754
奥德赛,2026-04-01,836.0,1875.4733430851754
奥德赛,2026-05-01,834.0,1875.4733430851754
奥德赛,2026-06-01,814.0,1875.4733430851754
