series_id,series_name,brand,category,total_months,longest_run_months,interrupt_count,longest_gap_months,first_year,last_year
23,奥拓,铃木,轿车,54,54,0,0,2022,2026
24794,名爵HS新能源,MG名爵,SUV,54,54,0,0,2022,2026
24453,北京EU7,北京汽车,轿车,54,54,0,0,2022,2026
24504,锐际,福特,SUV,54,54,0,0,2022,2026
24513,小鹏P7,小鹏,轿车,54,54,0,0,2022,2026
24575,启辰e30,启辰,SUV,54,54,0,0,2022,2026
24603,揽境,大众,SUV,54,54,0,0,2022,2026
24604,探岳X,大众,SUV,54,54,0,0,2022,2026
24611,蔚来ET7,蔚来,轿车,54,54,0,0,2022,2026
24613,捷途X95,捷途,SUV,54,54,0,0,2022,2026
24636,星瑞,吉利汽车,轿车,54,54,0,0,2022,2026
24638,宋Pro新能源,比亚迪,SUV,54,54,0,0,2022,2026
24680,领动 插电混动,现代,轿车,54,54,0,0,2022,2026
24725,威马W6,威马汽车,SUV,54,54,0,0,2022,2026
24785,宝马X2,宝马,SUV,54,54,0,0,2022,2026
24824,Model 3,特斯拉,轿车,54,54,0,0,2022,2026
24417,奕炫,东风风神,轿车,54,54,0,0,2022,2026
24855,睿行ES30,长安凯程,轿车,54,54,0,0,2022,2026
24885,凯迪拉克CT5,凯迪拉克,轿车,54,54,0,0,2022,2026
24895,宝骏RC-6,宝骏,轿车,54,54,0,0,2022,2026
24905,奔驰GLB,奔驰,SUV,54,54,0,0,2022,2026
24955,科雷缤,雷诺,SUV,54,54,0,0,2022,2026
24965,雷丁i3,雷丁,轿车,54,54,0,0,2022,2026
24975,雷丁i9,雷丁,SUV,54,54,0,0,2022,2026
24995,雷丁i5,雷丁,轿车,54,54,0,0,2022,2026
25051,荣威RX5 eMAX,荣威,SUV,54,54,0,0,2022,2026
25100,冒险家新能源,林肯,SUV,54,54,0,0,2022,2026
25152,皓影,本田,SUV,54,54,0,0,2022,2026
25279,秦,比亚迪,轿车,54,54,0,0,2022,2026
25291,嘉悦A5,江淮,轿车,54,54,0,0,2022,2026
24443,长安欧尚科赛5,长安欧尚,SUV,54,54,0,0,2022,2026
24393,长安CS75 PLUS,长安,SUV,54,54,0,0,2022,2026
25479,锐程CC,长安,轿车,54,54,0,0,2022,2026
23867,AION S,埃安,轿车,54,54,0,0,2022,2026
23535,野马EC60,野马汽车,SUV,54,54,0,0,2022,2026
23573,瑞风S4,江淮,SUV,54,54,0,0,2022,2026
23593,大乘G70S,大乘汽车,SUV,54,54,0,0,2022,2026
23606,奔腾X40新能源,奔腾,SUV,54,54,0,0,2022,2026
23608,领途K-ONE,领途,SUV,54,54,0,0,2022,2026
23626,英致737EV,英致,MPV,54,54,0,0,2022,2026
23627,亚洲龙,丰田,轿车,54,54,0,0,2022,2026
23683,秦Pro新能源,比亚迪,轿车,54,54,0,0,2022,2026
23694,世锐PHEV,广汽集团,SUV,54,54,0,0,2022,2026
23753,观境,金杯,SUV,54,54,0,0,2022,2026
23803,富康ES500,东风富康,轿车,54,54,0,0,2022,2026
23823,尼欧Ⅱ,长安欧尚,轿车,54,54,0,0,2022,2026
23836,星越,吉利汽车,SUV,54,54,0,0,2022,2026
23869,享域,本田,轿车,54,54,0,0,2022,2026
24334,欧尚长行,长安凯程,MPV,54,54,0,0,2022,2026
23893,高尔夫·纯电,大众,轿车,54,54,0,0,2022,2026
23973,迈腾PHEV,大众,轿车,54,54,0,0,2022,2026
23984,比亚迪S2,比亚迪,SUV,54,54,0,0,2022,2026
23993,领途E骋,领途,轿车,54,54,0,0,2022,2026
24053,大通D60,大通,SUV,54,54,0,0,2022,2026
24136,SWM斯威X2,SWM斯威汽车,MPV,54,54,0,0,2022,2026
24143,比亚迪e1,比亚迪,轿车,54,54,0,0,2022,2026
24164,凯迪拉克XT6,凯迪拉克,SUV,54,54,0,0,2022,2026
24183,江淮iEVS4,江淮,SUV,54,54,0,0,2022,2026
24184,红旗HS5,红旗,SUV,54,54,0,0,2022,2026
24224,雷诺 e诺,雷诺,SUV,54,54,0,0,2022,2026
24233,纳智捷URX,纳智捷,SUV,54,54,0,0,2022,2026
24304,捷达VA3,捷达,轿车,54,54,0,0,2022,2026
25419,威然,大众,MPV,54,54,0,0,2022,2026
25490,威兰达,丰田,SUV,54,54,0,0,2022,2026
21303,伽途im,福田,MPV,54,54,0,0,2022,2026
27085,思皓X4,思皓,SUV,54,54,0,0,2022,2026
26704,长安欧尚科赛Pro,长安欧尚,SUV,54,54,0,0,2022,2026
26763,荣威i6 MAX新能源,荣威,轿车,54,54,0,0,2022,2026
26841,长安UNI-K,长安,SUV,54,54,0,0,2022,2026
26902,奥迪Q3 Sportback,奥迪,SUV,54,54,0,0,2022,2026
26993,ID.4 X,大众,SUV,54,54,0,0,2022,2026
27003,奥迪Q5L Sportback,奥迪,SUV,54,54,0,0,2022,2026
27011,影豹,广汽传祺,轿车,54,54,0,0,2022,2026
27023,凌尚,丰田,轿车,54,54,0,0,2022,2026
27035,比亚迪e9,比亚迪,轿车,54,54,0,0,2022,2026
27042,亚洲狮,丰田,轿车,54,54,0,0,2022,2026
27043,秦PLUS,比亚迪,轿车,54,54,0,0,2022,2026
27044,MG领航新能源,MG名爵,SUV,54,54,0,0,2022,2026
27084,思皓X7,思皓,SUV,54,54,0,0,2022,2026
27132,星越L,吉利汽车,SUV,54,54,0,0,2022,2026
26651,Model Y,特斯拉,SUV,54,54,0,0,2022,2026
27171,红旗E-QM5,红旗,轿车,54,54,0,0,2022,2026
27191,智己L7,智己汽车,轿车,54,54,0,0,2022,2026
27201,摩卡,魏牌,SUV,54,54,0,0,2022,2026
27362,ID.6 CROZZ,大众,SUV,54,54,0,0,2022,2026
27393,皇冠陆放,丰田,SUV,54,54,0,0,2022,2026
27404,MG Cyberster,MG名爵,轿车,54,54,0,0,2022,2026
27421,极氪001,极氪,轿车,54,54,0,0,2022,2026
27422,小虎FEV,小虎,轿车,54,54,0,0,2022,2026
27431,大家9,大通,MPV,54,54,0,0,2022,2026
27432,皓影新能源,本田,SUV,54,54,0,0,2022,2026
27442,小鹏P5,小鹏,轿车,54,54,0,0,2022,2026
27451,库斯途,现代,MPV,54,54,0,0,2022,2026
27461,凡尔赛C5 X,雪铁龙,轿车,54,54,0,0,2022,2026
26691,凯翼E5 EV,凯翼,轿车,54,54,0,0,2022,2026
26592,e爱丽舍,东风富康,轿车,54,54,0,0,2022,2026
25542,斯派卡新能源,野马汽车,MPV,54,54,0,0,2022,2026
25903,长安UNI-T,长安,SUV,54,54,0,0,2022,2026
25599,大众ID.3,大众,轿车,54,54,0,0,2022,2026
25600,ID.4 CROZZ,大众,SUV,54,54,0,0,2022,2026
25604,长安CS55PLUS,长安,SUV,54,54,0,0,2022,2026
25611,汉,比亚迪,轿车,54,54,0,0,2022,2026
25651,红旗E-HS9,红旗,SUV,54,54,0,0,2022,2026
25653,零跑T03,零跑汽车,轿车,54,54,0,0,2022,2026
25691,宝骏RS-7,宝骏,SUV,54,54,0,0,2022,2026
25732,江淮iC5,江淮,轿车,54,54,0,0,2022,2026
25784,五菱730,五菱,MPV,54,54,0,0,2022,2026
25801,奥迪A7L,奥迪,轿车,54,54,0,0,2022,2026
25833,宝骏E300,宝骏,轿车,54,54,0,0,2022,2026
25866,红旗H9,红旗,轿车,54,54,0,0,2022,2026
25901,探险者,福特,SUV,54,54,0,0,2022,2026
26012,海马6P,海马,SUV,54,54,0,0,2022,2026
26572,欧拉好猫,欧拉,轿车,54,54,0,0,2022,2026
26061,奔奔E-Star,长安欧尚,轿车,54,54,0,0,2022,2026
26101,逸动,长安,轿车,54,54,0,0,2022,2026
26201,枫叶30x,睿蓝汽车,SUV,54,54,0,0,2022,2026
26211,宏光MINIEV,五菱,轿车,54,54,0,0,2022,2026
26212,嘉悦X7,江淮,SUV,54,54,0,0,2022,2026
26241,嘉悦X4,江淮,SUV,54,54,0,0,2022,2026
26263,凌宝BOX,凌宝汽车,轿车,54,54,0,0,2022,2026
26363,瑞驰新能源S513,瑞驰新能源,SUV,54,54,0,0,2022,2026
26402,锐际新能源,福特,SUV,54,54,0,0,2022,2026
26403,宝马iX3,宝马,SUV,54,54,0,0,2022,2026
26406,宋PLUS新能源,比亚迪,SUV,54,54,0,0,2022,2026
26445,荣威iMAX8,荣威,MPV,54,54,0,0,2022,2026
26504,荣威i6 MAX,荣威,轿车,54,54,0,0,2022,2026
23534,宝骏RS-5,宝骏,SUV,54,54,0,0,2022,2026
23463,帕萨特新能源,大众,轿车,54,54,0,0,2022,2026
23433,秦Pro,比亚迪,轿车,54,54,0,0,2022,2026
22091,远景S1,吉利汽车,SUV,54,54,0,0,2022,2026
21924,众泰Z300,众泰,轿车,54,54,0,0,2022,2026
21925,众泰Z500,众泰,轿车,54,54,0,0,2022,2026
21933,欧力威EV,长安欧尚,轿车,54,54,0,0,2022,2026
21943,骏派A70E,一汽,轿车,54,54,0,0,2022,2026
21955,华泰EV160R,华泰新能源,轿车,54,54,0,0,2022,2026
21964,起亚KX CROSS,起亚,轿车,54,54,0,0,2022,2026
21973,荣威RX3,荣威,SUV,54,54,0,0,2022,2026
21986,北汽幻速S7,北汽幻速,SUV,54,54,0,0,2022,2026
22023,中华V7,中华,SUV,54,54,0,0,2022,2026
22063,凯绅,起亚,轿车,54,54,0,0,2022,2026
22065,捷豹XEL,捷豹,轿车,54,54,0,0,2022,2026
22085,中华V6,中华,SUV,54,54,0,0,2022,2026
22089,君马S70,君马汽车,SUV,54,54,0,0,2022,2026
22103,瑞虎5x,奇瑞,SUV,54,54,0,0,2022,2026
21914,启辰D60,启辰,轿车,54,54,0,0,2022,2026
22113,华骐300E,华骐,轿车,54,54,0,0,2022,2026
22124,福美来F7,海马,MPV,54,54,0,0,2022,2026
22184,WEY P8,魏牌,SUV,54,54,0,0,2022,2026
22189,LITE,LITE,轿车,54,54,0,0,2022,2026
22190,北汽威旺M60,北汽威旺,MPV,54,54,0,0,2022,2026
22243,裕路EV2,裕路,轿车,54,54,0,0,2022,2026
22253,东南DX3新能源,东南,SUV,54,54,0,0,2022,2026
22263,小鹏G3,小鹏,SUV,54,54,0,0,2022,2026
22283,宝骏530,宝骏,SUV,54,54,0,0,2022,2026
22293,御捷E行,御捷,轿车,54,54,0,0,2022,2026
22317,知豆D3,知豆,轿车,54,54,0,0,2022,2026
22318,电咖·EV10,电咖,轿车,54,54,0,0,2022,2026
22323,长安欧尚X70A,长安欧尚,SUV,54,54,0,0,2022,2026
21923,北斗星X5E,北汽昌河,轿车,54,54,0,0,2022,2026
21764,长城C30新能源,长城,轿车,54,54,0,0,2022,2026
23393,荣威i5,荣威,轿车,54,54,0,0,2022,2026
21613,骏派A50,一汽,轿车,54,54,0,0,2022,2026
21336,北汽幻速H5,北汽幻速,MPV,54,54,0,0,2022,2026
21423,元新能源,比亚迪,SUV,54,54,0,0,2022,2026
21434,众泰Z500EV,众泰,轿车,54,54,0,0,2022,2026
21435,奔奔EV,长安,轿车,54,54,0,0,2022,2026
21439,起亚K5新能源,起亚,轿车,54,54,0,0,2022,2026
21446,传祺GA5新能源,广汽传祺,轿车,54,54,0,0,2022,2026
21448,奥迪A6L e-tron,奥迪,轿车,54,54,0,0,2022,2026
21457,力帆620新能源,力帆,轿车,54,54,0,0,2022,2026
21523,长安欧尚A800,长安欧尚,MPV,54,54,0,0,2022,2026
21533,宋新能源,比亚迪,SUV,54,54,0,0,2022,2026
21568,领克03,领克,轿车,54,54,0,0,2022,2026
21587,骏派CX65,一汽,轿车,54,54,0,0,2022,2026
21593,众泰T500,众泰,SUV,54,54,0,0,2022,2026
21623,传祺GA3S PHEV,广汽传祺,轿车,54,54,0,0,2022,2026
21704,睿骋CC,长安,轿车,54,54,0,0,2022,2026
21624,焕驰,起亚,轿车,54,54,0,0,2022,2026
21625,骁途,铃木,SUV,54,54,0,0,2022,2026
21633,宋MAX,比亚迪,MPV,54,54,0,0,2022,2026
21638,纳智捷U5 SUV,纳智捷,SUV,54,54,0,0,2022,2026
21640,猎豹CS9新能源,猎豹汽车,SUV,54,54,0,0,2022,2026
21647,讴歌TLX-L,讴歌,轿车,54,54,0,0,2022,2026
21653,长安CS15EV,长安,SUV,54,54,0,0,2022,2026
21657,力帆820新能源,力帆,轿车,54,54,0,0,2022,2026
21664,传祺GS4新能源,广汽传祺,SUV,54,54,0,0,2022,2026
21665,祺智EV,广汽集团,SUV,54,54,0,0,2022,2026
21666,博骏,野马汽车,SUV,54,54,0,0,2022,2026
21678,江淮iEV7S,江淮,SUV,54,54,0,0,2022,2026
21703,江铃E160,江铃集团新能源,轿车,54,54,0,0,2022,2026
22326,凯翼E3,凯翼,轿车,54,54,0,0,2022,2026
22333,零跑S01,零跑汽车,轿车,54,54,0,0,2022,2026
22354,风行S500EV,东风风行,轿车,54,54,0,0,2022,2026
22962,汉腾V7,汉腾,MPV,54,54,0,0,2022,2026
22833,微蓝6,别克,轿车,54,54,0,0,2022,2026
22853,力帆650新能源,力帆,轿车,54,54,0,0,2022,2026
22865,易至EX5,江铃集团新能源,SUV,54,54,0,0,2022,2026
22894,缤越,吉利汽车,SUV,54,54,0,0,2022,2026
22904,海马8S,海马郑州,SUV,54,54,0,0,2022,2026
22923,大指挥官PHEV,Jeep,SUV,54,54,0,0,2022,2026
22937,SITECH DEV 1,新特,SUV,54,54,0,0,2022,2026
22938,艾瑞泽GX,奇瑞,轿车,54,54,0,0,2022,2026
22943,奕跑,起亚,SUV,54,54,0,0,2022,2026
22948,魏牌 VV6,魏牌,SUV,54,54,0,0,2022,2026
22950,哈弗F5,哈弗,SUV,54,54,0,0,2022,2026
22951,奔驰A级,奔驰,轿车,54,54,0,0,2022,2026
22959,思皓E20X,思皓,SUV,54,54,0,0,2022,2026
22969,吉利ICON,吉利汽车,SUV,54,54,0,0,2022,2026
22363,哈弗H4,哈弗,SUV,54,54,0,0,2022,2026
22976,唐,比亚迪,SUV,54,54,0,0,2022,2026
22980,英仕派,本田,轿车,54,54,0,0,2022,2026
22987,逸行,现代,轿车,54,54,0,0,2022,2026
22991,欧拉iQ,欧拉,轿车,54,54,0,0,2022,2026
23054,奥迪Q5L,奥迪,SUV,54,54,0,0,2022,2026
23064,宝沃BX3,宝沃,SUV,54,54,0,0,2022,2026
23113,哪吒N01,哪吒汽车,SUV,54,54,0,0,2022,2026
23173,名爵HS,MG名爵,SUV,54,54,0,0,2022,2026
23253,沃兰多,雪佛兰,轿车,54,54,0,0,2022,2026
23304,汉腾X5 EV,汉腾,SUV,54,54,0,0,2022,2026
23313,启辰T60,启辰,SUV,54,54,0,0,2022,2026
23314,起亚KX3新能源,起亚,SUV,54,54,0,0,2022,2026
23325,朗逸纯电,大众,轿车,54,54,0,0,2022,2026
22828,森雅R9,一汽,SUV,54,54,0,0,2022,2026
22825,博瑞,吉利汽车,轿车,54,54,0,0,2022,2026
22816,全球鹰EX3,全球鹰,SUV,54,54,0,0,2022,2026
22815,途岳,大众,SUV,54,54,0,0,2022,2026
22374,昌河Q7,北汽昌河,SUV,54,54,0,0,2022,2026
22393,奕泽IZOA,丰田,SUV,54,54,0,0,2022,2026
22407,ENCINO昂希诺,现代,SUV,54,54,0,0,2022,2026
22411,圣达菲2,华泰新能源,轿车,54,54,0,0,2022,2026
22413,路盛S1,华泰新能源,轿车,54,54,0,0,2022,2026
22424,帝豪GSe,吉利汽车,SUV,54,54,0,0,2022,2026
22444,瑞虎3xe,奇瑞新能源,SUV,54,54,0,0,2022,2026
22483,威马EX5,威马汽车,SUV,54,54,0,0,2022,2026
22493,祺智PHEV,广汽集团,SUV,54,54,0,0,2022,2026
22513,沃尔沃S90新能源,沃尔沃,轿车,54,54,0,0,2022,2026
22543,奥迪Q2L,奥迪,SUV,54,54,0,0,2022,2026
22554,大通G50,大通,MPV,54,54,0,0,2022,2026
22633,帝豪GL新能源,吉利汽车,轿车,54,54,0,0,2022,2026
22634,Mattu,猎豹汽车,SUV,54,54,0,0,2022,2026
22635,骏派D80,一汽,SUV,54,54,0,0,2022,2026
22663,T-ROC探歌,大众,SUV,54,54,0,0,2022,2026
22674,瑞虎8,奇瑞,SUV,54,54,0,0,2022,2026
22675,广汽丰田ix4,广汽集团,SUV,54,54,0,0,2022,2026
22676,君马SEEK 5(赛克5),君马汽车,SUV,54,54,0,0,2022,2026
22679,缤瑞,吉利汽车,轿车,54,54,0,0,2022,2026
22683,传祺M6,广汽传祺,MPV,54,54,0,0,2022,2026
22723,江淮iEVA50,江淮,轿车,54,54,0,0,2022,2026
22734,逸动DT,长安,轿车,54,54,0,0,2022,2026
22764,众泰T300新能源,众泰,SUV,54,54,0,0,2022,2026
22795,北京EU5,北京汽车,轿车,54,54,0,0,2022,2026
22813,探岳,大众,SUV,54,54,0,0,2022,2026
22814,途观L新能源,大众,SUV,54,54,0,0,2022,2026
27464,玛奇朵DHT-PHEV,魏牌,SUV,54,54,0,0,2022,2026
27471,红旗H5 PHEV,红旗,轿车,54,54,0,0,2022,2026
27476,欧拉闪电猫,欧拉,轿车,54,54,0,0,2022,2026
30626,长安欧尚520,长安欧尚,轿车,54,54,0,0,2022,2026
30463,深蓝L07,深蓝汽车,轿车,54,54,0,0,2022,2026
30489,五菱星光S,五菱,SUV,54,54,0,0,2022,2026
30526,宋L DM-i,比亚迪,SUV,54,54,0,0,2022,2026
30534,海狮05DM-i,比亚迪,SUV,54,54,0,0,2022,2026
30535,MG ES5,MG名爵,SUV,54,54,0,0,2022,2026
30536,吉利星愿,吉利银河,轿车,54,54,0,0,2022,2026
30537,红旗HS3 PHEV,红旗,SUV,54,54,0,0,2022,2026
30547,宝马2系,宝马,轿车,54,54,0,0,2022,2026
30548,宝骏享境,宝骏,轿车,54,54,0,0,2022,2026
30566,高尔夫GTI,大众,轿车,54,54,0,0,2022,2026
30571,夏,比亚迪,MPV,54,54,0,0,2022,2026
30599,奥迪A5L Sportback,奥迪,轿车,54,54,0,0,2022,2026
30604,AION RT,埃安,轿车,54,54,0,0,2022,2026
30627,悦意03,奔腾,SUV,54,54,0,0,2022,2026
30455,丰田bZ5,丰田,SUV,54,54,0,0,2022,2026
30631,睿蓝8,睿蓝汽车,MPV,54,54,0,0,2022,2026
30632,奥迪A5L,奥迪,轿车,54,54,0,0,2022,2026
30636,AION UT,埃安,轿车,54,54,0,0,2022,2026
30642,捷达VA7,捷达,轿车,54,54,0,0,2022,2026
30647,尊界S800,鸿蒙智行,轿车,54,54,0,0,2022,2026
30652,奥迪Q6L Sportback e-tron,奥迪,SUV,54,54,0,0,2022,2026
30654,至境世家,别克,MPV,54,54,0,0,2022,2026
30655,日产N7,日产,轿车,54,54,0,0,2022,2026
30661,奥迪E5 Sportback,奥迪AUDI,轿车,54,54,0,0,2022,2026
30672,铂智7,丰田,轿车,54,54,0,0,2022,2026
30673,firefly萤火虫,firefly萤火虫,轿车,54,54,0,0,2022,2026
30703,阿维塔06,阿维塔,轿车,54,54,0,0,2022,2026
30704,海狮05EV,比亚迪,SUV,54,54,0,0,2022,2026
30459,红旗天工06,红旗,SUV,54,54,0,0,2022,2026
30454,铂智3X,丰田,SUV,54,54,0,0,2022,2026
30262,风云A9L,奇瑞风云,轿车,54,54,0,0,2022,2026
30359,秦L,比亚迪,轿车,54,54,0,0,2022,2026
30267,瑞风RF8,江淮瑞风,MPV,54,54,0,0,2022,2026
30273,海狮07EV,比亚迪,SUV,54,54,0,0,2022,2026
30301,元UP,比亚迪,SUV,54,54,0,0,2022,2026
30302,铂智4X,丰田,SUV,54,54,0,0,2022,2026
30321,蔚来ET9,蔚来,轿车,54,54,0,0,2022,2026
30322,长安X5 PLUS,长安,SUV,54,54,0,0,2022,2026
30341,极氪MIX,极氪,SUV,54,54,0,0,2022,2026
30346,爱跑,江淮钇为,轿车,54,54,0,0,2022,2026
30347,电动MINI COOPER,MINI,轿车,54,54,0,0,2022,2026
30352,仰望U7,仰望,轿车,54,54,0,0,2022,2026
30355,红旗天工08,红旗,SUV,54,54,0,0,2022,2026
30356,智己L6,智己汽车,轿车,54,54,0,0,2022,2026
30358,领克07,领克,轿车,54,54,0,0,2022,2026
30365,长安UNI-Z新能源,长安,SUV,54,54,0,0,2022,2026
30453,红旗天工05,红旗,轿车,54,54,0,0,2022,2026
30372,小鹏P7+,小鹏,轿车,54,54,0,0,2022,2026
30373,红旗HS7 PHEV,红旗,SUV,54,54,0,0,2022,2026
30374,海豹06DM-i,比亚迪,轿车,54,54,0,0,2022,2026
30388,电动MINI ACEMAN,MINI,SUV,54,54,0,0,2022,2026
30392,享界S9,鸿蒙智行,轿车,54,54,0,0,2022,2026
30393,星海S7,东风风行,轿车,54,54,0,0,2022,2026
30413,别克GL8新能源,别克,MPV,54,54,0,0,2022,2026
30414,腾势Z9GT,腾势,轿车,54,54,0,0,2022,2026
30423,广汽本田P7,本田,SUV,54,54,0,0,2022,2026
30424,东风本田S7,本田,SUV,54,54,0,0,2022,2026
30431,奥迪Q6L e-tron,奥迪,SUV,54,54,0,0,2022,2026
30439,海豹06GT,比亚迪,轿车,54,54,0,0,2022,2026
30443,马自达EZ-6,马自达,轿车,54,54,0,0,2022,2026
30705,海豹05DM-i,比亚迪,轿车,54,54,0,0,2022,2026
30706,悦意07,奔腾,SUV,54,54,0,0,2022,2026
30707,海狮07DM-i,比亚迪,SUV,54,54,0,0,2022,2026
31114,smart精灵#6 EHD,smart,轿车,54,54,0,0,2022,2026
30935,银河星耀6,吉利银河,轿车,54,54,0,0,2022,2026
30944,深蓝L06,深蓝汽车,轿车,54,54,0,0,2022,2026
30949,睿蓝蓝气球,睿蓝汽车,轿车,54,54,0,0,2022,2026
30957,昊铂A800,昊铂,轿车,54,54,0,0,2022,2026
30983,零跑Lafa5,零跑汽车,轿车,54,54,0,0,2022,2026
30990,埃尚,埃尚,轿车,54,54,0,0,2022,2026
30999,星海X5,东风风行,SUV,54,54,0,0,2022,2026
31010,银河星耀7,吉利银河,轿车,54,54,0,0,2022,2026
31015,岚图追光L,岚图汽车,轿车,54,54,0,0,2022,2026
31051,锐胜M8新能源,北汽制造,MPV,54,54,0,0,2022,2026
31087,极狐问道V9,ARCFOX极狐,MPV,54,54,0,0,2022,2026
31093,银河V900,吉利银河,MPV,54,54,0,0,2022,2026
31096,智界V9,鸿蒙智行,MPV,54,54,0,0,2022,2026
31118,日产NX8,日产,SUV,54,54,0,0,2022,2026
30716,荣威D6,荣威,轿车,54,54,0,0,2022,2026
31120,五菱缤果Pro,五菱,轿车,54,54,0,0,2022,2026
31123,海豹07EV,比亚迪,轿车,54,54,0,0,2022,2026
31126,零跑D99,零跑汽车,MPV,54,54,0,0,2022,2026
31132,凯威德,凯迪拉克,SUV,54,54,0,0,2022,2026
31133,锐胜M8,北汽制造,MPV,54,54,0,0,2022,2026
31134,五菱星光560,五菱,SUV,54,54,0,0,2022,2026
31151,星海T5,东风风行,SUV,54,54,0,0,2022,2026
31153,尚界Z7,鸿蒙智行,轿车,54,54,0,0,2022,2026
31161,宋Ultra,比亚迪,SUV,54,54,0,0,2022,2026
31178,博越REV,吉利汽车,SUV,54,54,0,0,2022,2026
31183,沃尔沃ES90,沃尔沃,轿车,54,54,0,0,2022,2026
31193,尚界Z7T,鸿蒙智行,轿车,54,54,0,0,2022,2026
31221,MG 4X,MG名爵,SUV,54,54,0,0,2022,2026
30926,五菱星光560新能源,五菱,SUV,54,54,0,0,2022,2026
30923,享界S9T,鸿蒙智行,轿车,54,54,0,0,2022,2026
30919,五菱星光730,五菱,MPV,54,54,0,0,2022,2026
30917,极狐贝塔S3,ARCFOX极狐,轿车,54,54,0,0,2022,2026
30724,唐L,比亚迪,SUV,54,54,0,0,2022,2026
30726,极氪007 GT,极氪,轿车,54,54,0,0,2022,2026
30727,海马INJOY,海马,轿车,54,54,0,0,2022,2026
30728,比亚迪e7,比亚迪,轿车,54,54,0,0,2022,2026
30736,汉L,比亚迪,轿车,54,54,0,0,2022,2026
30741,羿驰05,江铃集团新能源,轿车,54,54,0,0,2022,2026
30791,大通G50插电混动,大通,MPV,54,54,0,0,2022,2026
30794,海豹06EV,比亚迪,轿车,54,54,0,0,2022,2026
30795,银河星耀8,吉利银河,轿车,54,54,0,0,2022,2026
30816,零跑B01,零跑汽车,轿车,54,54,0,0,2022,2026
30835,ID.ERA 9X,大众,SUV,54,54,0,0,2022,2026
30836,海狮06EV,比亚迪,SUV,54,54,0,0,2022,2026
30840,悦意08,奔腾,轿车,54,54,0,0,2022,2026
30841,极狐贝塔T1,ARCFOX极狐,轿车,54,54,0,0,2022,2026
30842,海狮06DM-i,比亚迪,SUV,54,54,0,0,2022,2026
30856,至境L7,别克,轿车,54,54,0,0,2022,2026
30857,至境E7,别克,SUV,54,54,0,0,2022,2026
30860,海豹06DM-i旅行版,比亚迪,轿车,54,54,0,0,2022,2026
30861,大唐,比亚迪,SUV,54,54,0,0,2022,2026
30862,日产N6,日产,轿车,54,54,0,0,2022,2026
30870,EO 羿欧,现代,SUV,54,54,0,0,2022,2026
30889,银河A7,吉利银河,轿车,54,54,0,0,2022,2026
30897,荣威M7,荣威,轿车,54,54,0,0,2022,2026
30905,领克10,领克,轿车,54,54,0,0,2022,2026
30906,五菱星光730新能源,五菱,MPV,54,54,0,0,2022,2026
30914,比亚迪M9,比亚迪,MPV,54,54,0,0,2022,2026
30916,五菱缤果S,五菱,轿车,54,54,0,0,2022,2026
30265,红旗HQ9新能源,红旗,MPV,54,54,0,0,2022,2026
30207,eπ007,东风奕派,轿车,54,54,0,0,2022,2026
27496,海豚,比亚迪,轿车,54,54,0,0,2022,2026
28760,长安欧尚Z6 智电iDD,长安欧尚,SUV,54,54,0,0,2022,2026
28601,枫叶60s,睿蓝汽车,轿车,54,54,0,0,2022,2026
28636,荣威iMAX8新能源,荣威,MPV,54,54,0,0,2022,2026
28671,沃尔沃C40,沃尔沃,SUV,54,54,0,0,2022,2026
28681,五菱佳辰,五菱,MPV,54,54,0,0,2022,2026
28692,风光380,东风风光,MPV,54,54,0,0,2022,2026
28700,艾瑞泽8,奇瑞,轿车,54,54,0,0,2022,2026
28701,MG4,MG名爵,轿车,54,54,0,0,2022,2026
28707,长安Lumin,长安启源,轿车,54,54,0,0,2022,2026
28711,格瑞维亚,丰田,MPV,54,54,0,0,2022,2026
28718,腾势D9,腾势,MPV,54,54,0,0,2022,2026
28725,思皓爱跑,思皓,轿车,54,54,0,0,2022,2026
28726,无界PRO,奇瑞新能源,轿车,54,54,0,0,2022,2026
28742,ARIYA艾睿雅,日产,SUV,54,54,0,0,2022,2026
28789,红旗HQ9,红旗,MPV,54,54,0,0,2022,2026
28452,宝马X5,宝马,SUV,54,54,0,0,2022,2026
28793,揽巡,大众,SUV,54,54,0,0,2022,2026
28842,极越01,极越,SUV,54,54,0,0,2022,2026
28864,五菱星驰,五菱,SUV,54,54,0,0,2022,2026
28871,海鸥,比亚迪,轿车,54,54,0,0,2022,2026
28881,标致408X,标致,轿车,54,54,0,0,2022,2026
28953,本田HR-V,本田,SUV,54,54,0,0,2022,2026
28964,东南DX8 PLUS,东南,轿车,54,54,0,0,2022,2026
28972,凯翼拾月,凯翼,轿车,54,54,0,0,2022,2026
28982,轩度EV,凯翼,轿车,54,54,0,0,2022,2026
28991,极氪009,极氪,MPV,54,54,0,0,2022,2026
28995,理想MEGA,理想汽车,MPV,54,54,0,0,2022,2026
28996,狮铂拓界,起亚,SUV,54,54,0,0,2022,2026
29098,红旗H5,红旗,轿车,54,54,0,0,2022,2026
28462,宝马i3,宝马,轿车,54,54,0,0,2022,2026
28446,蔚来ET5,蔚来,轿车,54,54,0,0,2022,2026
30206,星越L 智擎,吉利汽车,SUV,54,54,0,0,2022,2026
28005,型格,本田,轿车,54,54,0,0,2022,2026
27551,奥迪Q5 e-tron,奥迪,SUV,54,54,0,0,2022,2026
27552,护卫舰07,比亚迪,SUV,54,54,0,0,2022,2026
27583,EVOS,福特,SUV,54,54,0,0,2022,2026
27591,宝骏KiWi EV,宝骏,轿车,54,54,0,0,2022,2026
27631,红旗国雅,红旗,轿车,54,54,0,0,2022,2026
27747,赛那SIENNA,丰田,MPV,54,54,0,0,2022,2026
27762,五菱征程,五菱,MPV,54,54,0,0,2022,2026
27803,凌放HARRIER,丰田,SUV,54,54,0,0,2022,2026
27808,元PLUS,比亚迪,SUV,54,54,0,0,2022,2026
27822,QQ冰淇淋,奇瑞新能源,轿车,54,54,0,0,2022,2026
27881,长安UNI-V,长安,轿车,54,54,0,0,2022,2026
27924,驱逐舰05,比亚迪,轿车,54,54,0,0,2022,2026
27941,深蓝SL03,深蓝汽车,轿车,54,54,0,0,2022,2026
28006,威飒,丰田,SUV,54,54,0,0,2022,2026
28426,合创V09,合创汽车,MPV,54,54,0,0,2022,2026
28011,海豹,比亚迪,轿车,54,54,0,0,2022,2026
28032,长安UNI-K 智电iDD,长安,SUV,54,54,0,0,2022,2026
28071,锋兰达,丰田,SUV,54,54,0,0,2022,2026
28123,卡罗拉锐放,丰田,SUV,54,54,0,0,2022,2026
28181,力帆枫叶80V,力帆,MPV,54,54,0,0,2022,2026
28211,红旗国耀,红旗,SUV,54,54,0,0,2022,2026
28261,林肯Z,林肯,轿车,54,54,0,0,2022,2026
28271,大通G90,大通,MPV,54,54,0,0,2022,2026
28281,IQ锐歌,凯迪拉克,SUV,54,54,0,0,2022,2026
28371,岚图梦想家,岚图汽车,MPV,54,54,0,0,2022,2026
28384,奥迪Q4 e-tron,奥迪,SUV,54,54,0,0,2022,2026
28391,瑞风E3,江淮瑞风,MPV,54,54,0,0,2022,2026
28425,合创A06,合创汽车,轿车,54,54,0,0,2022,2026
29112,王牌M7,北汽制造,MPV,54,54,0,0,2022,2026
29117,丰田bZ3,丰田,轿车,54,54,0,0,2022,2026
29119,猛士917,猛士,SUV,54,54,0,0,2022,2026
30081,宝马i5,宝马,轿车,54,54,0,0,2022,2026
29701,宝马iX1,宝马,SUV,54,54,0,0,2022,2026
29713,奔腾小马,奔腾,轿车,54,54,0,0,2022,2026
29732,钇为3,江淮钇为,轿车,54,54,0,0,2022,2026
29761,e:NP2 极湃2,本田,SUV,54,54,0,0,2022,2026
29771,本田e:NS2猎光,本田,SUV,54,54,0,0,2022,2026
29851,五菱星云,五菱,SUV,54,54,0,0,2022,2026
29951,江淮A5 PLUS,江淮,轿车,54,54,0,0,2022,2026
29995,蔚来ET5T,蔚来,轿车,54,54,0,0,2022,2026
30001,荣威D7,荣威,轿车,54,54,0,0,2022,2026
30049,IQ傲歌,凯迪拉克,SUV,54,54,0,0,2022,2026
30056,大通G70,大通,MPV,54,54,0,0,2022,2026
30061,传祺E8新能源,广汽传祺,MPV,54,54,0,0,2022,2026
30064,哪吒AYA,哪吒汽车,SUV,54,54,0,0,2022,2026
30083,智界S7,鸿蒙智行,轿车,54,54,0,0,2022,2026
29137,锐程PLUS,长安,轿车,54,54,0,0,2022,2026
30091,起亚EV5,起亚,SUV,54,54,0,0,2022,2026
30092,长安启源Q05经典,长安启源,SUV,54,54,0,0,2022,2026
30093,五菱星光,五菱,轿车,54,54,0,0,2022,2026
30094,极狐 阿尔法S5,ARCFOX极狐,轿车,54,54,0,0,2022,2026
30117,江淮QX PHEV,江淮,SUV,54,54,0,0,2022,2026
30120,纳米01,东风纳米,轿车,54,54,0,0,2022,2026
30129,荣威D5X DMH,荣威,SUV,54,54,0,0,2022,2026
30130,PATHFINDER探陆,日产,SUV,54,54,0,0,2022,2026
30133,捷途山海L9,捷途,SUV,54,54,0,0,2022,2026
30174,小鹏MONA M03,小鹏,轿车,54,54,0,0,2022,2026
30196,沃尔沃EM90,沃尔沃,MPV,54,54,0,0,2022,2026
30198,星瑞L,吉利汽车,轿车,54,54,0,0,2022,2026
30202,灵悉L,灵悉,轿车,54,54,0,0,2022,2026
29681,红旗EH7,红旗,轿车,54,54,0,0,2022,2026
29661,宋L EV,比亚迪,SUV,54,54,0,0,2022,2026
29653,长安启源A07,长安启源,轿车,54,54,0,0,2022,2026
29652,Polestar 4,Polestar极星,SUV,54,54,0,0,2022,2026
29146,飞凡F7,飞凡汽车,轿车,54,54,0,0,2022,2026
29207,豪越L,吉利汽车,SUV,54,54,0,0,2022,2026
29214,红旗H6,红旗,轿车,54,54,0,0,2022,2026
29223,王牌M7新能源,北汽制造,MPV,54,54,0,0,2022,2026
29236,世纪,别克,MPV,54,54,0,0,2022,2026
29241,风光E380,东风风光,MPV,54,54,0,0,2022,2026
29351,星海V9,东风风行,MPV,54,54,0,0,2022,2026
29362,昊铂GT,昊铂,轿车,54,54,0,0,2022,2026
29369,小鹏X9,小鹏,MPV,54,54,0,0,2022,2026
29370,瑞虎9,奇瑞,SUV,54,54,0,0,2022,2026
29374,吉利熊猫,吉利银河,轿车,54,54,0,0,2022,2026
29412,极越07,极越,轿车,54,54,0,0,2022,2026
29425,小米SU7,小米汽车,轿车,54,54,0,0,2022,2026
29431,极狐考拉,ARCFOX极狐,MPV,54,54,0,0,2022,2026
29436,iCAR 03,iCAR,SUV,54,54,0,0,2022,2026
29443,别克E4,别克,SUV,54,54,0,0,2022,2026
29447,阿维塔12,阿维塔,轿车,54,54,0,0,2022,2026
29464,红旗HS3,红旗,SUV,54,54,0,0,2022,2026
29481,银河E8,吉利银河,轿车,54,54,0,0,2022,2026
29521,星途ES,星途,轿车,54,54,0,0,2022,2026
29541,曹操60,曹操汽车,轿车,54,54,0,0,2022,2026
29561,赛图斯,起亚,SUV,54,54,0,0,2022,2026
29571,传祺E9,广汽传祺,MPV,54,54,0,0,2022,2026
29582,海豹07DM-i,比亚迪,轿车,54,54,0,0,2022,2026
29621,瑞风RF8新能源,江淮瑞风,MPV,54,54,0,0,2022,2026
29642,大家7,大通,MPV,54,54,0,0,2022,2026
29651,魏牌 高山,魏牌,MPV,54,54,0,0,2022,2026
21332,中华H230EV,中华,轿车,54,54,0,0,2022,2026
21293,比速T5,比速汽车,SUV,54,54,0,0,2022,2026
25,羚羊,铃木,轿车,54,54,0,0,2022,2026
4640,奔腾B30,奔腾,轿车,54,54,0,0,2022,2026
4548,瑞风S5,江淮,SUV,54,54,0,0,2022,2026
4550,凯美瑞,丰田,轿车,54,54,0,0,2022,2026
4553,智跑,起亚,SUV,54,54,0,0,2022,2026
4556,菱智,东风风行,MPV,54,54,0,0,2022,2026
4559,唯雅诺,奔驰,MPV,54,54,0,0,2022,2026
4560,威霆,奔驰,MPV,54,54,0,0,2022,2026
4564,路盛E70,华泰,轿车,54,54,0,0,2022,2026
4573,勇士,北汽制造,SUV,54,54,0,0,2022,2026
4581,长城C30,长城,轿车,54,54,0,0,2022,2026
4585,长安CX20,长安,轿车,54,54,0,0,2022,2026
4591,北斗星,铃木,轿车,54,54,0,0,2022,2026
4611,瑞纳,现代,轿车,54,54,0,0,2022,2026
4613,五菱宏光,五菱,SUV,54,54,0,0,2022,2026
4650,莲花L5,莲花汽车,轿车,54,54,0,0,2022,2026
4519,驭胜S350,驭胜,SUV,54,54,0,0,2022,2026
4664,荣威950,荣威,轿车,54,54,0,0,2022,2026
4665,众泰T600,众泰,SUV,54,54,0,0,2022,2026
4670,荣威e50,荣威,轿车,54,54,0,0,2022,2026
4674,长城C50,长城,轿车,54,54,0,0,2022,2026
4680,传祺GA5,广汽传祺,轿车,54,54,0,0,2022,2026
4684,宝利格,华泰,SUV,54,54,0,0,2022,2026
4685,北京BW007,北汽制造,SUV,54,54,0,0,2022,2026
4704,旗云3,奇瑞,轿车,54,54,0,0,2022,2026
4705,旗云2,奇瑞,轿车,54,54,0,0,2022,2026
4715,标致508,标致,轿车,54,54,0,0,2022,2026
4718,比亚迪G6,比亚迪,轿车,54,54,0,0,2022,2026
5005,夏利,一汽,轿车,54,54,0,0,2022,2026
5025,致胜,福特,轿车,54,54,0,0,2022,2026
4526,力帆X60,力帆,SUV,54,54,0,0,2022,2026
4517,大众CC,大众,轿车,54,54,0,0,2022,2026
5045,骐达,日产,轿车,54,54,0,0,2022,2026
4313,奥迪A6L,奥迪,轿车,54,54,0,0,2022,2026
4067,日产NV200,日产,MPV,54,54,0,0,2022,2026
4076,吉利GX7,吉利汽车,SUV,54,54,0,0,2022,2026
4083,荣威350,荣威,轿车,54,54,0,0,2022,2026
4100,风云2,奇瑞,轿车,54,54,0,0,2022,2026
4125,雪铁龙C5,雪铁龙,轿车,54,54,0,0,2022,2026
4127,翼神,三菱,轿车,54,54,0,0,2022,2026
4132,思铂睿,本田,轿车,54,54,0,0,2022,2026
4248,陆风X8,陆风,SUV,54,54,0,0,2022,2026
4265,王子,海马郑州,轿车,54,54,0,0,2022,2026
4266,名驭,现代,轿车,54,54,0,0,2022,2026
4275,夏利N5,一汽,轿车,54,54,0,0,2022,2026
4278,永源A380,永源,SUV,54,54,0,0,2022,2026
4312,翼虎,福特,SUV,54,54,0,0,2022,2026
4315,帅客,东风,MPV,54,54,0,0,2022,2026
4514,比亚迪L3,比亚迪,轿车,54,54,0,0,2022,2026
4347,莲花L3,莲花汽车,轿车,54,54,0,0,2022,2026
4350,景程,雪佛兰,轿车,54,54,0,0,2022,2026
4431,北京现代ix35,现代,SUV,54,54,0,0,2022,2026
4437,高尔夫,大众,轿车,54,54,0,0,2022,2026
4445,东风风神H30,东风风神,轿车,54,54,0,0,2022,2026
4447,标致408,标致,轿车,54,54,0,0,2022,2026
4457,奥迪Q5,奥迪,SUV,54,54,0,0,2022,2026
4463,长城M2,长城,SUV,54,54,0,0,2022,2026
4470,传祺M8,广汽传祺,MPV,54,54,0,0,2022,2026
4491,歌诗图,本田,轿车,54,54,0,0,2022,2026
4503,玛驰,日产,轿车,54,54,0,0,2022,2026
4504,派喜,铃木,轿车,54,54,0,0,2022,2026
4512,凯迪拉克XTS,凯迪拉克,轿车,54,54,0,0,2022,2026
5044,瑞虎5,奇瑞,SUV,54,54,0,0,2022,2026
5052,经典圣达菲,华泰,SUV,54,54,0,0,2022,2026
21282,金杯F50,金杯,MPV,54,54,0,0,2022,2026
8022,长安CS35,长安,SUV,54,54,0,0,2022,2026
7659,中华V5,中华,SUV,54,54,0,0,2022,2026
7669,启辰D50,启辰,轿车,54,54,0,0,2022,2026
7681,绅宝D70,北京汽车,轿车,54,54,0,0,2022,2026
7682,景逸SUV,东风风行,SUV,54,54,0,0,2022,2026
7739,欧诺S,长安凯程,MPV,54,54,0,0,2022,2026
7742,悦翔V3,长安,轿车,54,54,0,0,2022,2026
7819,欧朗,欧朗,轿车,54,54,0,0,2022,2026
7889,起亚K3,起亚,轿车,54,54,0,0,2022,2026
7989,艾力绅,本田,MPV,54,54,0,0,2022,2026
7999,威志V5,一汽,轿车,54,54,0,0,2022,2026
8000,胜达,现代,SUV,54,54,0,0,2022,2026
8001,思铭,思铭,轿车,54,54,0,0,2022,2026
8019,中华H230,中华,轿车,54,54,0,0,2022,2026
8029,翼搏,福特,SUV,54,54,0,0,2022,2026
7650,科帕奇,雪佛兰,SUV,54,54,0,0,2022,2026
8049,朗动,现代,轿车,54,54,0,0,2022,2026
8059,菲翔,菲亚特,轿车,54,54,0,0,2022,2026
8089,腾势经典,腾势,轿车,54,54,0,0,2022,2026
8099,纳5,纳智捷,轿车,54,54,0,0,2022,2026
8109,中兴C3,中兴,SUV,54,54,0,0,2022,2026
8120,秦新能源,比亚迪,轿车,54,54,0,0,2022,2026
8129,V6菱仕,东南,轿车,54,54,0,0,2022,2026
8199,奥轩GX5,广汽吉奥,SUV,54,54,0,0,2022,2026
8300,野马F12,野马汽车,SUV,54,54,0,0,2022,2026
8331,雪铁龙C4L,雪铁龙,轿车,54,54,0,0,2022,2026
8390,启辰R50,启辰,轿车,54,54,0,0,2022,2026
8440,速锐,比亚迪,轿车,54,54,0,0,2022,2026
8470,中华H320,中华,轿车,54,54,0,0,2022,2026
7651,奔驰GLK,奔驰,SUV,54,54,0,0,2022,2026
7629,野马F10,野马汽车,SUV,54,54,0,0,2022,2026
5054,奔奔Mini,长安,轿车,54,54,0,0,2022,2026
7209,宝马X1,宝马,SUV,54,54,0,0,2022,2026
5064,森雅M80,一汽,MPV,54,54,0,0,2022,2026
5067,威志V2,一汽,轿车,54,54,0,0,2022,2026
7042,马自达8,马自达,MPV,54,54,0,0,2022,2026
7075,起亚K5凯酷,起亚,轿车,54,54,0,0,2022,2026
7085,奔腾B90,奔腾,轿车,54,54,0,0,2022,2026
7086,华泰B11,华泰,轿车,54,54,0,0,2022,2026
7087,逸致,丰田,MPV,54,54,0,0,2022,2026
7099,天语·尚悦,铃木,轿车,54,54,0,0,2022,2026
7130,起亚K2,起亚,轿车,54,54,0,0,2022,2026
7169,北京汽车E系列,北京汽车,轿车,54,54,0,0,2022,2026
7195,MG5,MG名爵,轿车,54,54,0,0,2022,2026
7199,长城M4,长城,SUV,54,54,0,0,2022,2026
7201,逸动经典,长安,轿车,54,54,0,0,2022,2026
7229,欧力威,长安欧尚,轿车,54,54,0,0,2022,2026
7571,野马E系,野马汽车,轿车,54,54,0,0,2022,2026
7272,奇瑞E5,奇瑞,轿车,54,54,0,0,2022,2026
7280,中华H530,中华,轿车,54,54,0,0,2022,2026
7281,纳智捷大7 SUV,纳智捷,SUV,54,54,0,0,2022,2026
7282,纳智捷MASTER CEO,纳智捷,MPV,54,54,0,0,2022,2026
7291,力帆720,力帆,轿车,54,54,0,0,2022,2026
7322,海马爱尚,海马郑州,轿车,54,54,0,0,2022,2026
7324,海马M3,海马郑州,轿车,54,54,0,0,2022,2026
7329,骏派D60,一汽,SUV,54,54,0,0,2022,2026
7331,夏利N7,一汽,轿车,54,54,0,0,2022,2026
7538,众泰Z360,众泰,轿车,54,54,0,0,2022,2026
7542,V5菱致,东南,轿车,54,54,0,0,2022,2026
7565,马自达3星骋,马自达,轿车,54,54,0,0,2022,2026
7569,野马F16,野马汽车,SUV,54,54,0,0,2022,2026
4055,哈弗H8,哈弗,SUV,54,54,0,0,2022,2026
4034,狮跑,起亚,SUV,54,54,0,0,2022,2026
4021,吉利EC8,吉利汽车,轿车,54,54,0,0,2022,2026
1903,奇瑞V5,奇瑞,MPV,54,54,0,0,2022,2026
1397,迈锐宝,雪佛兰,轿车,54,54,0,0,2022,2026
1564,普锐斯,丰田,轿车,54,54,0,0,2022,2026
1583,利亚纳,铃木,轿车,54,54,0,0,2022,2026
1584,骏捷,中华,轿车,54,54,0,0,2022,2026
1603,奔驰E级,奔驰,轿车,54,54,0,0,2022,2026
1614,风尚,陆风,MPV,54,54,0,0,2022,2026
1623,力帆520,力帆,轿车,54,54,0,0,2022,2026
1633,速腾,大众,轿车,54,54,0,0,2022,2026
1649,马自达3,马自达,轿车,54,54,0,0,2022,2026
1654,普力马,海马,MPV,54,54,0,0,2022,2026
1726,思域,本田,轿车,54,54,0,0,2022,2026
1884,蓝瑟,三菱,轿车,54,54,0,0,2022,2026
1893,新金刚,吉利汽车,轿车,54,54,0,0,2022,2026
1983,MG7,MG名爵,轿车,54,54,0,0,2022,2026
1177,锐志,丰田,轿车,54,54,0,0,2022,2026
1984,荣威750,荣威,轿车,54,54,0,0,2022,2026
2063,远景,吉利汽车,轿车,54,54,0,0,2022,2026
2064,雪铁龙C2,雪铁龙,轿车,54,54,0,0,2022,2026
2113,威志,一汽,轿车,54,54,0,0,2022,2026
2143,蒙迪欧,福特,轿车,54,54,0,0,2022,2026
2173,戈蓝,三菱,轿车,54,54,0,0,2022,2026
2203,天语SX4,铃木,轿车,54,54,0,0,2022,2026
2253,帕杰罗,三菱,SUV,54,54,0,0,2022,2026
2323,锐欧,起亚,轿车,54,54,0,0,2022,2026
2443,奇瑞A1,奇瑞,轿车,54,54,0,0,2022,2026
2463,伊兰特,现代,轿车,54,54,0,0,2022,2026
2514,林荫大道,别克,轿车,54,54,0,0,2022,2026
2543,骊威,日产,轿车,54,54,0,0,2022,2026
1376,爱唯欧,雪佛兰,轿车,54,54,0,0,2022,2026
1133,兰德酷路泽,丰田,SUV,54,54,0,0,2022,2026
4018,丘比特,海马,轿车,54,54,0,0,2022,2026
419,爱迪尔,北汽昌河,轿车,54,54,0,0,2022,2026
89,捷达,大众,轿车,54,54,0,0,2022,2026
90,雅阁,本田,轿车,54,54,0,0,2022,2026
99,帕萨特,大众,轿车,54,54,0,0,2022,2026
100,桑塔纳,大众,轿车,54,54,0,0,2022,2026
106,别克GL8,别克,MPV,54,54,0,0,2022,2026
129,蓝鸟,日产,轿车,54,54,0,0,2022,2026
215,瑞风,江淮,MPV,54,54,0,0,2022,2026
294,福美来,海马,轿车,54,54,0,0,2022,2026
319,标致307,标致,轿车,54,54,0,0,2022,2026
354,马自达6,马自达,轿车,54,54,0,0,2022,2026
357,特拉卡,华泰,SUV,54,54,0,0,2022,2026
377,阳光,日产,轿车,54,54,0,0,2022,2026
411,普拉多,丰田,SUV,54,54,0,0,2022,2026
424,宝马3系,宝马,轿车,54,54,0,0,2022,2026
1074,途胜L,现代,SUV,54,54,0,0,2022,2026
441,宝马5系,宝马,轿车,54,54,0,0,2022,2026
444,飞腾,猎豹汽车,SUV,54,54,0,0,2022,2026
445,黑金刚,猎豹汽车,SUV,54,54,0,0,2022,2026
487,花冠,丰田,轿车,54,54,0,0,2022,2026
631,本田CR-V,本田,SUV,54,54,0,0,2022,2026
651,嘉华,起亚,MPV,54,54,0,0,2022,2026
652,陆霸,北汽制造,SUV,54,54,0,0,2022,2026
678,途安,大众,MPV,54,54,0,0,2022,2026
793,江南TT,众泰,轿车,54,54,0,0,2022,2026
865,尊驰,中华,轿车,54,54,0,0,2022,2026
933,皇冠,丰田,轿车,54,54,0,0,2022,2026
954,赛欧,雪佛兰,轿车,54,54,0,0,2022,2026
1053,雨燕,铃木,轿车,54,54,0,0,2022,2026
2734,卡罗拉,丰田,轿车,54,54,0,0,2022,2026
2824,迈腾,大众,轿车,54,54,0,0,2022,2026
2974,御轩,东风,MPV,54,54,0,0,2022,2026
3895,途观,大众,SUV,54,54,0,0,2022,2026
3543,君威,别克,轿车,54,54,0,0,2022,2026
3544,科鲁兹,雪佛兰,轿车,54,54,0,0,2022,2026
3565,奥德赛,本田,MPV,54,54,0,0,2022,2026
3624,奔腾B50,奔腾,轿车,54,54,0,0,2022,2026
3626,理念S1,理念,轿车,54,54,0,0,2022,2026
3629,比亚迪M6,比亚迪,MPV,54,54,0,0,2022,2026
3634,迷迪,福田,MPV,54,54,0,0,2022,2026
3686,MG6,MG名爵,轿车,54,54,0,0,2022,2026
3715,RAV4荣放,丰田,SUV,54,54,0,0,2022,2026
3725,沃尔沃S80L,沃尔沃,轿车,54,54,0,0,2022,2026
3734,福瑞迪,起亚,轿车,54,54,0,0,2022,2026
3745,君越,别克,轿车,54,54,0,0,2022,2026
3785,骏捷FSV,中华,轿车,54,54,0,0,2022,2026
3896,荣威W5,荣威,SUV,54,54,0,0,2022,2026
2975,奥丁,东风,SUV,54,54,0,0,2022,2026
3898,骑士,海马,SUV,54,54,0,0,2022,2026
3904,东风风神S30,东风风神,轿车,54,54,0,0,2022,2026
3924,瑞风M2,江淮,MPV,54,54,0,0,2022,2026
3945,吉利英伦TX4,吉利汽车,轿车,54,54,0,0,2022,2026
3954,瑞麒G6,瑞麒,轿车,54,54,0,0,2022,2026
3976,比亚迪G3,比亚迪,轿车,54,54,0,0,2022,2026
3985,和悦,江淮,轿车,54,54,0,0,2022,2026
3986,悦悦,江淮,轿车,54,54,0,0,2022,2026
3996,轩逸,日产,轿车,54,54,0,0,2022,2026
4004,瑞麒M1,瑞麒,轿车,54,54,0,0,2022,2026
4005,比亚迪S6,比亚迪,SUV,54,54,0,0,2022,2026
4014,哈弗H5经典,哈弗,SUV,54,54,0,0,2022,2026
4015,长城C20R,长城,轿车,54,54,0,0,2022,2026
3542,嘉年华,福特,轿车,54,54,0,0,2022,2026
3540,秀尔,起亚,轿车,54,54,0,0,2022,2026
3539,锋范,本田,轿车,54,54,0,0,2022,2026
3524,奥迪A4L,奥迪,轿车,54,54,0,0,2022,2026
3001,自由舰,吉利汽车,轿车,54,54,0,0,2022,2026
3014,猎豹CS6,猎豹汽车,SUV,54,54,0,0,2022,2026
3044,景逸,东风风行,轿车,54,54,0,0,2022,2026
3094,赛拉图,起亚,轿车,54,54,0,0,2022,2026
3124,马自达2,马自达,轿车,54,54,0,0,2022,2026
3127,逍客,日产,SUV,54,54,0,0,2022,2026
3178,奔驰C级,奔驰,轿车,54,54,0,0,2022,2026
3182,乐驰,宝骏,轿车,54,54,0,0,2022,2026
3184,骏捷FRV,中华,轿车,54,54,0,0,2022,2026
3188,凯越,别克,轿车,54,54,0,0,2022,2026
3192,力帆520i,力帆,轿车,54,54,0,0,2022,2026
3195,天籁,日产,轿车,54,54,0,0,2022,2026
3225,朗逸,大众,轿车,54,54,0,0,2022,2026
3234,荣威550,荣威,轿车,54,54,0,0,2022,2026
3254,经典世嘉,雪铁龙,轿车,54,54,0,0,2022,2026
3264,比亚迪F0,比亚迪,轿车,54,54,0,0,2022,2026
3275,奇瑞A3,奇瑞,轿车,54,54,0,0,2022,2026
3286,宝来,大众,轿车,54,54,0,0,2022,2026
3295,经典熊猫,吉利汽车,轿车,54,54,0,0,2022,2026
3314,力帆320,力帆,轿车,54,54,0,0,2022,2026
3315,力帆620,力帆,轿车,54,54,0,0,2022,2026
3324,和悦A13,江淮,轿车,54,54,0,0,2022,2026
3337,V3菱悦,东南,轿车,54,54,0,0,2022,2026
3374,睿翼,马自达,轿车,54,54,0,0,2022,2026
3384,奇骏,日产,SUV,54,54,0,0,2022,2026
3474,晶锐,斯柯达,轿车,54,54,0,0,2022,2026
3494,君阁,三菱,MPV,54,54,0,0,2022,2026
8550,思锐,比亚迪,轿车,54,54,0,0,2022,2026
8571,陆风X5,陆风,SUV,54,54,0,0,2022,2026
8572,力帆530,力帆,轿车,54,54,0,0,2022,2026
13500,上汽大通MAXUS EG10,大通,MPV,54,54,0,0,2022,2026
13168,奇瑞QQ3EV,奇瑞新能源,轿车,54,54,0,0,2022,2026
13258,绅宝X35,北京汽车,SUV,54,54,0,0,2022,2026
13278,乐风RV,雪佛兰,轿车,54,54,0,0,2022,2026
13288,观致5,观致,SUV,54,54,0,0,2022,2026
13350,卡罗拉双擎E+,丰田,轿车,54,54,0,0,2022,2026
13351,雷凌双擎E+,丰田,轿车,54,54,0,0,2022,2026
13360,奔驰V级,奔驰,MPV,54,54,0,0,2022,2026
13386,昌河Q25,北汽昌河,SUV,54,54,0,0,2022,2026
13388,北汽新能源EU,北汽新能源,轿车,54,54,0,0,2022,2026
13397,西玛,日产,轿车,54,54,0,0,2022,2026
13398,领动,现代,轿车,54,54,0,0,2022,2026
13428,高尔夫·嘉旅,大众,MPV,54,54,0,0,2022,2026
13469,英致727,英致,MPV,54,54,0,0,2022,2026
13509,自由侠,Jeep,SUV,54,54,0,0,2022,2026
13078,野马EC70,野马汽车,SUV,54,54,0,0,2022,2026
13520,荣威e950,荣威,轿车,54,54,0,0,2022,2026
13540,风行SX6,东风风行,SUV,54,54,0,0,2022,2026
13590,迈威,力帆,SUV,54,54,0,0,2022,2026
13591,东风风度MX5,东风风度,SUV,54,54,0,0,2022,2026
13604,众泰T700,众泰,SUV,54,54,0,0,2022,2026
13614,凯翼V3,凯翼,SUV,54,54,0,0,2022,2026
13625,宝骏E100,宝骏,轿车,54,54,0,0,2022,2026
13635,凯迪拉克XT5,凯迪拉克,SUV,54,54,0,0,2022,2026
13655,伽途ix5,福田,MPV,54,54,0,0,2022,2026
13725,福美来七座版,海马,MPV,54,54,0,0,2022,2026
13745,锐3,纳智捷,轿车,54,54,0,0,2022,2026
13746,中华H3,中华,轿车,54,54,0,0,2022,2026
13757,北汽威旺S50,北汽威旺,SUV,54,54,0,0,2022,2026
13138,宝沃BX7,宝沃,SUV,54,54,0,0,2022,2026
13070,众泰SR7,众泰,SUV,54,54,0,0,2022,2026
12512,发现神行,路虎,SUV,54,54,0,0,2022,2026
12764,V5 plus,东南,轿车,54,54,0,0,2022,2026
12514,力帆X80,力帆,SUV,54,54,0,0,2022,2026
12523,东风风神AX3,东风风神,SUV,54,54,0,0,2022,2026
12543,风行S500,东风风行,MPV,54,54,0,0,2022,2026
12553,众泰大迈X5,众泰,SUV,54,54,0,0,2022,2026
12572,众泰E200,众泰,轿车,54,54,0,0,2022,2026
12583,桑塔纳·浩纳,大众,轿车,54,54,0,0,2022,2026
12585,芝麻,众泰,轿车,54,54,0,0,2022,2026
12592,绅宝X55,北京汽车,SUV,54,54,0,0,2022,2026
12596,北京BJ20,北京越野,SUV,54,54,0,0,2022,2026
12603,力帆X70,力帆,轿车,54,54,0,0,2022,2026
12623,驭胜S330,驭胜,SUV,54,54,0,0,2022,2026
12633,英致737,英致,MPV,54,54,0,0,2022,2026
12744,绅宝X25,北京汽车,SUV,54,54,0,0,2022,2026
12774,荣威360,荣威,轿车,54,54,0,0,2022,2026
13069,维特拉,铃木,SUV,54,54,0,0,2022,2026
12794,知豆D2,知豆,轿车,54,54,0,0,2022,2026
12875,全球鹰K10,全球鹰,轿车,54,54,0,0,2022,2026
12876,全球鹰K11,全球鹰,轿车,54,54,0,0,2022,2026
12884,哥瑞,本田,轿车,54,54,0,0,2022,2026
12904,斯派卡,野马汽车,MPV,54,54,0,0,2022,2026
12944,英致G5,英致,SUV,54,54,0,0,2022,2026
12954,北汽幻速H3,北汽幻速,MPV,54,54,0,0,2022,2026
12975,奔驰GLC,奔驰,SUV,54,54,0,0,2022,2026
12985,风光330,东风风光,MPV,54,54,0,0,2022,2026
12986,风光360,东风风光,MPV,54,54,0,0,2022,2026
12995,五菱宏光S1,五菱,MPV,54,54,0,0,2022,2026
12997,科雷嘉,雷诺,SUV,54,54,0,0,2022,2026
13018,C4世嘉,雪铁龙,轿车,54,54,0,0,2022,2026
13838,别克GL6,别克,MPV,54,54,0,0,2022,2026
13867,帝豪GL,吉利汽车,轿车,54,54,0,0,2022,2026
13877,迈锐宝XL,雪佛兰,轿车,54,54,0,0,2022,2026
21013,探界者,雪佛兰,SUV,54,54,0,0,2022,2026
20582,SWM斯威X7,SWM斯威汽车,SUV,54,54,0,0,2022,2026
20583,宝马1系,宝马,轿车,54,54,0,0,2022,2026
20642,路盛E80,华泰,轿车,54,54,0,0,2022,2026
20652,竞瑞,本田,轿车,54,54,0,0,2022,2026
20672,比速M3,比速汽车,MPV,54,54,0,0,2022,2026
20762,海马E3,海马新能源,轿车,54,54,0,0,2022,2026
20802,轩朗,力帆,MPV,54,54,0,0,2022,2026
20865,昌河M70,北汽昌河,MPV,54,54,0,0,2022,2026
20892,江铃E100,江铃集团新能源,轿车,54,54,0,0,2022,2026
20912,悦纳RV,现代,轿车,54,54,0,0,2022,2026
20932,汉腾X5,汉腾,SUV,54,54,0,0,2022,2026
20934,本田UR-V,本田,SUV,54,54,0,0,2022,2026
20963,途昂,大众,SUV,54,54,0,0,2022,2026
21053,奔腾X40,奔腾,SUV,54,54,0,0,2022,2026
13908,江南T11,众泰,轿车,54,54,0,0,2022,2026
21072,VELITE 5,别克,轿车,54,54,0,0,2022,2026
21073,魏牌 VV7,魏牌,SUV,54,54,0,0,2022,2026
21074,魏牌 VV5,魏牌,SUV,54,54,0,0,2022,2026
21086,力帆650,力帆,轿车,54,54,0,0,2022,2026
21091,北汽幻速S5,北汽幻速,SUV,54,54,0,0,2022,2026
21102,启辰M50V,启辰,MPV,54,54,0,0,2022,2026
21162,传祺GS7,广汽传祺,SUV,54,54,0,0,2022,2026
21172,途观L,大众,SUV,54,54,0,0,2022,2026
21193,凌轩,长安,MPV,54,54,0,0,2022,2026
21223,东风风神AX4,东风风神,SUV,54,54,0,0,2022,2026
21224,标致5008,标致,SUV,54,54,0,0,2022,2026
21255,传祺GE3,埃安,SUV,54,54,0,0,2022,2026
21273,远景X1,吉利汽车,SUV,54,54,0,0,2022,2026
20562,比速T3,比速汽车,SUV,54,54,0,0,2022,2026
20545,标致4008,标致,SUV,54,54,0,0,2022,2026
20543,沃尔沃S90,沃尔沃,轿车,54,54,0,0,2022,2026
20542,凯翼X5,凯翼,SUV,54,54,0,0,2022,2026
13928,宝沃BX5,宝沃,SUV,54,54,0,0,2022,2026
13929,宝沃BX6,宝沃,SUV,54,54,0,0,2022,2026
14029,众泰SR9,众泰,SUV,54,54,0,0,2022,2026
14039,华泰XEV260,华泰新能源,SUV,54,54,0,0,2022,2026
14068,瑞虎7,奇瑞,SUV,54,54,0,0,2022,2026
14091,比亚迪e5,比亚迪,轿车,54,54,0,0,2022,2026
14113,捷豹XFL,捷豹,轿车,54,54,0,0,2022,2026
14142,瑞风S7,江淮,SUV,54,54,0,0,2022,2026
14181,众泰T300,众泰,SUV,54,54,0,0,2022,2026
14191,江淮iEV7,江淮,轿车,54,54,0,0,2022,2026
14192,上汽大通MAXUS D90,大通,SUV,54,54,0,0,2022,2026
14194,江淮iEV6E,江淮,轿车,54,54,0,0,2022,2026
14211,众泰大迈X7,众泰,SUV,54,54,0,0,2022,2026
14221,传祺GA4,广汽传祺,轿车,54,54,0,0,2022,2026
14242,东风风神AX5,东风风神,SUV,54,54,0,0,2022,2026
14251,科雷傲,雷诺,SUV,54,54,0,0,2022,2026
14252,冠道,本田,SUV,54,54,0,0,2022,2026
14264,猎豹CS9,猎豹汽车,SUV,54,54,0,0,2022,2026
14265,骏派A70,一汽,轿车,54,54,0,0,2022,2026
14373,瑞虎3x,奇瑞,SUV,54,54,0,0,2022,2026
14382,野马T80,野马汽车,SUV,54,54,0,0,2022,2026
14383,汉腾X7,汉腾,SUV,54,54,0,0,2022,2026
14384,汉腾X7 PHEV,汉腾,SUV,54,54,0,0,2022,2026
20454,江铃E200L,江铃集团新能源,轿车,54,54,0,0,2022,2026
20513,北汽威旺M50F,北汽威旺,MPV,54,54,0,0,2022,2026
20522,全球鹰K12,全球鹰,轿车,54,54,0,0,2022,2026
20524,全球鹰K17,全球鹰,轿车,54,54,0,0,2022,2026
12513,传祺GA8,广汽传祺,轿车,54,54,0,0,2022,2026
12442,金杯750,金杯,MPV,54,54,0,0,2022,2026
8575,锋驭,铃木,SUV,54,54,0,0,2022,2026
9917,北京现代ix25,现代,SUV,54,54,0,0,2022,2026
9509,Yeti,斯柯达,SUV,54,54,0,0,2022,2026
9550,奥迪A3,奥迪,轿车,54,54,0,0,2022,2026
9590,景逸X5,东风风行,SUV,54,54,0,0,2022,2026
9604,五菱宏光S,五菱,MPV,54,54,0,0,2022,2026
9605,星朗,广汽吉奥,MPV,54,54,0,0,2022,2026
9656,DS 5,DS,轿车,54,54,0,0,2022,2026
9767,沃尔沃S60,沃尔沃,轿车,54,54,0,0,2022,2026
9809,艾瑞泽3,奇瑞,轿车,54,54,0,0,2022,2026
9838,艾瑞泽M7,奇瑞,MPV,54,54,0,0,2022,2026
9847,唐新能源,比亚迪,SUV,54,54,0,0,2022,2026
9857,北汽幻速S2,北汽幻速,SUV,54,54,0,0,2022,2026
9867,力帆X50,力帆,SUV,54,54,0,0,2022,2026
9887,力帆820,力帆,轿车,54,54,0,0,2022,2026
10018,起亚K4,起亚,轿车,54,54,0,0,2022,2026
9423,风光,东风小康,MPV,54,54,0,0,2022,2026
10048,利亚纳A6,铃木,轿车,54,54,0,0,2022,2026
10069,Ottimo致悦,菲亚特,轿车,54,54,0,0,2022,2026
10109,奔奔,长安,轿车,54,54,0,0,2022,2026
10199,DS 5LS,DS,轿车,54,54,0,0,2022,2026
10221,纳智捷优6 SUV,纳智捷,SUV,54,54,0,0,2022,2026
10280,马自达3 昂克赛拉,马自达,轿车,54,54,0,0,2022,2026
10331,起亚K3S,起亚,轿车,54,54,0,0,2022,2026
10370,比亚迪G5,比亚迪,轿车,54,54,0,0,2022,2026
10460,江淮iEV,江淮,轿车,54,54,0,0,2022,2026
10500,众泰Z560,众泰,轿车,54,54,0,0,2022,2026
10510,北汽幻速S3,北汽幻速,SUV,54,54,0,0,2022,2026
10640,悦翔V7,长安,轿车,54,54,0,0,2022,2026
10660,艾瑞泽5,奇瑞,轿车,54,54,0,0,2022,2026
9488,红旗国礼,红旗,轿车,54,54,0,0,2022,2026
9327,中华H220,中华,轿车,54,54,0,0,2022,2026
12381,威朗,别克,轿车,54,54,0,0,2022,2026
9191,朗逸两厢,大众,轿车,54,54,0,0,2022,2026
8580,奇瑞E3,奇瑞,轿车,54,54,0,0,2022,2026
8582,奔腾X80,奔腾,SUV,54,54,0,0,2022,2026
8670,奥迪Q3,奥迪,SUV,54,54,0,0,2022,2026
8680,马自达CX-7,马自达,SUV,54,54,0,0,2022,2026
8710,晨风,启辰,轿车,54,54,0,0,2022,2026
8711,和悦A30,江淮,轿车,54,54,0,0,2022,2026
8760,海马M8,海马,轿车,54,54,0,0,2022,2026
8840,观致3,观致,轿车,54,54,0,0,2022,2026
8860,陆风X7,陆风,SUV,54,54,0,0,2022,2026
8910,海马M6,海马郑州,轿车,54,54,0,0,2022,2026
8981,帕杰罗劲畅,三菱,SUV,54,54,0,0,2022,2026
9090,传祺GA3,广汽传祺,轿车,54,54,0,0,2022,2026
9181,众泰Z100,众泰,轿车,54,54,0,0,2022,2026
9192,中华H330,中华,轿车,54,54,0,0,2022,2026
9322,杰德,本田,轿车,54,54,0,0,2022,2026
9200,逸动XT,长安,轿车,54,54,0,0,2022,2026
9202,瑞风S3,江淮,SUV,54,54,0,0,2022,2026
9220,众泰T200,众泰,SUV,54,54,0,0,2022,2026
9251,比亚迪S7,比亚迪,SUV,54,54,0,0,2022,2026
9261,风行CM7,东风风行,MPV,54,54,0,0,2022,2026
9271,名爵GS 锐腾,MG名爵,SUV,54,54,0,0,2022,2026
9291,哈弗H2,哈弗,SUV,54,54,0,0,2022,2026
9292,哈弗H7,哈弗,SUV,54,54,0,0,2022,2026
9312,大通G10,大通,MPV,54,54,0,0,2022,2026
9313,艾瑞泽7,奇瑞,轿车,54,54,0,0,2022,2026
9318,力帆330,力帆,轿车,54,54,0,0,2022,2026
9319,力帆630,力帆,轿车,54,54,0,0,2022,2026
9321,纳智捷大7 MPV,纳智捷,MPV,54,54,0,0,2022,2026
10750,DS 6,DS,SUV,54,54,0,0,2022,2026
10791,缤智,本田,SUV,54,54,0,0,2022,2026
10801,雷凌,丰田,轿车,54,54,0,0,2022,2026
11837,东风风度MX6,东风风度,SUV,54,54,0,0,2022,2026
11607,锐界L,福特,SUV,54,54,0,0,2022,2026
11677,启辰T70,启辰,SUV,54,54,0,0,2022,2026
11687,华颂7,华颂,MPV,54,54,0,0,2022,2026
11697,奇瑞eQ,奇瑞新能源,轿车,54,54,0,0,2022,2026
11747,东风风神E30,东风风神,轿车,54,54,0,0,2022,2026
11748,标致308S,标致,轿车,54,54,0,0,2022,2026
11758,观致3都市SUV,观致,SUV,54,54,0,0,2022,2026
11759,绅宝D80,北京汽车,轿车,54,54,0,0,2022,2026
11761,绅宝X65,北京汽车,SUV,54,54,0,0,2022,2026
11763,GX3,中兴,SUV,54,54,0,0,2022,2026
11787,起亚KX3傲跑,起亚,SUV,54,54,0,0,2022,2026
11807,绅宝 - CC,北京汽车,轿车,54,54,0,0,2022,2026
11808,索纳塔,现代,轿车,54,54,0,0,2022,2026
11869,瑞风S2,江淮,SUV,54,54,0,0,2022,2026
10812,猎豹CS10,猎豹汽车,SUV,54,54,0,0,2022,2026
11879,北汽幻速H2,北汽幻速,MPV,54,54,0,0,2022,2026
11889,EV系列,北汽新能源,轿车,54,54,0,0,2022,2026
11891,元,比亚迪,SUV,54,54,0,0,2022,2026
11899,ES210,北汽新能源,轿车,54,54,0,0,2022,2026
11920,mu-X牧游侠,五十铃,SUV,54,54,0,0,2022,2026
11962,中华V3,中华,SUV,54,54,0,0,2022,2026
12001,众泰Z700,众泰,轿车,54,54,0,0,2022,2026
12002,宝骏560,宝骏,SUV,54,54,0,0,2022,2026
12011,K50,开瑞,MPV,54,54,0,0,2022,2026
12071,知豆D1,知豆,轿车,54,54,0,0,2022,2026
12081,北汽幻速S6,北汽幻速,SUV,54,54,0,0,2022,2026
12091,野马T70,野马汽车,SUV,54,54,0,0,2022,2026
12331,荣威e550,荣威,轿车,54,54,0,0,2022,2026
11577,云100,众泰,轿车,54,54,0,0,2022,2026
11483,绅宝D20,北京汽车,轿车,54,54,0,0,2022,2026
11462,沃尔沃XC CLASSIC,沃尔沃,SUV,54,54,0,0,2022,2026
11382,本田XR-V,本田,SUV,54,54,0,0,2022,2026
10821,东风A9,东风风神,轿车,54,54,0,0,2022,2026
10822,帝豪GS,吉利汽车,SUV,54,54,0,0,2022,2026
10846,启悦,铃木,轿车,54,54,0,0,2022,2026
10851,猎豹Q6,猎豹汽车,SUV,54,54,0,0,2022,2026
10856,东风风神L60,东风风神,轿车,54,54,0,0,2022,2026
10871,启辰R30,启辰,轿车,54,54,0,0,2022,2026
10891,凌渡,大众,轿车,54,54,0,0,2022,2026
10901,瑞风M3,江淮瑞风,MPV,54,54,0,0,2022,2026
10902,瑞风A60,江淮,轿车,54,54,0,0,2022,2026
10921,众泰E20,众泰,轿车,54,54,0,0,2022,2026
10951,凯迪拉克ATS-L,凯迪拉克,轿车,54,54,0,0,2022,2026
10961,英致G3,英致,SUV,54,54,0,0,2022,2026
10981,知豆,知豆,轿车,54,54,0,0,2022,2026
11002,风尚·陆地方舟,陆地方舟,MPV,54,54,0,0,2022,2026
11021,东风风神A30,东风风神,轿车,54,54,0,0,2022,2026
11041,哈弗H1,哈弗,SUV,54,54,0,0,2022,2026
11081,昂科威,别克,SUV,54,54,0,0,2022,2026
11091,圣达菲,华泰,SUV,54,54,0,0,2022,2026
11121,传祺GS5 Super,广汽传祺,SUV,54,54,0,0,2022,2026
11161,名爵GT 锐行,MG名爵,轿车,54,54,0,0,2022,2026
11231,传祺GA3S视界,广汽传祺,轿车,54,54,0,0,2022,2026
11244,宝马X3,宝马,SUV,54,54,0,0,2022,2026
11262,新帝豪,吉利汽车,轿车,54,54,0,0,2022,2026
11292,绅宝D60,北京汽车,轿车,54,54,0,0,2022,2026
11342,英菲尼迪Q50L,英菲尼迪,轿车,54,54,0,0,2022,2026
11372,凯翼C3,凯翼,轿车,54,54,0,0,2022,2026
11373,凯翼C3R,凯翼,轿车,54,54,0,0,2022,2026
31265,红旗H7 PHEV,红旗,轿车,54,54,0,0,2022,2026
