aspect,aspect_zh,polarity_group,rank,keyword,keyword_score,documents_available,documents_sampled,min_document_frequency,method
appearance,外观,all,1,外观,0.0684202943458431,16275,6000,6,mean TF-IDF
appearance,外观,all,2,设计,0.036250015118358674,16275,6000,6,mean TF-IDF
appearance,外观,all,3,内饰,0.03253523460249119,16275,6000,6,mean TF-IDF
appearance,外观,all,4,喜欢,0.02733422936743392,16275,6000,6,mean TF-IDF
appearance,外观,all,5,空间,0.026958480332390834,16275,6000,6,mean TF-IDF
appearance,外观,all,6,颜值,0.023540366517056405,16275,6000,6,mean TF-IDF
appearance,外观,all,7,好看,0.02275431688872637,16275,6000,6,mean TF-IDF
appearance,外观,all,8,不错,0.018781556166129663,16275,6000,6,mean TF-IDF
appearance,外观,all,9,大灯,0.018297488133871227,16275,6000,6,mean TF-IDF
appearance,外观,all,10,造型,0.017950597458816508,16275,6000,6,mean TF-IDF
appearance,外观,all,11,满意,0.017515011588817988,16275,6000,6,mean TF-IDF
appearance,外观,all,12,动力,0.016499223301987304,16275,6000,6,mean TF-IDF
appearance,外观,all,13,配置,0.016430378464976275,16275,6000,6,mean TF-IDF
appearance,外观,all,14,大气,0.01561126473181688,16275,6000,6,mean TF-IDF
appearance,外观,all,15,轮毂,0.01539923543935798,16275,6000,6,mean TF-IDF
appearance,外观,all,16,外观·内饰,0.013116644250375446,16275,6000,6,mean TF-IDF
appearance,外观,all,17,座椅,0.012067301531240481,16275,6000,6,mean TF-IDF
appearance,外观,all,18,车身,0.011940395679041562,16275,6000,6,mean TF-IDF
appearance,外观,all,19,后排,0.011494917601230904,16275,6000,6,mean TF-IDF
appearance,外观,all,20,运动,0.011491971990690455,16275,6000,6,mean TF-IDF
appearance,外观,negative,1,车漆,15.266190441276613,508,508,7,informative Dirichlet log-odds z-score
appearance,外观,negative,2,太薄,9.274213218498561,508,508,7,informative Dirichlet log-odds z-score
appearance,外观,negative,3,车漆·太薄,8.114147792042113,508,508,7,informative Dirichlet log-odds z-score
appearance,外观,negative,4,难看,7.43097669892598,508,508,7,informative Dirichlet log-odds z-score
appearance,外观,negative,5,划痕,7.115302351440488,508,508,7,informative Dirichlet log-odds z-score
appearance,外观,negative,6,不太好,6.544196970240343,508,508,7,informative Dirichlet log-odds z-score
appearance,外观,negative,7,小石子,6.401792807435328,508,508,7,informative Dirichlet log-odds z-score
appearance,外观,negative,8,屁股,6.380558413613497,508,508,7,informative Dirichlet log-odds z-score
appearance,外观,negative,9,太丑,6.2557332837146165,508,508,7,informative Dirichlet log-odds z-score
appearance,外观,negative,10,不够,6.207682291246594,508,508,7,informative Dirichlet log-odds z-score
appearance,外观,negative,11,那样,5.641928950107867,508,508,7,informative Dirichlet log-odds z-score
appearance,外观,negative,12,协调,5.363069155204199,508,508,7,informative Dirichlet log-odds z-score
appearance,外观,negative,13,前脸·好看,5.135700507782251,508,508,7,informative Dirichlet log-odds z-score
appearance,外观,negative,14,石子,5.107165327028729,508,508,7,informative Dirichlet log-odds z-score
appearance,外观,negative,15,别扭,5.107165327028729,508,508,7,informative Dirichlet log-odds z-score
appearance,外观,negative,16,外观·中规中矩,5.051346793710367,508,508,7,informative Dirichlet log-odds z-score
appearance,外观,negative,17,可靠性,4.802076450436238,508,508,7,informative Dirichlet log-odds z-score
appearance,外观,negative,18,骑士,4.790954332483999,508,508,7,informative Dirichlet log-odds z-score
appearance,外观,negative,19,有些,4.732906890954835,508,508,7,informative Dirichlet log-odds z-score
appearance,外观,negative,20,平平,4.689879285201646,508,508,7,informative Dirichlet log-odds z-score
appearance,外观,positive,1,采用,4.26374058067099,14234,6000,7,informative Dirichlet log-odds z-score
appearance,外观,positive,2,颜值,4.140393522480784,14234,6000,7,informative Dirichlet log-odds z-score
appearance,外观,positive,3,运动,3.7237139386960125,14234,6000,7,informative Dirichlet log-odds z-score
appearance,外观,positive,4,辨识,3.6960849477349034,14234,6000,7,informative Dirichlet log-odds z-score
appearance,外观,positive,5,搭配,3.3165765327847563,14234,6000,7,informative Dirichlet log-odds z-score
appearance,外观,positive,6,时尚,3.1404298952477094,14234,6000,7,informative Dirichlet log-odds z-score
appearance,外观,positive,7,吸引,2.955143416799166,14234,6000,7,informative Dirichlet log-odds z-score
appearance,外观,positive,8,贯穿,2.946496686904931,14234,6000,7,informative Dirichlet log-odds z-score
appearance,外观,positive,9,更加,2.864901992386086,14234,6000,7,informative Dirichlet log-odds z-score
appearance,外观,positive,10,十足,2.7734294391299494,14234,6000,7,informative Dirichlet log-odds z-score
appearance,外观,positive,11,格栅,2.7381198677448344,14234,6000,7,informative Dirichlet log-odds z-score
appearance,外观,positive,12,看到,2.7274834951085642,14234,6000,7,informative Dirichlet log-odds z-score
appearance,外观,positive,13,led,2.6993891226669278,14234,6000,7,informative Dirichlet log-odds z-score
appearance,外观,positive,14,耐看,2.641087909239215,14234,6000,7,informative Dirichlet log-odds z-score
appearance,外观,positive,15,犀利,2.618823246395039,14234,6000,7,informative Dirichlet log-odds z-score
appearance,外观,positive,16,年轻人,2.5432204902391904,14234,6000,7,informative Dirichlet log-odds z-score
appearance,外观,positive,17,大气,2.480632811631797,14234,6000,7,informative Dirichlet log-odds z-score
appearance,外观,positive,18,回头率,2.4518365719233084,14234,6000,7,informative Dirichlet log-odds z-score
appearance,外观,positive,19,外观·大气,2.439410659576769,14234,6000,7,informative Dirichlet log-odds z-score
appearance,外观,positive,20,十分,2.386906508110009,14234,6000,7,informative Dirichlet log-odds z-score
interior,内饰,all,1,内饰,0.07460518471621232,14731,6000,6,mean TF-IDF
interior,内饰,all,2,空间,0.028183793240892246,14731,6000,6,mean TF-IDF
interior,内饰,all,3,外观,0.026058702988579454,14731,6000,6,mean TF-IDF
interior,内饰,all,4,喜欢,0.02159946731301256,14731,6000,6,mean TF-IDF
interior,内饰,all,5,设计,0.0199252405173569,14731,6000,6,mean TF-IDF
interior,内饰,all,6,不错,0.01980344689296806,14731,6000,6,mean TF-IDF
interior,内饰,all,7,座椅,0.01943901191534459,14731,6000,6,mean TF-IDF
interior,内饰,all,8,氛围,0.018820715310808953,14731,6000,6,mean TF-IDF
interior,内饰,all,9,配置,0.017804198258201787,14731,6000,6,mean TF-IDF
interior,内饰,all,10,中控,0.01695263615721933,14731,6000,6,mean TF-IDF
interior,内饰,all,11,用料,0.01571282123832992,14731,6000,6,mean TF-IDF
interior,内饰,all,12,车内,0.014676063830472279,14731,6000,6,mean TF-IDF
interior,内饰,all,13,满意,0.014235841180856619,14731,6000,6,mean TF-IDF
interior,内饰,all,14,塑料,0.013951860034862379,14731,6000,6,mean TF-IDF
interior,内饰,all,15,外观·内饰,0.01390147368068799,14731,6000,6,mean TF-IDF
interior,内饰,all,16,好看,0.013671640871109446,14731,6000,6,mean TF-IDF
interior,内饰,all,17,内饰·内饰,0.013180647338679722,14731,6000,6,mean TF-IDF
interior,内饰,all,18,动力,0.012642371159927205,14731,6000,6,mean TF-IDF
interior,内饰,all,19,还有,0.012155024978316593,14731,6000,6,mean TF-IDF
interior,内饰,all,20,后排,0.011551914282488857,14731,6000,6,mean TF-IDF
interior,内饰,negative,1,塑料,29.70542285920488,3262,3262,10,informative Dirichlet log-odds z-score
interior,内饰,negative,2,内饰·塑料,15.820792847579604,3262,3262,10,informative Dirichlet log-odds z-score
interior,内饰,negative,3,异响,13.329945702498035,3262,3262,10,informative Dirichlet log-odds z-score
interior,内饰,negative,4,廉价,9.889433973506037,3262,3262,10,informative Dirichlet log-odds z-score
interior,内饰,negative,5,简陋,9.70390575560544,3262,3262,10,informative Dirichlet log-odds z-score
interior,内饰,negative,6,塑料件,8.950362385568873,3262,3262,10,informative Dirichlet log-odds z-score
interior,内饰,negative,7,有些,8.182844287096849,3262,3262,10,informative Dirichlet log-odds z-score
interior,内饰,negative,8,不够,8.175106860512697,3262,3262,10,informative Dirichlet log-odds z-score
interior,内饰,negative,9,满意·内饰,7.918056072714736,3262,3262,10,informative Dirichlet log-odds z-score
interior,内饰,negative,10,缺点,7.832293596880749,3262,3262,10,informative Dirichlet log-odds z-score
interior,内饰,negative,11,容易,7.829930011757864,3262,3262,10,informative Dirichlet log-odds z-score
interior,内饰,negative,12,感太强,7.572375803348126,3262,3262,10,informative Dirichlet log-odds z-score
interior,内饰,negative,13,内饰·简陋,7.510642816349745,3262,3262,10,informative Dirichlet log-odds z-score
interior,内饰,negative,14,一般般,7.430767212351449,3262,3262,10,informative Dirichlet log-odds z-score
interior,内饰,negative,15,塑料·感太强,7.070162559294002,3262,3262,10,informative Dirichlet log-odds z-score
interior,内饰,negative,16,隔音,6.98826805415973,3262,3262,10,informative Dirichlet log-odds z-score
interior,内饰,negative,17,明显,6.853732693784251,3262,3262,10,informative Dirichlet log-odds z-score
interior,内饰,negative,18,不好,6.703262791154237,3262,3262,10,informative Dirichlet log-odds z-score
interior,内饰,negative,19,中控,6.575358225017032,3262,3262,10,informative Dirichlet log-odds z-score
interior,内饰,negative,20,国产车,6.570328358027785,3262,3262,10,informative Dirichlet log-odds z-score
interior,内饰,positive,1,外观·内饰,10.212513031128081,8373,6000,10,informative Dirichlet log-odds z-score
interior,内饰,positive,2,外观,9.575550571074892,8373,6000,10,informative Dirichlet log-odds z-score
interior,内饰,positive,3,不错,8.949219366564806,8373,6000,10,informative Dirichlet log-odds z-score
interior,内饰,positive,4,英寸,8.596866637568944,8373,6000,10,informative Dirichlet log-odds z-score
interior,内饰,positive,5,采用,8.473901052837196,8373,6000,10,informative Dirichlet log-odds z-score
interior,内饰,positive,6,搭配,7.871759292184924,8373,6000,10,informative Dirichlet log-odds z-score
interior,内饰,positive,7,科技,7.4514590590491965,8373,6000,10,informative Dirichlet log-odds z-score
interior,内饰,positive,8,包裹,7.198571431764402,8373,6000,10,informative Dirichlet log-odds z-score
interior,内饰,positive,9,豪华,7.067376992358416,8373,6000,10,informative Dirichlet log-odds z-score
interior,内饰,positive,10,简洁,6.96955752295384,8373,6000,10,informative Dirichlet log-odds z-score
interior,内饰,positive,11,氛围,6.944739855147497,8373,6000,10,informative Dirichlet log-odds z-score
interior,内饰,positive,12,喜欢,6.870604445563977,8373,6000,10,informative Dirichlet log-odds z-score
interior,内饰,positive,13,好看,6.679290778862361,8373,6000,10,informative Dirichlet log-odds z-score
interior,内饰,positive,14,内饰·好看,6.287791789455571,8373,6000,10,informative Dirichlet log-odds z-score
interior,内饰,positive,15,简约,6.172773757715652,8373,6000,10,informative Dirichlet log-odds z-score
interior,内饰,positive,16,符合,6.039477762102976,8373,6000,10,informative Dirichlet log-odds z-score
interior,内饰,positive,17,运动,5.8413520079154475,8373,6000,10,informative Dirichlet log-odds z-score
interior,内饰,positive,18,舒适,5.829678232381353,8373,6000,10,informative Dirichlet log-odds z-score
interior,内饰,positive,19,舒服,5.7831286544546,8373,6000,10,informative Dirichlet log-odds z-score
interior,内饰,positive,20,大气,5.7502212563593655,8373,6000,10,informative Dirichlet log-odds z-score
space,空间,all,1,空间,0.10564742202774474,17568,6000,6,mean TF-IDF
space,空间,all,2,后排,0.051131539712937414,17568,6000,6,mean TF-IDF
space,空间,all,3,座椅,0.03204246459197219,17568,6000,6,mean TF-IDF
space,空间,all,4,后备箱,0.031375579663256103,17568,6000,6,mean TF-IDF
space,空间,all,5,乘坐,0.02799525657312732,17568,6000,6,mean TF-IDF
space,空间,all,6,前排,0.02156226255689019,17568,6000,6,mean TF-IDF
space,空间,all,7,不错,0.021332714983317687,17568,6000,6,mean TF-IDF
space,空间,all,8,后排·空间,0.019342332969706416,17568,6000,6,mean TF-IDF
space,空间,all,9,够用,0.01926748925452795,17568,6000,6,mean TF-IDF
space,空间,all,10,空间·空间,0.01865288502832135,17568,6000,6,mean TF-IDF
space,空间,all,11,体验,0.0172289698590881,17568,6000,6,mean TF-IDF
space,空间,all,12,内饰,0.016333778771236186,17568,6000,6,mean TF-IDF
space,空间,all,13,满意,0.01604652115019679,17568,6000,6,mean TF-IDF
space,空间,all,14,舒服,0.01601502060767016,17568,6000,6,mean TF-IDF
space,空间,all,15,外观,0.01540230611906863,17568,6000,6,mean TF-IDF
space,空间,all,16,很大,0.015260782109609733,17568,6000,6,mean TF-IDF
space,空间,all,17,还有,0.015079730851646588,17568,6000,6,mean TF-IDF
space,空间,all,18,动力,0.014575104346068202,17568,6000,6,mean TF-IDF
space,空间,all,19,配置,0.014264816357388783,17568,6000,6,mean TF-IDF
space,空间,all,20,宽敞,0.014101843567390708,17568,6000,6,mean TF-IDF
space,空间,negative,1,后排,15.112140645230337,2403,2403,9,informative Dirichlet log-odds z-score
space,空间,negative,2,只能,12.93452624726538,2403,2403,9,informative Dirichlet log-odds z-score
space,空间,negative,3,后排·空间,11.572943210019584,2403,2403,9,informative Dirichlet log-odds z-score
space,空间,negative,4,局促,11.026055071279258,2403,2403,9,informative Dirichlet log-odds z-score
space,空间,negative,5,后排·头部,9.600048592231573,2403,2403,9,informative Dirichlet log-odds z-score
space,空间,negative,6,缺点,9.52518342060277,2403,2403,9,informative Dirichlet log-odds z-score
space,空间,negative,7,不够,9.436096028299424,2403,2403,9,informative Dirichlet log-odds z-score
space,空间,negative,8,空间·只能,9.335558098528931,2403,2403,9,informative Dirichlet log-odds z-score
space,空间,negative,9,牺牲,9.091808418897603,2403,2403,9,informative Dirichlet log-odds z-score
space,空间,negative,10,不足,8.46625839218832,2403,2403,9,informative Dirichlet log-odds z-score
space,空间,negative,11,的话,8.075232923395934,2403,2403,9,informative Dirichlet log-odds z-score
space,空间,negative,12,头部·空间,7.847341932654934,2403,2403,9,informative Dirichlet log-odds z-score
space,空间,negative,13,头部,7.738269671943837,2403,2403,9,informative Dirichlet log-odds z-score
space,空间,negative,14,偏小,7.704757813704371,2403,2403,9,informative Dirichlet log-odds z-score
space,空间,negative,15,略显,7.688364912617931,2403,2403,9,informative Dirichlet log-odds z-score
space,空间,negative,16,顶头,7.508307115831944,2403,2403,9,informative Dirichlet log-odds z-score
space,空间,negative,17,勉强,7.38396185416384,2403,2403,9,informative Dirichlet log-odds z-score
space,空间,negative,18,稍微,7.344774239773453,2403,2403,9,informative Dirichlet log-odds z-score
space,空间,negative,19,不算,7.334041448346675,2403,2403,9,informative Dirichlet log-odds z-score
space,空间,negative,20,有些,7.303111976043433,2403,2403,9,informative Dirichlet log-odds z-score
space,空间,positive,1,宽敞,10.850649863624133,13160,6000,9,informative Dirichlet log-odds z-score
space,空间,positive,2,很大,8.391266035346993,13160,6000,9,informative Dirichlet log-odds z-score
space,空间,positive,3,空间·宽敞,8.123797956217047,13160,6000,9,informative Dirichlet log-odds z-score
space,空间,positive,4,第三排,7.985235181033816,13160,6000,9,informative Dirichlet log-odds z-score
space,空间,positive,5,空间·很大,7.654274945828946,13160,6000,9,informative Dirichlet log-odds z-score
space,空间,positive,6,不错,7.140420579681791,13160,6000,9,informative Dirichlet log-odds z-score
space,空间,positive,7,二郎腿,7.060196000727456,13160,6000,9,informative Dirichlet log-odds z-score
space,空间,positive,8,空间·不错,6.920903686489105,13160,6000,9,informative Dirichlet log-odds z-score
space,空间,positive,9,轻松,6.147143187056771,13160,6000,9,informative Dirichlet log-odds z-score
space,空间,positive,10,第二排,5.666445581130309,13160,6000,9,informative Dirichlet log-odds z-score
space,空间,positive,11,配置,5.461901594140723,13160,6000,9,informative Dirichlet log-odds z-score
space,空间,positive,12,足够,5.458542211675742,13160,6000,9,informative Dirichlet log-odds z-score
space,空间,positive,13,空间·空间,5.308145028778456,13160,6000,9,informative Dirichlet log-odds z-score
space,空间,positive,14,两拳,5.2760826331958315,13160,6000,9,informative Dirichlet log-odds z-score
space,空间,positive,15,三排,5.179712682659419,13160,6000,9,informative Dirichlet log-odds z-score
space,空间,positive,16,七座,5.122601880706252,13160,6000,9,informative Dirichlet log-odds z-score
space,空间,positive,17,空间·足够,5.045396199015664,13160,6000,9,informative Dirichlet log-odds z-score
space,空间,positive,18,完全,4.893911427075829,13160,6000,9,informative Dirichlet log-odds z-score
space,空间,positive,19,超大,4.870906582259779,13160,6000,9,informative Dirichlet log-odds z-score
space,空间,positive,20,大气,4.815796491822115,13160,6000,9,informative Dirichlet log-odds z-score
power,动力,all,1,动力,0.07673549667601,16740,6000,6,mean TF-IDF
power,动力,all,2,发动机,0.03283460387731898,16740,6000,6,mean TF-IDF
power,动力,all,3,加速,0.03238663958187503,16740,6000,6,mean TF-IDF
power,动力,all,4,起步,0.026452491508871842,16740,6000,6,mean TF-IDF
power,动力,all,5,模式,0.024196559380075804,16740,6000,6,mean TF-IDF
power,动力,all,6,高速,0.023941624414618133,16740,6000,6,mean TF-IDF
power,动力,all,7,超车,0.023559368091959246,16740,6000,6,mean TF-IDF
power,动力,all,8,提速,0.022457128413281104,16740,6000,6,mean TF-IDF
power,动力,all,9,变速箱,0.0214407592572864,16740,6000,6,mean TF-IDF
power,动力,all,10,油耗,0.021096027042389106,16740,6000,6,mean TF-IDF
power,动力,all,11,不错,0.020320775019325825,16740,6000,6,mean TF-IDF
power,动力,all,12,够用,0.019829578804739085,16740,6000,6,mean TF-IDF
power,动力,all,13,感受,0.01854917336799037,16740,6000,6,mean TF-IDF
power,动力,all,14,空间,0.016905580085504822,16740,6000,6,mean TF-IDF
power,动力,all,15,顿挫,0.016182300403221047,16740,6000,6,mean TF-IDF
power,动力,all,16,起来,0.015764788840930685,16740,6000,6,mean TF-IDF
power,动力,all,17,油门,0.015629117481577918,16740,6000,6,mean TF-IDF
power,动力,all,18,换挡,0.01384625544261284,16740,6000,6,mean TF-IDF
power,动力,all,19,明显,0.013830392910841793,16740,6000,6,mean TF-IDF
power,动力,all,20,外观,0.013283232583058023,16740,6000,6,mean TF-IDF
power,动力,negative,1,起步,15.392123114171053,2118,2118,9,informative Dirichlet log-odds z-score
power,动力,negative,2,不足,12.087787788541368,2118,2118,9,informative Dirichlet log-odds z-score
power,动力,negative,3,只能,9.60180350442871,2118,2118,9,informative Dirichlet log-odds z-score
power,动力,negative,4,自吸,8.824941090235813,2118,2118,9,informative Dirichlet log-odds z-score
power,动力,negative,5,动力·不足,8.762948466901456,2118,2118,9,informative Dirichlet log-odds z-score
power,动力,negative,6,吸气,8.67061528223776,2118,2118,9,informative Dirichlet log-odds z-score
power,动力,negative,7,自然·吸气,8.601901347879618,2118,2118,9,informative Dirichlet log-odds z-score
power,动力,negative,8,动力·起步,8.599425091352089,2118,2118,9,informative Dirichlet log-odds z-score
power,动力,negative,9,cvt,8.492725889636024,2118,2118,9,informative Dirichlet log-odds z-score
power,动力,negative,10,动力·只能,8.410282276710557,2118,2118,9,informative Dirichlet log-odds z-score
power,动力,negative,11,比较慢,7.969777431877723,2118,2118,9,informative Dirichlet log-odds z-score
power,动力,negative,12,自然,7.664547934917724,2118,2118,9,informative Dirichlet log-odds z-score
power,动力,negative,13,吸气·发动机,7.486439540556216,2118,2118,9,informative Dirichlet log-odds z-score
power,动力,negative,14,声音,7.3371718488836315,2118,2118,9,informative Dirichlet log-odds z-score
power,动力,negative,15,发动机,7.328190625359497,2118,2118,9,informative Dirichlet log-odds z-score
power,动力,negative,16,才能,7.132689741480135,2118,2118,9,informative Dirichlet log-odds z-score
power,动力,negative,17,不够,7.084547710064517,2118,2118,9,informative Dirichlet log-odds z-score
power,动力,negative,18,吃力,7.047427261882847,2118,2118,9,informative Dirichlet log-odds z-score
power,动力,negative,19,上坡,7.042741824830621,2118,2118,9,informative Dirichlet log-odds z-score
power,动力,negative,20,速度,7.032686943738029,2118,2118,9,informative Dirichlet log-odds z-score
power,动力,positive,1,模式,12.249762828170839,12844,6000,9,informative Dirichlet log-odds z-score
power,动力,positive,2,完全,8.310825856137308,12844,6000,9,informative Dirichlet log-odds z-score
power,动力,positive,3,充沛,7.098218872025713,12844,6000,9,informative Dirichlet log-odds z-score
power,动力,positive,4,很快,6.91453112678874,12844,6000,9,informative Dirichlet log-odds z-score
power,动力,positive,5,随叫随到,6.895771058579674,12844,6000,9,informative Dirichlet log-odds z-score
power,动力,positive,6,不错,6.789742048304121,12844,6000,9,informative Dirichlet log-odds z-score
power,动力,positive,7,运动·模式,6.614187403533899,12844,6000,9,informative Dirichlet log-odds z-score
power,动力,positive,8,动力·充沛,6.548395239625401,12844,6000,9,informative Dirichlet log-odds z-score
power,动力,positive,9,运动,6.366285794020918,12844,6000,9,informative Dirichlet log-odds z-score
power,动力,positive,10,动力·不错,6.1950289074406335,12844,6000,9,informative Dirichlet log-odds z-score
power,动力,positive,11,油车,6.101469827513228,12844,6000,9,informative Dirichlet log-odds z-score
power,动力,positive,12,电机,6.036843473499971,12844,6000,9,informative Dirichlet log-odds z-score
power,动力,positive,13,轻松,5.919043689372408,12844,6000,9,informative Dirichlet log-odds z-score
power,动力,positive,14,动力·随叫随到,5.825036818287106,12844,6000,9,informative Dirichlet log-odds z-score
power,动力,positive,15,十足,5.4963330263587435,12844,6000,9,informative Dirichlet log-odds z-score
power,动力,positive,16,超车,5.474981383984222,12844,6000,9,informative Dirichlet log-odds z-score
power,动力,positive,17,背感,5.402980393346134,12844,6000,9,informative Dirichlet log-odds z-score
power,动力,positive,18,试驾,5.348166351139738,12844,6000,9,informative Dirichlet log-odds z-score
power,动力,positive,19,电车,5.189802103622406,12844,6000,9,informative Dirichlet log-odds z-score
power,动力,positive,20,只要,5.1422256753601,12844,6000,9,informative Dirichlet log-odds z-score
control,操控,all,1,操控,0.04334103921534132,14626,6000,6,mean TF-IDF
control,操控,all,2,底盘,0.042782874662348216,14626,6000,6,mean TF-IDF
control,操控,all,3,方向盘,0.03710587031289963,14626,6000,6,mean TF-IDF
control,操控,all,4,刹车,0.03195875812964047,14626,6000,6,mean TF-IDF
control,操控,all,5,转向,0.02250446953059899,14626,6000,6,mean TF-IDF
control,操控,all,6,动力,0.022086263899570566,14626,6000,6,mean TF-IDF
control,操控,all,7,不错,0.02155263328032378,14626,6000,6,mean TF-IDF
control,操控,all,8,高速,0.018959866670409584,14626,6000,6,mean TF-IDF
control,操控,all,9,感受,0.018340493508145584,14626,6000,6,mean TF-IDF
control,操控,all,10,悬挂,0.017996514041184634,14626,6000,6,mean TF-IDF
control,操控,all,11,起来,0.017396258249816398,14626,6000,6,mean TF-IDF
control,操控,all,12,座椅,0.01384213316771325,14626,6000,6,mean TF-IDF
control,操控,all,13,配置,0.013580343792757974,14626,6000,6,mean TF-IDF
control,操控,all,14,内饰,0.013242078864651606,14626,6000,6,mean TF-IDF
control,操控,all,15,明显,0.013202476594823641,14626,6000,6,mean TF-IDF
control,操控,all,16,空间,0.012975966578245858,14626,6000,6,mean TF-IDF
control,操控,all,17,舒服,0.012185210781978059,14626,6000,6,mean TF-IDF
control,操控,all,18,车身,0.012169864848007245,14626,6000,6,mean TF-IDF
control,操控,all,19,舒适,0.012026772536563006,14626,6000,6,mean TF-IDF
control,操控,all,20,自动,0.011763746727483926,14626,6000,6,mean TF-IDF
control,操控,negative,1,偏软,12.139896052304946,2297,2297,9,informative Dirichlet log-odds z-score
control,操控,negative,2,刹车,11.494265242852572,2297,2297,9,informative Dirichlet log-odds z-score
control,操控,negative,3,不够,11.023260436045804,2297,2297,9,informative Dirichlet log-odds z-score
control,操控,negative,4,明显,9.992052407317432,2297,2297,9,informative Dirichlet log-odds z-score
control,操控,negative,5,异响,9.553022572566269,2297,2297,9,informative Dirichlet log-odds z-score
control,操控,negative,6,问题,8.2664214265334,2297,2297,9,informative Dirichlet log-odds z-score
control,操控,negative,7,不住,7.947192766474402,2297,2297,9,informative Dirichlet log-odds z-score
control,操控,negative,8,有些,7.821235155820079,2297,2297,9,informative Dirichlet log-odds z-score
control,操控,negative,9,不足,7.188611550693899,2297,2297,9,informative Dirichlet log-odds z-score
control,操控,negative,10,偏硬,6.729126365099629,2297,2297,9,informative Dirichlet log-odds z-score
control,操控,negative,11,缺点,6.657535259101123,2297,2297,9,informative Dirichlet log-odds z-score
control,操控,negative,12,模糊,6.5577988405186245,2297,2297,9,informative Dirichlet log-odds z-score
control,操控,negative,13,只能,6.493617856703306,2297,2297,9,informative Dirichlet log-odds z-score
control,操控,negative,14,刹车·偏软,6.423526735224464,2297,2297,9,informative Dirichlet log-odds z-score
control,操控,negative,15,稍微,6.276939978769483,2297,2297,9,informative Dirichlet log-odds z-score
control,操控,negative,16,是不是,6.11933385698197,2297,2297,9,informative Dirichlet log-odds z-score
control,操控,negative,17,顿挫,6.116252571766889,2297,2297,9,informative Dirichlet log-odds z-score
control,操控,negative,18,需要,6.08940042292112,2297,2297,9,informative Dirichlet log-odds z-score
control,操控,negative,19,抖动,5.9410610543722475,2297,2297,9,informative Dirichlet log-odds z-score
control,操控,negative,20,导致,5.876709385457569,2297,2297,9,informative Dirichlet log-odds z-score
control,操控,positive,1,操控,10.784477401414062,9768,6000,9,informative Dirichlet log-odds z-score
control,操控,positive,2,精准,10.734194736483804,9768,6000,9,informative Dirichlet log-odds z-score
control,操控,positive,3,不错,10.254273485331652,9768,6000,9,informative Dirichlet log-odds z-score
control,操控,positive,4,扎实,8.598335524777902,9768,6000,9,informative Dirichlet log-odds z-score
control,操控,positive,5,灵活,8.232776906150116,9768,6000,9,informative Dirichlet log-odds z-score
control,操控,positive,6,转向·精准,7.203462899557122,9768,6000,9,informative Dirichlet log-odds z-score
control,操控,positive,7,起来,7.10228633723086,9768,6000,9,informative Dirichlet log-odds z-score
control,操控,positive,8,转向,6.587656730462429,9768,6000,9,informative Dirichlet log-odds z-score
control,操控,positive,9,试驾,6.464336256701907,9768,6000,9,informative Dirichlet log-odds z-score
control,操控,positive,10,底盘·扎实,6.400595899677534,9768,6000,9,informative Dirichlet log-odds z-score
control,操控,positive,11,很稳,5.803777239617429,9768,6000,9,informative Dirichlet log-odds z-score
control,操控,positive,12,操控·不错,5.668931551516351,9768,6000,9,informative Dirichlet log-odds z-score
control,操控,positive,13,指向,5.457378236994033,9768,6000,9,informative Dirichlet log-odds z-score
control,操控,positive,14,指向·精准,5.288807033305981,9768,6000,9,informative Dirichlet log-odds z-score
control,操控,positive,15,轻盈,5.283814359278066,9768,6000,9,informative Dirichlet log-odds z-score
control,操控,positive,16,轻松,5.259074412491265,9768,6000,9,informative Dirichlet log-odds z-score
control,操控,positive,17,韧性,4.946919665129302,9768,6000,9,informative Dirichlet log-odds z-score
control,操控,positive,18,灵敏,4.522062920213268,9768,6000,9,informative Dirichlet log-odds z-score
control,操控,positive,19,稳定,4.498993712253899,9768,6000,9,informative Dirichlet log-odds z-score
control,操控,positive,20,操控性,4.40665478204124,9768,6000,9,informative Dirichlet log-odds z-score
comfort,舒适性,all,1,座椅,0.053655541830731034,16498,6000,6,mean TF-IDF
comfort,舒适性,all,2,空间,0.03447124812334605,16498,6000,6,mean TF-IDF
comfort,舒适性,all,3,空调,0.03053126118172749,16498,6000,6,mean TF-IDF
comfort,舒适性,all,4,后排,0.02894217661431425,16498,6000,6,mean TF-IDF
comfort,舒适性,all,5,舒适,0.028791316844143454,16498,6000,6,mean TF-IDF
comfort,舒适性,all,6,舒适性,0.024303655839410233,16498,6000,6,mean TF-IDF
comfort,舒适性,all,7,隔音,0.02327711033374137,16498,6000,6,mean TF-IDF
comfort,舒适性,all,8,不错,0.022022058525500567,16498,6000,6,mean TF-IDF
comfort,舒适性,all,9,噪音,0.021050176831669286,16498,6000,6,mean TF-IDF
comfort,舒适性,all,10,高速,0.019948779765228613,16498,6000,6,mean TF-IDF
comfort,舒适性,all,11,内饰,0.01837843653953784,16498,6000,6,mean TF-IDF
comfort,舒适性,all,12,舒服,0.01817285061844374,16498,6000,6,mean TF-IDF
comfort,舒适性,all,13,异响,0.01719654457886928,16498,6000,6,mean TF-IDF
comfort,舒适性,all,14,配置,0.017093351537576715,16498,6000,6,mean TF-IDF
comfort,舒适性,all,15,动力,0.0162573600687236,16498,6000,6,mean TF-IDF
comfort,舒适性,all,16,模式,0.016195841530473033,16498,6000,6,mean TF-IDF
comfort,舒适性,all,17,底盘,0.01588017798105687,16498,6000,6,mean TF-IDF
comfort,舒适性,all,18,明显,0.015129418443686057,16498,6000,6,mean TF-IDF
comfort,舒适性,all,19,胎噪,0.015115727257513381,16498,6000,6,mean TF-IDF
comfort,舒适性,all,20,加热,0.01435774158987038,16498,6000,6,mean TF-IDF
comfort,舒适性,negative,1,胎噪,19.579498143598883,5706,5706,10,informative Dirichlet log-odds z-score
comfort,舒适性,negative,2,明显,17.138926337151826,5706,5706,10,informative Dirichlet log-odds z-score
comfort,舒适性,negative,3,偏硬,16.50327951850969,5706,5706,10,informative Dirichlet log-odds z-score
comfort,舒适性,negative,4,异响,16.0854699457385,5706,5706,10,informative Dirichlet log-odds z-score
comfort,舒适性,negative,5,噪音,15.217635754611353,5706,5706,10,informative Dirichlet log-odds z-score
comfort,舒适性,negative,6,缺点,13.018830213250263,5706,5706,10,informative Dirichlet log-odds z-score
comfort,舒适性,negative,7,减震,12.883181911780326,5706,5706,10,informative Dirichlet log-odds z-score
comfort,舒适性,negative,8,风噪,12.866733538044825,5706,5706,10,informative Dirichlet log-odds z-score
comfort,舒适性,negative,9,隔音,12.317481005074471,5706,5706,10,informative Dirichlet log-odds z-score
comfort,舒适性,negative,10,不好,12.107876915105175,5706,5706,10,informative Dirichlet log-odds z-score
comfort,舒适性,negative,11,轮胎,10.755094927746617,5706,5706,10,informative Dirichlet log-odds z-score
comfort,舒适性,negative,12,高速,10.611437047572428,5706,5706,10,informative Dirichlet log-odds z-score
comfort,舒适性,negative,13,声音,10.125643567680559,5706,5706,10,informative Dirichlet log-odds z-score
comfort,舒适性,negative,14,塑料,9.49954101158178,5706,5706,10,informative Dirichlet log-odds z-score
comfort,舒适性,negative,15,胎噪·风噪,9.123083465169046,5706,5706,10,informative Dirichlet log-odds z-score
comfort,舒适性,negative,16,不太好,9.107676817097754,5706,5706,10,informative Dirichlet log-odds z-score
comfort,舒适性,negative,17,座椅·偏硬,8.553641799438422,5706,5706,10,informative Dirichlet log-odds z-score
comfort,舒适性,negative,18,减速带,8.305345892515934,5706,5706,10,informative Dirichlet log-odds z-score
comfort,舒适性,negative,19,音乐,8.251432292494828,5706,5706,10,informative Dirichlet log-odds z-score
comfort,舒适性,negative,20,有些,8.147095825512435,5706,5706,10,informative Dirichlet log-odds z-score
comfort,舒适性,positive,1,舒适,20.169350351045,7578,6000,10,informative Dirichlet log-odds z-score
comfort,舒适性,positive,2,不错,13.680665626992518,7578,6000,10,informative Dirichlet log-odds z-score
comfort,舒适性,positive,3,按摩,12.877000108255366,7578,6000,10,informative Dirichlet log-odds z-score
comfort,舒适性,positive,4,第二排,12.120696119754147,7578,6000,10,informative Dirichlet log-odds z-score
comfort,舒适性,positive,5,mpv,10.552000312548973,7578,6000,10,informative Dirichlet log-odds z-score
comfort,舒适性,positive,6,第三排,10.177426383528786,7578,6000,10,informative Dirichlet log-odds z-score
comfort,舒适性,positive,7,舒适性,9.993052379623915,7578,6000,10,informative Dirichlet log-odds z-score
comfort,舒适性,positive,8,乘坐,9.837629699623553,7578,6000,10,informative Dirichlet log-odds z-score
comfort,舒适性,positive,9,舒服,9.682311180079884,7578,6000,10,informative Dirichlet log-odds z-score
comfort,舒适性,positive,10,座椅·舒服,8.727287812061977,7578,6000,10,informative Dirichlet log-odds z-score
comfort,舒适性,positive,11,柔软,8.722407232016224,7578,6000,10,informative Dirichlet log-odds z-score
comfort,舒适性,positive,12,静谧,8.515180620061564,7578,6000,10,informative Dirichlet log-odds z-score
comfort,舒适性,positive,13,独立,8.097352884426373,7578,6000,10,informative Dirichlet log-odds z-score
comfort,舒适性,positive,14,功能,7.935370365074305,7578,6000,10,informative Dirichlet log-odds z-score
comfort,舒适性,positive,15,加热,7.8552466553014035,7578,6000,10,informative Dirichlet log-odds z-score
comfort,舒适性,positive,16,通风,7.598944467155011,7578,6000,10,informative Dirichlet log-odds z-score
comfort,舒适性,positive,17,软硬,7.593170405739161,7578,6000,10,informative Dirichlet log-odds z-score
comfort,舒适性,positive,18,体验,7.532729930956701,7578,6000,10,informative Dirichlet log-odds z-score
comfort,舒适性,positive,19,采用,7.505702670671202,7578,6000,10,informative Dirichlet log-odds z-score
comfort,舒适性,positive,20,安静,7.504201185208353,7578,6000,10,informative Dirichlet log-odds z-score
fuel_consumption,能耗/油耗,all,1,油耗,0.11141682348514377,17149,6000,6,mean TF-IDF
fuel_consumption,能耗/油耗,all,2,续航,0.0569769238656629,17149,6000,6,mean TF-IDF
fuel_consumption,能耗/油耗,all,3,高速,0.03238463938665387,17149,6000,6,mean TF-IDF
fuel_consumption,能耗/油耗,all,4,充电,0.0316798905146619,17149,6000,6,mean TF-IDF
fuel_consumption,能耗/油耗,all,5,市区,0.024919389055268786,17149,6000,6,mean TF-IDF
fuel_consumption,能耗/油耗,all,6,动力,0.018348622413224012,17149,6000,6,mean TF-IDF
fuel_consumption,能耗/油耗,all,7,省油,0.01808726228514931,17149,6000,6,mean TF-IDF
fuel_consumption,能耗/油耗,all,8,平均,0.016207523922276472,17149,6000,6,mean TF-IDF
fuel_consumption,能耗/油耗,all,9,能耗,0.015958453858168922,17149,6000,6,mean TF-IDF
fuel_consumption,能耗/油耗,all,10,个油,0.015613292044124816,17149,6000,6,mean TF-IDF
fuel_consumption,能耗/油耗,all,11,综合,0.01539270124942947,17149,6000,6,mean TF-IDF
fuel_consumption,能耗/油耗,all,12,空调,0.015281296042297911,17149,6000,6,mean TF-IDF
fuel_consumption,能耗/油耗,all,13,的话,0.015207861323846482,17149,6000,6,mean TF-IDF
fuel_consumption,能耗/油耗,all,14,现在,0.015182465950267584,17149,6000,6,mean TF-IDF
fuel_consumption,能耗/油耗,all,15,不错,0.015148895227334761,17149,6000,6,mean TF-IDF
fuel_consumption,能耗/油耗,all,16,满意,0.0148819746232246,17149,6000,6,mean TF-IDF
fuel_consumption,能耗/油耗,all,17,空间,0.014534617210379111,17149,6000,6,mean TF-IDF
fuel_consumption,能耗/油耗,all,18,百公里,0.014110821839623222,17149,6000,6,mean TF-IDF
fuel_consumption,能耗/油耗,all,19,油耗·油耗,0.013479318862678686,17149,6000,6,mean TF-IDF
fuel_consumption,能耗/油耗,all,20,电耗,0.013229545622844487,17149,6000,6,mean TF-IDF
fuel_consumption,能耗/油耗,negative,1,偏高,15.912763937011107,4456,4456,10,informative Dirichlet log-odds z-score
fuel_consumption,能耗/油耗,negative,2,油耗·偏高,13.224484785115234,4456,4456,10,informative Dirichlet log-odds z-score
fuel_consumption,能耗/油耗,negative,3,油耗,10.961247279348575,4456,4456,10,informative Dirichlet log-odds z-score
fuel_consumption,能耗/油耗,negative,4,市区·油耗,10.243265348423678,4456,4456,10,informative Dirichlet log-odds z-score
fuel_consumption,能耗/油耗,negative,5,只能,8.720050903509074,4456,4456,10,informative Dirichlet log-odds z-score
fuel_consumption,能耗/油耗,negative,6,缺点,8.270879961674874,4456,4456,10,informative Dirichlet log-odds z-score
fuel_consumption,能耗/油耗,negative,7,知道,8.26718577128054,4456,4456,10,informative Dirichlet log-odds z-score
fuel_consumption,能耗/油耗,negative,8,不低,8.183631718404325,4456,4456,10,informative Dirichlet log-odds z-score
fuel_consumption,能耗/油耗,negative,9,市区,7.576809677218593,4456,4456,10,informative Dirichlet log-odds z-score
fuel_consumption,能耗/油耗,negative,10,冬天,7.549241149827481,4456,4456,10,informative Dirichlet log-odds z-score
fuel_consumption,能耗/油耗,negative,11,新车,6.77165881161571,4456,4456,10,informative Dirichlet log-odds z-score
fuel_consumption,能耗/油耗,negative,12,油耗·不低,6.676631289805537,4456,4456,10,informative Dirichlet log-odds z-score
fuel_consumption,能耗/油耗,negative,13,油耗·市区,6.574032535844012,4456,4456,10,informative Dirichlet log-odds z-score
fuel_consumption,能耗/油耗,negative,14,异响,6.301162795791169,4456,4456,10,informative Dirichlet log-odds z-score
fuel_consumption,能耗/油耗,negative,15,记录,6.067128418261035,4456,4456,10,informative Dirichlet log-odds z-score
fuel_consumption,能耗/油耗,negative,16,个油,5.871954219398152,4456,4456,10,informative Dirichlet log-odds z-score
fuel_consumption,能耗/油耗,negative,17,换电,5.825757227972546,4456,4456,10,informative Dirichlet log-odds z-score
fuel_consumption,能耗/油耗,negative,18,周期,5.774478547377671,4456,4456,10,informative Dirichlet log-odds z-score
fuel_consumption,能耗/油耗,negative,19,冬天·续航,5.743290910136753,4456,4456,10,informative Dirichlet log-odds z-score
fuel_consumption,能耗/油耗,negative,20,有些,5.730890517472229,4456,4456,10,informative Dirichlet log-odds z-score
fuel_consumption,能耗/油耗,positive,1,省油,8.589600984076258,9765,6000,10,informative Dirichlet log-odds z-score
fuel_consumption,能耗/油耗,positive,2,油耗·满意,8.579729031142922,9765,6000,10,informative Dirichlet log-odds z-score
fuel_consumption,能耗/油耗,positive,3,完全,7.724869396629991,9765,6000,10,informative Dirichlet log-odds z-score
fuel_consumption,能耗/油耗,positive,4,不错,7.659558539587464,9765,6000,10,informative Dirichlet log-odds z-score
fuel_consumption,能耗/油耗,positive,5,充电,7.261397965528308,9765,6000,10,informative Dirichlet log-odds z-score
fuel_consumption,能耗/油耗,positive,6,惊喜,7.089020249165912,9765,6000,10,informative Dirichlet log-odds z-score
fuel_consumption,能耗/油耗,positive,7,比较满意,6.912541959618634,9765,6000,10,informative Dirichlet log-odds z-score
fuel_consumption,能耗/油耗,positive,8,省心,6.660905262286339,9765,6000,10,informative Dirichlet log-odds z-score
fuel_consumption,能耗/油耗,positive,9,满意,6.629597308631382,9765,6000,10,informative Dirichlet log-odds z-score
fuel_consumption,能耗/油耗,positive,10,性价比,6.2532989651166995,9765,6000,10,informative Dirichlet log-odds z-score
fuel_consumption,能耗/油耗,positive,11,油耗·不错,6.091586640749541,9765,6000,10,informative Dirichlet log-odds z-score
fuel_consumption,能耗/油耗,positive,12,油耗·接受,5.872772540186899,9765,6000,10,informative Dirichlet log-odds z-score
fuel_consumption,能耗/油耗,positive,13,选择,5.846114419131195,9765,6000,10,informative Dirichlet log-odds z-score
fuel_consumption,能耗/油耗,positive,14,成本,5.63408394161253,9765,6000,10,informative Dirichlet log-odds z-score
fuel_consumption,能耗/油耗,positive,15,相当,5.535094616325165,9765,6000,10,informative Dirichlet log-odds z-score
fuel_consumption,能耗/油耗,positive,16,扎实,5.535094616325165,9765,6000,10,informative Dirichlet log-odds z-score
fuel_consumption,能耗/油耗,positive,17,不高,5.408035839645921,9765,6000,10,informative Dirichlet log-odds z-score
fuel_consumption,能耗/油耗,positive,18,这款,5.268499184301821,9765,6000,10,informative Dirichlet log-odds z-score
fuel_consumption,能耗/油耗,positive,19,混动,5.264700835514216,9765,6000,10,informative Dirichlet log-odds z-score
fuel_consumption,能耗/油耗,positive,20,100km,5.155580478471497,9765,6000,10,informative Dirichlet log-odds z-score
configuration,配置,all,1,配置,0.06332898247031442,14247,6000,6,mean TF-IDF
configuration,配置,all,2,功能,0.03929330956457634,14247,6000,6,mean TF-IDF
configuration,配置,all,3,座椅,0.027868828581456905,14247,6000,6,mean TF-IDF
configuration,配置,all,4,内饰,0.02052599734436852,14247,6000,6,mean TF-IDF
configuration,配置,all,5,影像,0.01992176153399697,14247,6000,6,mean TF-IDF
configuration,配置,all,6,倒车,0.01804596888469453,14247,6000,6,mean TF-IDF
configuration,配置,all,7,空间,0.017685634500816127,14247,6000,6,mean TF-IDF
configuration,配置,all,8,自动,0.01737487121567513,14247,6000,6,mean TF-IDF
configuration,配置,all,9,加热,0.01607633460369665,14247,6000,6,mean TF-IDF
configuration,配置,all,10,不错,0.015851754791309118,14247,6000,6,mean TF-IDF
configuration,配置,all,11,辅助,0.015762586540787264,14247,6000,6,mean TF-IDF
configuration,配置,all,12,按键,0.015494640756686896,14247,6000,6,mean TF-IDF
configuration,配置,all,13,车门,0.015179349933254838,14247,6000,6,mean TF-IDF
configuration,配置,all,14,还有,0.015124046196725761,14247,6000,6,mean TF-IDF
configuration,配置,all,15,雷达,0.014667543075590426,14247,6000,6,mean TF-IDF
configuration,配置,all,16,亮点,0.014304143153224652,14247,6000,6,mean TF-IDF
configuration,配置,all,17,车机,0.014285564946655005,14247,6000,6,mean TF-IDF
configuration,配置,all,18,价格,0.013934456021205827,14247,6000,6,mean TF-IDF
configuration,配置,all,19,通风,0.013670657788497449,14247,6000,6,mean TF-IDF
configuration,配置,all,20,喜欢,0.013653291008523312,14247,6000,6,mean TF-IDF
configuration,配置,negative,1,雷达,12.837249975405257,3368,3368,10,informative Dirichlet log-odds z-score
configuration,配置,negative,2,加装,12.702302376023974,3368,3368,10,informative Dirichlet log-odds z-score
configuration,配置,negative,3,倒车,12.228827061136721,3368,3368,10,informative Dirichlet log-odds z-score
configuration,配置,negative,4,车机,11.550489088864776,3368,3368,10,informative Dirichlet log-odds z-score
configuration,配置,negative,5,只能,10.752982774709281,3368,3368,10,informative Dirichlet log-odds z-score
configuration,配置,negative,6,倒车·影像,10.535892303441445,3368,3368,10,informative Dirichlet log-odds z-score
configuration,配置,negative,7,只有,10.29121841353106,3368,3368,10,informative Dirichlet log-odds z-score
configuration,配置,negative,8,减配,10.267114207692687,3368,3368,10,informative Dirichlet log-odds z-score
configuration,配置,negative,9,居然,9.567455202813884,3368,3368,10,informative Dirichlet log-odds z-score
configuration,配置,negative,10,倒车·雷达,8.661331525215505,3368,3368,10,informative Dirichlet log-odds z-score
configuration,配置,negative,11,太低,8.434778152279575,3368,3368,10,informative Dirichlet log-odds z-score
configuration,配置,negative,12,吐槽,8.012473012812043,3368,3368,10,informative Dirichlet log-odds z-score
configuration,配置,negative,13,手动,7.900728069779873,3368,3368,10,informative Dirichlet log-odds z-score
configuration,配置,negative,14,配置·太低,7.680993564895982,3368,3368,10,informative Dirichlet log-odds z-score
configuration,配置,negative,15,缺点,7.321270535175983,3368,3368,10,informative Dirichlet log-odds z-score
configuration,配置,negative,16,后期,6.914196332466776,3368,3368,10,informative Dirichlet log-odds z-score
configuration,配置,negative,17,不如,6.8959580433539465,3368,3368,10,informative Dirichlet log-odds z-score
configuration,配置,negative,18,寒酸,6.886868342002506,3368,3368,10,informative Dirichlet log-odds z-score
configuration,配置,negative,19,问题,6.8718733315097404,3368,3368,10,informative Dirichlet log-odds z-score
configuration,配置,negative,20,不够,6.819390131732096,3368,3368,10,informative Dirichlet log-odds z-score
configuration,配置,positive,1,丰富,11.219907881682488,8148,6000,10,informative Dirichlet log-odds z-score
configuration,配置,positive,2,配置·丰富,9.711743422192564,8148,6000,10,informative Dirichlet log-odds z-score
configuration,配置,positive,3,性价比,8.887520906866317,8148,6000,10,informative Dirichlet log-odds z-score
configuration,配置,positive,4,辅助,7.99525394591235,8148,6000,10,informative Dirichlet log-odds z-score
configuration,配置,positive,5,英寸,7.383451861446164,8148,6000,10,informative Dirichlet log-odds z-score
configuration,配置,positive,6,安全,7.2715347601325195,8148,6000,10,informative Dirichlet log-odds z-score
configuration,配置,positive,7,配备,7.0200428584760886,8148,6000,10,informative Dirichlet log-odds z-score
configuration,配置,positive,8,智能,6.65009160643303,8148,6000,10,informative Dirichlet log-odds z-score
configuration,配置,positive,9,按摩,6.559517267528909,8148,6000,10,informative Dirichlet log-odds z-score
configuration,配置,positive,10,系统,6.214461784026095,8148,6000,10,informative Dirichlet log-odds z-score
configuration,配置,positive,11,以及,5.989073876063395,8148,6000,10,informative Dirichlet log-odds z-score
configuration,配置,positive,12,齐全,5.715192742769888,8148,6000,10,informative Dirichlet log-odds z-score
configuration,配置,positive,13,l2,5.515303789173967,8148,6000,10,informative Dirichlet log-odds z-score
configuration,配置,positive,14,不错,5.46844580285718,8148,6000,10,informative Dirichlet log-odds z-score
configuration,配置,positive,15,拉满,5.310963773767972,8148,6000,10,informative Dirichlet log-odds z-score
configuration,配置,positive,16,加热,5.28600820675325,8148,6000,10,informative Dirichlet log-odds z-score
configuration,配置,positive,17,亮点,5.026898786280284,8148,6000,10,informative Dirichlet log-odds z-score
configuration,配置,positive,18,辅助·系统,4.8409685866601775,8148,6000,10,informative Dirichlet log-odds z-score
configuration,配置,positive,19,全景,4.831854046210781,8148,6000,10,informative Dirichlet log-odds z-score
configuration,配置,positive,20,适应,4.813680925041143,8148,6000,10,informative Dirichlet log-odds z-score
intelligence,智能化,all,1,车机,0.04792021510664036,10995,6000,6,mean TF-IDF
intelligence,智能化,all,2,辅助,0.03377373140404893,10995,6000,6,mean TF-IDF
intelligence,智能化,all,3,导航,0.026590748441153007,10995,6000,6,mean TF-IDF
intelligence,智能化,all,4,智能,0.02628899924028765,10995,6000,6,mean TF-IDF
intelligence,智能化,all,5,功能,0.025441205737632002,10995,6000,6,mean TF-IDF
intelligence,智能化,all,6,智能化,0.0241448041520072,10995,6000,6,mean TF-IDF
intelligence,智能化,all,7,配置,0.022771994762982636,10995,6000,6,mean TF-IDF
intelligence,智能化,all,8,语音,0.021906300373525235,10995,6000,6,mean TF-IDF
intelligence,智能化,all,9,自动,0.017692295458575112,10995,6000,6,mean TF-IDF
intelligence,智能化,all,10,机系统,0.017689321680909514,10995,6000,6,mean TF-IDF
intelligence,智能化,all,11,智驾,0.017420582488648653,10995,6000,6,mean TF-IDF
intelligence,智能化,all,12,手机,0.017108132383590116,10995,6000,6,mean TF-IDF
intelligence,智能化,all,13,内饰,0.014447460018553397,10995,6000,6,mean TF-IDF
intelligence,智能化,all,14,高速,0.014233786146184334,10995,6000,6,mean TF-IDF
intelligence,智能化,all,15,还有,0.014094929415743248,10995,6000,6,mean TF-IDF
intelligence,智能化,all,16,不错,0.014031517930786283,10995,6000,6,mean TF-IDF
intelligence,智能化,all,17,问题,0.013739160860212546,10995,6000,6,mean TF-IDF
intelligence,智能化,all,18,系统,0.012895054260148161,10995,6000,6,mean TF-IDF
intelligence,智能化,all,19,carplay,0.012663709099615408,10995,6000,6,mean TF-IDF
intelligence,智能化,all,20,卡顿,0.012328716293282364,10995,6000,6,mean TF-IDF
intelligence,智能化,negative,1,车机,30.819404367605692,5109,5109,10,informative Dirichlet log-odds z-score
intelligence,智能化,negative,2,只能,13.722978910617991,5109,5109,10,informative Dirichlet log-odds z-score
intelligence,智能化,negative,3,机系统,12.196290181327766,5109,5109,10,informative Dirichlet log-odds z-score
intelligence,智能化,negative,4,缺点,11.397715850490025,5109,5109,10,informative Dirichlet log-odds z-score
intelligence,智能化,negative,5,问题,11.360669247062342,5109,5109,10,informative Dirichlet log-odds z-score
intelligence,智能化,negative,6,不好,11.266209186579301,5109,5109,10,informative Dirichlet log-odds z-score
intelligence,智能化,negative,7,不够,10.5858244314668,5109,5109,10,informative Dirichlet log-odds z-score
intelligence,智能化,negative,8,有时候,10.412827457775203,5109,5109,10,informative Dirichlet log-odds z-score
intelligence,智能化,negative,9,重启,10.409782165236106,5109,5109,10,informative Dirichlet log-odds z-score
intelligence,智能化,negative,10,黑屏,10.268881778962838,5109,5109,10,informative Dirichlet log-odds z-score
intelligence,智能化,negative,11,手机,10.074349808985684,5109,5109,10,informative Dirichlet log-odds z-score
intelligence,智能化,negative,12,出现,9.810030707022797,5109,5109,10,informative Dirichlet log-odds z-score
intelligence,智能化,negative,13,垃圾,9.420890475519546,5109,5109,10,informative Dirichlet log-odds z-score
intelligence,智能化,negative,14,carplay,9.260056334474429,5109,5109,10,informative Dirichlet log-odds z-score
intelligence,智能化,negative,15,希望,9.142261681553085,5109,5109,10,informative Dirichlet log-odds z-score
intelligence,智能化,negative,16,死机,9.125229595776046,5109,5109,10,informative Dirichlet log-odds z-score
intelligence,智能化,negative,17,蓝牙,8.95936145250099,5109,5109,10,informative Dirichlet log-odds z-score
intelligence,智能化,negative,18,经常,8.935342828417841,5109,5109,10,informative Dirichlet log-odds z-score
intelligence,智能化,negative,19,知道,8.931298621157467,5109,5109,10,informative Dirichlet log-odds z-score
intelligence,智能化,negative,20,无法,8.916589706658895,5109,5109,10,informative Dirichlet log-odds z-score
intelligence,智能化,positive,1,辅助,16.576204604640626,4493,4493,10,informative Dirichlet log-odds z-score
intelligence,智能化,positive,2,智能,12.994608061232448,4493,4493,10,informative Dirichlet log-odds z-score
intelligence,智能化,positive,3,英寸,10.51497569496487,4493,4493,10,informative Dirichlet log-odds z-score
intelligence,智能化,positive,4,配置,10.504240236398054,4493,4493,10,informative Dirichlet log-odds z-score
intelligence,智能化,positive,5,系统,9.589326846060859,4493,4493,10,informative Dirichlet log-odds z-score
intelligence,智能化,positive,6,l2,9.462494286125432,4493,4493,10,informative Dirichlet log-odds z-score
intelligence,智能化,positive,7,方便,9.432844787370295,4493,4493,10,informative Dirichlet log-odds z-score
intelligence,智能化,positive,8,智驾,9.29756341578209,4493,4493,10,informative Dirichlet log-odds z-score
intelligence,智能化,positive,9,控制,9.239206530546433,4493,4493,10,informative Dirichlet log-odds z-score
intelligence,智能化,positive,10,辅助·系统,9.210041496289493,4493,4493,10,informative Dirichlet log-odds z-score
intelligence,智能化,positive,11,泊车,9.086652168033476,4493,4493,10,informative Dirichlet log-odds z-score
intelligence,智能化,positive,12,配备,9.037928768797634,4493,4493,10,informative Dirichlet log-odds z-score
intelligence,智能化,positive,13,搭载,8.991652614054562,4493,4493,10,informative Dirichlet log-odds z-score
intelligence,智能化,positive,14,安全,8.979367851606884,4493,4493,10,informative Dirichlet log-odds z-score
intelligence,智能化,positive,15,轻松,8.42219972328795,4493,4493,10,informative Dirichlet log-odds z-score
intelligence,智能化,positive,16,自动,8.338601715834974,4493,4493,10,informative Dirichlet log-odds z-score
intelligence,智能化,positive,17,高速,8.186389722781955,4493,4493,10,informative Dirichlet log-odds z-score
intelligence,智能化,positive,18,科技,7.6869583664305114,4493,4493,10,informative Dirichlet log-odds z-score
intelligence,智能化,positive,19,语音,7.478546238725389,4493,4493,10,informative Dirichlet log-odds z-score
intelligence,智能化,positive,20,实用,7.438828277801114,4493,4493,10,informative Dirichlet log-odds z-score
value,性价比,all,1,价格,0.058509159278748876,15316,6000,6,mean TF-IDF
value,性价比,all,2,购车,0.04512366067588033,15316,6000,6,mean TF-IDF
value,性价比,all,3,经历,0.038161189373747524,15316,6000,6,mean TF-IDF
value,性价比,all,4,购车·经历,0.03805468962229328,15316,6000,6,mean TF-IDF
value,性价比,all,5,性价比,0.03303934501198826,15316,6000,6,mean TF-IDF
value,性价比,all,6,提车,0.03208053974874282,15316,6000,6,mean TF-IDF
value,性价比,all,7,优惠,0.03082748595965518,15316,6000,6,mean TF-IDF
value,性价比,all,8,落地,0.0290174930514117,15316,6000,6,mean TF-IDF
value,性价比,all,9,提车·价格,0.026826733402252924,15316,6000,6,mean TF-IDF
value,性价比,all,10,配置,0.023065151839295556,15316,6000,6,mean TF-IDF
value,性价比,all,11,价位,0.022209133560402064,15316,6000,6,mean TF-IDF
value,性价比,all,12,保养,0.0172847286114587,15316,6000,6,mean TF-IDF
value,性价比,all,13,不错,0.016825533409147976,15316,6000,6,mean TF-IDF
value,性价比,all,14,空间,0.016123331726677903,15316,6000,6,mean TF-IDF
value,性价比,all,15,销售,0.015716361359860386,15316,6000,6,mean TF-IDF
value,性价比,all,16,便宜,0.015384045509255102,15316,6000,6,mean TF-IDF
value,性价比,all,17,内饰,0.015020199046321339,15316,6000,6,mean TF-IDF
value,性价比,all,18,外观,0.014638455031304272,15316,6000,6,mean TF-IDF
value,性价比,all,19,动力,0.014407944402654466,15316,6000,6,mean TF-IDF
value,性价比,all,20,保险,0.014043824855523602,15316,6000,6,mean TF-IDF
value,性价比,negative,1,买贵,8.79320194000424,1756,1756,8,informative Dirichlet log-odds z-score
value,性价比,negative,2,价格,7.500170910583132,1756,1756,8,informative Dirichlet log-odds z-score
value,性价比,negative,3,优惠,7.430687545970955,1756,1756,8,informative Dirichlet log-odds z-score
value,性价比,negative,4,偏贵,7.229514394759126,1756,1756,8,informative Dirichlet log-odds z-score
value,性价比,negative,5,偏高,7.16439143503662,1756,1756,8,informative Dirichlet log-odds z-score
value,性价比,negative,6,现在,7.148554826827249,1756,1756,8,informative Dirichlet log-odds z-score
value,性价比,negative,7,小贵,6.594067038004137,1756,1756,8,informative Dirichlet log-odds z-score
value,性价比,negative,8,提车,6.129143805636147,1756,1756,8,informative Dirichlet log-odds z-score
value,性价比,negative,9,提车·价格,6.025729536735979,1756,1756,8,informative Dirichlet log-odds z-score
value,性价比,negative,10,只能,5.528205433020052,1756,1756,8,informative Dirichlet log-odds z-score
value,性价比,negative,11,顶配,5.520209383466694,1756,1756,8,informative Dirichlet log-odds z-score
value,性价比,negative,12,性价比·不高,5.500056406715801,1756,1756,8,informative Dirichlet log-odds z-score
value,性价比,negative,13,减配,5.135904214215756,1756,1756,8,informative Dirichlet log-odds z-score
value,性价比,negative,14,定价,4.978156287883681,1756,1756,8,informative Dirichlet log-odds z-score
value,性价比,negative,15,价格·不算,4.884038872036715,1756,1756,8,informative Dirichlet log-odds z-score
value,性价比,negative,16,价格·偏贵,4.788645900027649,1756,1756,8,informative Dirichlet log-odds z-score
value,性价比,negative,17,普通人,4.698501418884093,1756,1756,8,informative Dirichlet log-odds z-score
value,性价比,negative,18,价格·偏高,4.69349172989732,1756,1756,8,informative Dirichlet log-odds z-score
value,性价比,negative,19,不爽,4.627711167905146,1756,1756,8,informative Dirichlet log-odds z-score
value,性价比,negative,20,柏林,4.621339734699766,1756,1756,8,informative Dirichlet log-odds z-score
value,性价比,positive,1,性价比,12.4261045883139,9995,6000,8,informative Dirichlet log-odds z-score
value,性价比,positive,2,不错,6.436556105149428,9995,6000,8,informative Dirichlet log-odds z-score
value,性价比,positive,3,价位,6.055589663303302,9995,6000,8,informative Dirichlet log-odds z-score
value,性价比,positive,4,综合,5.610082568611481,9995,6000,8,informative Dirichlet log-odds z-score
value,性价比,positive,5,合资,5.592380028835139,9995,6000,8,informative Dirichlet log-odds z-score
value,性价比,positive,6,空间,5.529137066186172,9995,6000,8,informative Dirichlet log-odds z-score
value,性价比,positive,7,外观,5.001605167239141,9995,6000,8,informative Dirichlet log-odds z-score
value,性价比,positive,8,合适,4.798138463465399,9995,6000,8,informative Dirichlet log-odds z-score
value,性价比,positive,9,补贴,4.763373846463403,9995,6000,8,informative Dirichlet log-odds z-score
value,性价比,positive,10,家用,4.478423865590124,9995,6000,8,informative Dirichlet log-odds z-score
value,性价比,positive,11,实惠,4.443629147991984,9995,6000,8,informative Dirichlet log-odds z-score
value,性价比,positive,12,试驾,4.221215628577544,9995,6000,8,informative Dirichlet log-odds z-score
value,性价比,positive,13,价格·合适,4.202790754369579,9995,6000,8,informative Dirichlet log-odds z-score
value,性价比,positive,14,同价位,4.122534781409159,9995,6000,8,informative Dirichlet log-odds z-score
value,性价比,positive,15,性价比·不错,4.104838322000383,9995,6000,8,informative Dirichlet log-odds z-score
value,性价比,positive,16,选择,4.023567462534141,9995,6000,8,informative Dirichlet log-odds z-score
value,性价比,positive,17,车身,3.9086348399793147,9995,6000,8,informative Dirichlet log-odds z-score
value,性价比,positive,18,家庭,3.8591125591021114,9995,6000,8,informative Dirichlet log-odds z-score
value,性价比,positive,19,颜值,3.8513663281260433,9995,6000,8,informative Dirichlet log-odds z-score
value,性价比,positive,20,需求,3.8153313130910984,9995,6000,8,informative Dirichlet log-odds z-score
