series_name_canonical,pre_test_reviews,legacy_absa_reviews,legacy_absa_coverage
AION RT,96,89,0.9270833333333334
AION S,100,84,0.84
AION UT,93,89,0.956989247311828
EO 羿欧,4,4,1.0
EVOS,10,0,0.0
ID.4 CROZZ,197,173,0.8781725888324873
ID.4 X,200,153,0.765
ID.6 CROZZ,10,0,0.0
IQ傲歌,34,34,1.0
IQ锐歌,98,97,0.9897959183673469
MG4,142,0,0.0
MG6,194,0,0.0
MG7,27,0,0.0
Model 3,93,38,0.40860215053763443
Model Y,95,53,0.5578947368421052
PATHFINDER探陆,10,0,0.0
Polestar 4,65,64,0.9846153846153847
QQ冰淇淋,15,0,0.0
RAV4荣放,98,49,0.5
T-ROC探歌,10,0,0.0
eπ007,6,0,0.0
e爱丽舍,1,1,1.0
firefly萤火虫,95,89,0.9368421052631579
iCAR 03,10,0,0.0
世纪,39,37,0.9487179487179487
东风本田S7,32,29,0.90625
丰田bZ3,58,58,1.0
丰田bZ5,56,52,0.9285714285714286
五菱佳辰,10,0,0.0
五菱宏光,10,0,0.0
五菱征程,10,0,0.0
五菱星云,10,0,0.0
五菱星光,10,0,0.0
五菱星驰,10,0,0.0
亚洲狮,10,0,0.0
亚洲龙,93,45,0.4838709677419355
享域,10,0,0.0
伊兰特,100,40,0.4
传祺E8新能源,18,0,0.0
传祺GA8,10,0,0.0
传祺M6,98,85,0.8673469387755102
传祺M8,100,70,0.7
元PLUS,98,94,0.9591836734693877
元UP,89,82,0.9213483146067416
冠道,100,35,0.35
凌宝BOX,10,8,0.8
凌尚,10,0,0.0
凌放HARRIER,10,0,0.0
凌渡,197,123,0.6243654822335025
凡尔赛C5 X,94,91,0.9680851063829787
凯威德,1,0,0.0
凯美瑞,99,69,0.696969696969697
凯翼拾月,13,0,0.0
凯迪拉克CT5,100,49,0.49
凯迪拉克XT5,94,53,0.5638297872340425
凯迪拉克XT6,100,46,0.46
别克E4,10,0,0.0
别克GL6,10,0,0.0
别克GL8,100,42,0.42
别克GL8新能源,17,0,0.0
勇士,10,0,0.0
北京EU5,10,0,0.0
北京现代ix35,10,0,0.0
博越REV,16,15,0.9375
卡罗拉,98,50,0.5102040816326531
卡罗拉双擎E+,10,0,0.0
卡罗拉锐放,90,86,0.9555555555555556
合创A06,10,0,0.0
吉利ICON,99,48,0.48484848484848486
吉利熊猫,10,0,0.0
君威,100,60,0.6
君越,96,47,0.4895833333333333
启辰D60,98,64,0.6530612244897959
启辰T60,10,0,0.0
唐新能源,18,0,0.0
嘉华,100,66,0.66
型格,100,99,0.99
埃尚,5,4,0.8
夏,69,67,0.9710144927536232
大众CC,200,139,0.695
大众ID.3,199,183,0.9195979899497487
大家7,10,0,0.0
大家9,10,0,0.0
大通G10,43,23,0.5348837209302325
大通G50,99,49,0.494949494949495
大通G70,7,7,1.0
大通G90,26,26,1.0
天籁,100,60,0.6
奇骏,100,71,0.71
奔奔E-Star,3,0,0.0
奔腾小马,81,78,0.9629629629629629
奔驰A级,100,61,0.61
奔驰C级,97,50,0.5154639175257731
奔驰E级,88,47,0.5340909090909091
奔驰GLB,98,71,0.7244897959183674
奔驰GLC,95,49,0.5157894736842106
奔驰V级,83,44,0.5301204819277109
奕炫,100,47,0.47
奕跑,82,38,0.4634146341463415
奥德赛,99,57,0.5757575757575758
奥迪A3,96,68,0.7083333333333334
奥迪A4L,100,65,0.65
奥迪A5L,96,90,0.9375
奥迪A5L Sportback,93,91,0.978494623655914
奥迪A6L,99,47,0.47474747474747475
奥迪A6L e-tron,1,1,1.0
奥迪A7L,98,95,0.9693877551020408
奥迪E5 Sportback,69,62,0.8985507246376812
奥迪Q2L,100,16,0.16
奥迪Q3,100,57,0.57
奥迪Q3 Sportback,99,64,0.6464646464646465
奥迪Q4 e-tron,100,98,0.98
奥迪Q5 e-tron,80,80,1.0
奥迪Q5L,94,56,0.5957446808510638
奥迪Q5L Sportback,100,64,0.64
奥迪Q6L Sportback e-tron,16,16,1.0
奥迪Q6L e-tron,53,52,0.9811320754716981
威兰达,98,78,0.7959183673469388
威朗,100,100,1.0
威然,179,121,0.6759776536312849
威霆,39,31,0.7948717948717948
威飒,99,99,1.0
宋L EV,99,98,0.98989898989899
宋PLUS新能源,20,0,0.0
宋Pro新能源,1,0,0.0
宏光MINIEV,18,0,0.0
宝来,199,118,0.592964824120603
宝马1系,10,0,0.0
宝马2系,23,23,1.0
宝马3系,100,63,0.63
宝马5系,100,60,0.6
宝马X1,99,63,0.6363636363636364
宝马X2,10,0,0.0
宝马X3,95,56,0.5894736842105263
宝马X5,96,93,0.96875
宝马i3,98,96,0.9795918367346939
宝马i5,40,38,0.95
宝马iX1,48,48,1.0
宝马iX3,10,0,0.0
宝骏KiWi EV,10,0,0.0
小米SU7,74,28,0.3783783783783784
小虎FEV,5,2,0.4
小鹏G3,9,0,0.0
小鹏P5,10,0,0.0
小鹏P7,10,0,0.0
小鹏P7+,27,0,0.0
小鹏X9,26,0,0.0
岚图追光L,15,0,0.0
帕萨特,195,138,0.7076923076923077
广汽本田P7,27,27,1.0
库斯途,99,86,0.8686868686868687
影豹,100,73,0.73
微蓝6,99,95,0.9595959595959596
思域,100,72,0.72
悦意03,61,58,0.9508196721311475
悦意07,13,12,0.9230769230769231
护卫舰07,10,0,0.0
捷豹XEL,10,0,0.0
捷豹XFL,98,80,0.8163265306122449
捷达VA3,89,42,0.47191011235955055
捷达VA7,18,18,1.0
探岳,196,136,0.6938775510204082
探岳X,199,85,0.4271356783919598
探界者,100,71,0.71
探险者,94,61,0.648936170212766
揽境,198,148,0.7474747474747475
揽巡,195,189,0.9692307692307692
日产N6,83,77,0.927710843373494
日产N7,91,91,1.0
日产NX8,34,18,0.5294117647058824
昂科威,97,48,0.4948453608247423
昊铂GT,10,0,0.0
星海S7,36,36,1.0
星海V9,35,34,0.9714285714285714
星瑞,100,46,0.46
星越L,98,87,0.8877551020408163
星途ES,96,96,1.0
普拉多,97,85,0.8762886597938144
智己L6,98,95,0.9693877551020408
智己L7,99,99,1.0
智跑,100,70,0.7
曹操60,9,8,0.8888888888888888
朗逸,198,119,0.601010101010101
本田CR-V,92,36,0.391304347826087
本田HR-V,100,96,0.96
本田UR-V,100,42,0.42
本田XR-V,100,55,0.55
极氪001,16,0,0.0
极氪009,17,0,0.0
极狐 阿尔法S5,90,65,0.7222222222222222
极狐考拉,10,0,0.0
林肯Z,98,96,0.9795918367346939
枫叶60s,6,6,1.0
标致4008,99,78,0.7878787878787878
标致408,97,78,0.8041237113402062
标致408X,99,99,1.0
标致5008,98,73,0.7448979591836735
标致508,10,0,0.0
格瑞维亚,98,93,0.9489795918367347
欧拉好猫,97,63,0.6494845360824743
欧拉闪电猫,100,100,1.0
欧诺S,35,22,0.6285714285714286
比亚迪M9,3,0,0.0
比亚迪e7,34,28,0.8235294117647058
比亚迪e9,10,9,0.9
汉,10,0,0.0
江淮A5 PLUS,10,0,0.0
江淮QX PHEV,10,0,0.0
沃兰多,9,0,0.0
沃尔沃C40,10,0,0.0
沃尔沃EM90,12,12,1.0
沃尔沃ES90,1,0,0.0
沃尔沃S60,100,65,0.65
沃尔沃S90,98,59,0.6020408163265306
海狮05EV,91,85,0.9340659340659341
海狮06EV,85,68,0.8
海狮07EV,97,93,0.9587628865979382
海豚,97,81,0.8350515463917526
海豹,99,99,1.0
海豹06EV,88,82,0.9318181818181818
海豹06GT,94,84,0.8936170212765957
海豹07DM-i,9,0,0.0
海豹07EV,1,1,1.0
海马8S,10,0,0.0
海鸥,100,95,0.95
深蓝L06,86,63,0.7325581395348837
深蓝L07,96,95,0.9895833333333334
深蓝SL03,100,99,0.99
灵悉L,3,3,1.0
焕驰,54,20,0.37037037037037035
爱跑,1,1,1.0
狮铂拓界,98,96,0.9795918367346939
猛士917,55,53,0.9636363636363636
理想MEGA,45,45,1.0
瑞虎3x,99,67,0.6767676767676768
瑞虎5x,99,51,0.5151515151515151
瑞虎7,99,50,0.5050505050505051
瑞虎8,93,42,0.45161290322580644
瑞虎9,94,75,0.7978723404255319
瑞风E3,10,0,0.0
瑞风M3,43,30,0.6976744186046512
瑞风RF8,12,12,1.0
电动MINI ACEMAN,9,9,1.0
电动MINI COOPER,23,23,1.0
皇冠陆放,98,77,0.7857142857142857
皓影,98,49,0.5
皓影新能源,10,0,0.0
睿蓝8,1,1,1.0
福瑞迪,10,0,0.0
秦PLUS,17,0,0.0
秦新能源,10,0,0.0
索纳塔,100,31,0.31
红旗E-HS9,99,39,0.3939393939393939
红旗E-QM5,99,96,0.9696969696969697
红旗EH7,26,26,1.0
红旗H5,84,57,0.6785714285714286
红旗H5 PHEV,56,48,0.8571428571428571
红旗H6,96,88,0.9166666666666666
红旗H9,100,54,0.54
红旗HQ9,27,27,1.0
红旗HS3,76,75,0.9868421052631579
红旗HS3 PHEV,81,79,0.9753086419753086
红旗HS5,97,52,0.5360824742268041
红旗HS7 PHEV,26,25,0.9615384615384616
红旗天工05,37,34,0.918918918918919
红旗天工06,11,10,0.9090909090909091
红旗天工08,18,17,0.9444444444444444
纳米01,19,0,0.0
缤智,100,48,0.48
缤瑞,99,77,0.7777777777777778
缤越,96,73,0.7604166666666666
羿驰05,7,7,1.0
胜达,99,75,0.7575757575757576
艾力绅,100,35,0.35
艾瑞泽5,98,41,0.41836734693877553
艾瑞泽8,95,84,0.8842105263157894
英仕派,98,78,0.7959183673469388
荣威D5X DMH,40,40,1.0
荣威D6,93,89,0.956989247311828
荣威D7,10,0,0.0
荣威RX3,10,0,0.0
荣威i5,99,51,0.5151515151515151
荣威i6 MAX新能源,10,0,0.0
荣威iMAX8,100,70,0.7
荣威iMAX8新能源,10,0,0.0
菱智,46,26,0.5652173913043478
蒙迪欧,96,73,0.7604166666666666
蔚来ET5,100,100,1.0
蔚来ET5T,100,99,0.99
蔚来ET7,99,99,1.0
蔚来ET9,13,13,1.0
豪越L,98,89,0.9081632653061225
赛图斯,26,25,0.9615384615384616
赛那SIENNA,9,0,0.0
起亚EV5,38,38,1.0
起亚K3,100,46,0.46
起亚KX3傲跑,10,0,0.0
轩逸,99,49,0.494949494949495
迈腾,194,142,0.7319587628865979
迈腾PHEV,165,83,0.503030303030303
迈锐宝XL,10,0,0.0
逍客,96,74,0.7708333333333334
途安,10,0,0.0
途岳,198,146,0.7373737373737373
途昂,196,110,0.5612244897959183
途观L,194,148,0.7628865979381443
速腾,198,126,0.6363636363636364
逸动,96,56,0.5833333333333334
钇为3,58,58,1.0
铂智3X,88,78,0.8863636363636364
铂智4X,6,6,1.0
铂智7,23,16,0.6956521739130435
银河E8,98,98,1.0
银河V900,4,4,1.0
银河星耀6,64,59,0.921875
银河星耀7,37,1,0.02702702702702703
锋兰达,94,81,0.8617021276595744
锐程PLUS,100,100,1.0
锐际,99,73,0.7373737373737373
长安CS75 PLUS,94,56,0.5957446808510638
长安Lumin,99,93,0.9393939393939394
长安UNI-K,97,55,0.5670103092783505
长安UNI-K 智电iDD,100,100,1.0
长安UNI-T,100,44,0.44
长安UNI-V,97,96,0.9896907216494846
长安X5 PLUS,93,87,0.9354838709677419
长安启源A07,97,93,0.9587628865979382
雅阁,100,53,0.53
零跑B01,93,88,0.946236559139785
零跑Lafa5,96,79,0.8229166666666666
零跑T03,99,85,0.8585858585858586
雷凌,100,32,0.32
领克03,100,65,0.65
领克10,72,0,0.0
风云A9L,78,69,0.8846153846153846
飞凡F7,99,99,1.0
马自达3 昂克赛拉,100,54,0.54
马自达EZ-6,98,98,1.0
驱逐舰05,100,100,1.0
高尔夫,199,106,0.5326633165829145
高尔夫GTI,59,52,0.8813559322033898
