aspect,aspect_zh,polarity_group,rank,keyword,mean_tfidf,documents_available,documents_sampled,min_document_frequency
appearance,外观,all,1,外观,0.06685348947601646,16275,6000,6
appearance,外观,all,2,设计,0.035238117490959925,16275,6000,6
appearance,外观,all,3,内饰,0.03152779038827553,16275,6000,6
appearance,外观,all,4,喜欢,0.026444806031841742,16275,6000,6
appearance,外观,all,5,空间,0.02626555649545668,16275,6000,6
appearance,外观,all,6,颜值,0.02270992290838079,16275,6000,6
appearance,外观,all,7,好看,0.022183970110432952,16275,6000,6
appearance,外观,all,8,不错,0.01838286427109498,16275,6000,6
appearance,外观,all,9,大灯,0.017937322097558064,16275,6000,6
appearance,外观,all,10,造型,0.017285522326854222,16275,6000,6
appearance,外观,all,11,满意,0.01716070964496071,16275,6000,6
appearance,外观,all,12,动力,0.0160276891888897,16275,6000,6
appearance,外观,all,13,配置,0.015983689978007698,16275,6000,6
appearance,外观,all,14,大气,0.015303313944263184,16275,6000,6
appearance,外观,all,15,轮毂,0.015145988106585141,16275,6000,6
appearance,外观,all,16,外观·内饰,0.012632180951491738,16275,6000,6
appearance,外观,all,17,座椅,0.011782715965856167,16275,6000,6
appearance,外观,all,18,车身,0.011634504186756454,16275,6000,6
appearance,外观,all,19,还有,0.011147916043028209,16275,6000,6
appearance,外观,all,20,后排,0.011142544123518852,16275,6000,6
appearance,外观,positive,1,外观,0.06902596415016449,14234,6000,6
appearance,外观,positive,2,设计,0.03494497903683735,14234,6000,6
appearance,外观,positive,3,内饰,0.03194864961549096,14234,6000,6
appearance,外观,positive,4,喜欢,0.027059385992315645,14234,6000,6
appearance,外观,positive,5,空间,0.02551438871365612,14234,6000,6
appearance,外观,positive,6,颜值,0.024605276757198254,14234,6000,6
appearance,外观,positive,7,好看,0.023164667962989344,14234,6000,6
appearance,外观,positive,8,不错,0.018574346559782542,14234,6000,6
appearance,外观,positive,9,满意,0.018042671404201648,14234,6000,6
appearance,外观,positive,10,动力,0.017180773267838532,14234,6000,6
appearance,外观,positive,11,造型,0.017088128536440653,14234,6000,6
appearance,外观,positive,12,大气,0.016559736944631108,14234,6000,6
appearance,外观,positive,13,大灯,0.016049838420421805,14234,6000,6
appearance,外观,positive,14,配置,0.016023575839544748,14234,6000,6
appearance,外观,positive,15,轮毂,0.013947876111790476,14234,6000,6
appearance,外观,positive,16,外观·内饰,0.012843961716897109,14234,6000,6
appearance,外观,positive,17,前脸,0.012020953186419289,14234,6000,6
appearance,外观,positive,18,运动,0.011891654700387085,14234,6000,6
appearance,外观,positive,19,车身,0.01179315900895191,14234,6000,6
appearance,外观,positive,20,座椅,0.011678333316771955,14234,6000,6
appearance,外观,negative,1,外观,0.0763598276344535,508,508,2
appearance,外观,negative,2,内饰,0.0338179726906143,508,508,2
appearance,外观,negative,3,设计,0.03380286361312961,508,508,2
appearance,外观,negative,4,车漆,0.029082943497773215,508,508,2
appearance,外观,negative,5,好看,0.026910489995760935,508,508,2
appearance,外观,negative,6,喜欢,0.02362907807535862,508,508,2
appearance,外观,negative,7,空间,0.022686921164109232,508,508,2
appearance,外观,negative,8,满意,0.01904334884846205,508,508,2
appearance,外观,negative,9,前脸,0.018408102622168774,508,508,2
appearance,外观,negative,10,大灯,0.016883297838873528,508,508,2
appearance,外观,negative,11,轮毂,0.016717180806169896,508,508,2
appearance,外观,negative,12,配置,0.016154624383406143,508,508,2
appearance,外观,negative,13,外形,0.015407009799248826,508,508,2
appearance,外观,negative,14,造型,0.014694788980972049,508,508,2
appearance,外观,negative,15,外观·内饰,0.014662978035374542,508,508,2
appearance,外观,negative,16,动力,0.014253924076530549,508,508,2
appearance,外观,negative,17,还有,0.014154114580355663,508,508,2
appearance,外观,negative,18,颜值,0.013606096563621968,508,508,2
appearance,外观,negative,19,屁股,0.013461777106883207,508,508,2
appearance,外观,negative,20,车尾,0.013432305468907765,508,508,2
interior,内饰,all,1,内饰,0.0733166519175125,14731,6000,6
interior,内饰,all,2,空间,0.027748015563795435,14731,6000,6
interior,内饰,all,3,外观,0.025411844327495117,14731,6000,6
interior,内饰,all,4,喜欢,0.02098287329187615,14731,6000,6
interior,内饰,all,5,设计,0.019620089263664563,14731,6000,6
interior,内饰,all,6,不错,0.019498416722603835,14731,6000,6
interior,内饰,all,7,座椅,0.019222025308955042,14731,6000,6
interior,内饰,all,8,氛围,0.0185284203439621,14731,6000,6
interior,内饰,all,9,配置,0.01740366207101738,14731,6000,6
interior,内饰,all,10,中控,0.016743720604381517,14731,6000,6
interior,内饰,all,11,用料,0.01536933871519474,14731,6000,6
interior,内饰,all,12,车内,0.014515620514219544,14731,6000,6
interior,内饰,all,13,满意,0.01404119150864589,14731,6000,6
interior,内饰,all,14,塑料,0.013806324319661731,14731,6000,6
interior,内饰,all,15,外观·内饰,0.013579362990665216,14731,6000,6
interior,内饰,all,16,好看,0.013357671664493927,14731,6000,6
interior,内饰,all,17,内饰·内饰,0.012360933623755715,14731,6000,6
interior,内饰,all,18,动力,0.012315390655472625,14731,6000,6
interior,内饰,all,19,还有,0.011959565329941352,14731,6000,6
interior,内饰,all,20,后排,0.011348137215497748,14731,6000,6
interior,内饰,positive,1,外观,0.03059682009767347,8373,6000,6
interior,内饰,positive,2,空间,0.02735635286132517,8373,6000,6
interior,内饰,positive,3,喜欢,0.02369945899284538,8373,6000,6
interior,内饰,positive,4,不错,0.02323849043324977,8373,6000,6
interior,内饰,positive,5,设计,0.022416303397615762,8373,6000,6
interior,内饰,positive,6,座椅,0.021890422272268582,8373,6000,6
interior,内饰,positive,7,氛围,0.019711269600337977,8373,6000,6
interior,内饰,positive,8,配置,0.018046368994172793,8373,6000,6
interior,内饰,positive,9,外观·内饰,0.017196221371397757,8373,6000,6
interior,内饰,positive,10,好看,0.01686466827886686,8373,6000,6
interior,内饰,positive,11,用料,0.016329660969084676,8373,6000,6
interior,内饰,positive,12,中控,0.015108264246586173,8373,6000,6
interior,内饰,positive,13,内饰·内饰,0.014933345238251497,8373,6000,6
interior,内饰,positive,14,满意,0.01395237138325054,8373,6000,6
interior,内饰,positive,15,豪华,0.013905224520597866,8373,6000,6
interior,内饰,positive,16,动力,0.013878834018607723,8373,6000,6
interior,内饰,positive,17,车内,0.013822360452563402,8373,6000,6
interior,内饰,positive,18,质感,0.012299378334364824,8373,6000,6
interior,内饰,positive,19,科技,0.012229279017220776,8373,6000,6
interior,内饰,positive,20,舒服,0.011529143895014991,8373,6000,6
interior,内饰,negative,1,内饰,0.07751386882669375,3262,3262,4
interior,内饰,negative,2,塑料,0.029000752548525504,3262,3262,4
interior,内饰,negative,3,空间,0.02557726408717536,3262,3262,4
interior,内饰,negative,4,外观,0.020430652631319837,3262,3262,4
interior,内饰,negative,5,中控,0.01903643271779874,3262,3262,4
interior,内饰,negative,6,设计,0.017612626133927528,3262,3262,4
interior,内饰,negative,7,配置,0.017564200594068678,3262,3262,4
interior,内饰,negative,8,座椅,0.01751211947002891,3262,3262,4
interior,内饰,negative,9,喜欢,0.016373788215996454,3262,3262,4
interior,内饰,negative,10,满意,0.015972560702441192,3262,3262,4
interior,内饰,negative,11,氛围,0.015072461410503706,3262,3262,4
interior,内饰,negative,12,用料,0.014894791875462662,3262,3262,4
interior,内饰,negative,13,内饰·塑料,0.01456636678046725,3262,3262,4
interior,内饰,negative,14,不错,0.013276986836686254,3262,3262,4
interior,内饰,negative,15,还有,0.013061512947325049,3262,3262,4
interior,内饰,negative,16,车内,0.01184060762274501,3262,3262,4
interior,内饰,negative,17,动力,0.011826890939491566,3262,3262,4
interior,内饰,negative,18,后排,0.011538734827907954,3262,3262,4
interior,内饰,negative,19,大众,0.011266807536903081,3262,3262,4
interior,内饰,negative,20,异响,0.011030203406093992,3262,3262,4
space,空间,all,1,空间,0.10445245715063725,17568,6000,6
space,空间,all,2,后排,0.05055146133205406,17568,6000,6
space,空间,all,3,座椅,0.03161829281060734,17568,6000,6
space,空间,all,4,后备箱,0.031061950196566553,17568,6000,6
space,空间,all,5,乘坐,0.02766033481239466,17568,6000,6
space,空间,all,6,前排,0.021396364148069474,17568,6000,6
space,空间,all,7,不错,0.0210688868723697,17568,6000,6
space,空间,all,8,够用,0.019229064493238995,17568,6000,6
space,空间,all,9,后排·空间,0.019109627003307907,17568,6000,6
space,空间,all,10,空间·空间,0.018040768231355406,17568,6000,6
space,空间,all,11,体验,0.017009541066007827,17568,6000,6
space,空间,all,12,内饰,0.01594702589645371,17568,6000,6
space,空间,all,13,满意,0.015871055280785862,17568,6000,6
space,空间,all,14,舒服,0.01582146584453325,17568,6000,6
space,空间,all,15,很大,0.015132376558223276,17568,6000,6
space,空间,all,16,外观,0.015115072464588318,17568,6000,6
space,空间,all,17,还有,0.014918263075945659,17568,6000,6
space,空间,all,18,动力,0.014308259908608654,17568,6000,6
space,空间,all,19,宽敞,0.01396334346136684,17568,6000,6
space,空间,all,20,配置,0.013905537098612203,17568,6000,6
space,空间,positive,1,后排,0.0502669297798084,13160,6000,6
space,空间,positive,2,座椅,0.03186606785032033,13160,6000,6
space,空间,positive,3,后备箱,0.03108990531197599,13160,6000,6
space,空间,positive,4,乘坐,0.025595322606027576,13160,6000,6
space,空间,positive,5,不错,0.02237733743431765,13160,6000,6
space,空间,positive,6,前排,0.020186165293488392,13160,6000,6
space,空间,positive,7,空间·空间,0.02004165140915627,13160,6000,6
space,空间,positive,8,够用,0.020030596992402713,13160,6000,6
space,空间,positive,9,后排·空间,0.018117505306091044,13160,6000,6
space,空间,positive,10,很大,0.017667665251021154,13160,6000,6
space,空间,positive,11,满意,0.01717361253222784,13160,6000,6
space,空间,positive,12,宽敞,0.01698734190561011,13160,6000,6
space,空间,positive,13,外观,0.01650912529959305,13160,6000,6
space,空间,positive,14,舒服,0.01645061018616556,13160,6000,6
space,空间,positive,15,内饰,0.016367295343801047,13160,6000,6
space,空间,positive,16,第三排,0.01533486971178534,13160,6000,6
space,空间,positive,17,动力,0.015160724419277337,13160,6000,6
space,空间,positive,18,还有,0.015012993456329856,13160,6000,6
space,空间,positive,19,配置,0.014075628082628766,13160,6000,6
space,空间,positive,20,问题,0.013933902576284246,13160,6000,6
space,空间,negative,1,空间,0.09601070780622889,2403,2403,3
space,空间,negative,2,后排,0.05800749543093672,2403,2403,3
space,空间,negative,3,后备箱,0.03374786917005143,2403,2403,3
space,空间,negative,4,座椅,0.029313742222404307,2403,2403,3
space,空间,negative,5,后排·空间,0.026682645390515677,2403,2403,3
space,空间,negative,6,乘坐,0.023423103267621776,2403,2403,3
space,空间,negative,7,前排,0.022435272040752872,2403,2403,3
space,空间,negative,8,头部,0.0171454923898299,2403,2403,3
space,空间,negative,9,体验,0.015671640224229406,2403,2403,3
space,空间,negative,10,储物,0.015363685418159028,2403,2403,3
space,空间,negative,11,的话,0.015280649930784252,2403,2403,3
space,空间,negative,12,后备箱·空间,0.015201219426983045,2403,2403,3
space,空间,negative,13,够用,0.015188549568682427,2403,2403,3
space,空间,negative,14,满意,0.014499510124245859,2403,2403,3
space,空间,negative,15,舒服,0.014307763072985868,2403,2403,3
space,空间,negative,16,不错,0.014139744581160511,2403,2403,3
space,空间,negative,17,内饰,0.013573232368668649,2403,2403,3
space,空间,negative,18,头部·空间,0.013368820973305917,2403,2403,3
space,空间,negative,19,储物·空间,0.013272458073352969,2403,2403,3
space,空间,negative,20,腿部,0.013184361274012615,2403,2403,3
power,动力,all,1,动力,0.0758982131841233,16740,6000,6
power,动力,all,2,发动机,0.03220222632251772,16740,6000,6
power,动力,all,3,加速,0.03188844815985807,16740,6000,6
power,动力,all,4,起步,0.02632653941304891,16740,6000,6
power,动力,all,5,模式,0.024073358747588834,16740,6000,6
power,动力,all,6,高速,0.02379958098026915,16740,6000,6
power,动力,all,7,超车,0.02346781528148593,16740,6000,6
power,动力,all,8,提速,0.022336976330524918,16740,6000,6
power,动力,all,9,变速箱,0.021036891336149832,16740,6000,6
power,动力,all,10,油耗,0.02088394060807344,16740,6000,6
power,动力,all,11,不错,0.02005072152209495,16740,6000,6
power,动力,all,12,够用,0.01962684310068438,16740,6000,6
power,动力,all,13,感受,0.018292327204516522,16740,6000,6
power,动力,all,14,空间,0.01658365921649917,16740,6000,6
power,动力,all,15,顿挫,0.016042891008784425,16740,6000,6
power,动力,all,16,起来,0.015605625889366667,16740,6000,6
power,动力,all,17,油门,0.015460561456358617,16740,6000,6
power,动力,all,18,明显,0.013690740463034038,16740,6000,6
power,动力,all,19,换挡,0.013657567493285625,16740,6000,6
power,动力,all,20,外观,0.013030242711060371,16740,6000,6
power,动力,positive,1,动力,0.07876052308592535,12844,6000,6
power,动力,positive,2,加速,0.03202133883299568,12844,6000,6
power,动力,positive,3,发动机,0.03083657519985991,12844,6000,6
power,动力,positive,4,模式,0.025773213414069036,12844,6000,6
power,动力,positive,5,超车,0.024774569790282062,12844,6000,6
power,动力,positive,6,起步,0.0242119321564525,12844,6000,6
power,动力,positive,7,高速,0.023756412318900626,12844,6000,6
power,动力,positive,8,提速,0.023009810915427843,12844,6000,6
power,动力,positive,9,油耗,0.021286023000249704,12844,6000,6
power,动力,positive,10,不错,0.021011669602780066,12844,6000,6
power,动力,positive,11,感受,0.02026478124988734,12844,6000,6
power,动力,positive,12,够用,0.01982639254715725,12844,6000,6
power,动力,positive,13,变速箱,0.019021071676501574,12844,6000,6
power,动力,positive,14,空间,0.017942811430266683,12844,6000,6
power,动力,positive,15,顿挫,0.015487992546442288,12844,6000,6
power,动力,positive,16,油门,0.015470147087566527,12844,6000,6
power,动力,positive,17,起来,0.015193273775416844,12844,6000,6
power,动力,positive,18,外观,0.01441521227629319,12844,6000,6
power,动力,positive,19,运动,0.013459417021571388,12844,6000,6
power,动力,positive,20,满意,0.013116097762624757,12844,6000,6
power,动力,negative,1,动力,0.07375129545352599,2118,2118,3
power,动力,negative,2,起步,0.03794818546849026,2118,2118,3
power,动力,negative,3,发动机,0.03560351028132352,2118,2118,3
power,动力,negative,4,加速,0.030977157221544434,2118,2118,3
power,动力,negative,5,提速,0.022556549981325846,2118,2118,3
power,动力,negative,6,高速,0.022450457912745345,2118,2118,3
power,动力,negative,7,油耗,0.0221289984937857,2118,2118,3
power,动力,negative,8,变速箱,0.02192158349470657,2118,2118,3
power,动力,negative,9,超车,0.019071261361015782,2118,2118,3
power,动力,negative,10,顿挫,0.018329534513561303,2118,2118,3
power,动力,negative,11,油门,0.017917381336028815,2118,2118,3
power,动力,negative,12,够用,0.017594437970808285,2118,2118,3
power,动力,negative,13,明显,0.016850655977074313,2118,2118,3
power,动力,negative,14,起来,0.015955646372920056,2118,2118,3
power,动力,negative,15,感受,0.015824701815369626,2118,2118,3
power,动力,negative,16,模式,0.01549617247409547,2118,2118,3
power,动力,negative,17,不错,0.01533155840625945,2118,2118,3
power,动力,negative,18,空间,0.015133702553775195,2118,2118,3
power,动力,negative,19,声音,0.014292605375336876,2118,2118,3
power,动力,negative,20,换挡,0.013689019502816245,2118,2118,3
control,操控,all,1,操控,0.042687236146982666,14626,6000,6
control,操控,all,2,底盘,0.042083387186423855,14626,6000,6
control,操控,all,3,方向盘,0.03680543065087749,14626,6000,6
control,操控,all,4,刹车,0.031649379687429785,14626,6000,6
control,操控,all,5,转向,0.022191943501738507,14626,6000,6
control,操控,all,6,动力,0.02174581400918336,14626,6000,6
control,操控,all,7,不错,0.02130433620047087,14626,6000,6
control,操控,all,8,高速,0.01884344860157515,14626,6000,6
control,操控,all,9,感受,0.018014915520699414,14626,6000,6
control,操控,all,10,悬挂,0.01772501088938632,14626,6000,6
control,操控,all,11,起来,0.017187779032724993,14626,6000,6
control,操控,all,12,座椅,0.013634665990836682,14626,6000,6
control,操控,all,13,配置,0.013328984844857995,14626,6000,6
control,操控,all,14,明显,0.012995961625913635,14626,6000,6
control,操控,all,15,内饰,0.012954347991067084,14626,6000,6
control,操控,all,16,空间,0.012738920273900181,14626,6000,6
control,操控,all,17,舒服,0.01205254290046934,14626,6000,6
control,操控,all,18,车身,0.012002738034488572,14626,6000,6
control,操控,all,19,舒适,0.011842391904872674,14626,6000,6
control,操控,all,20,变道,0.011693297059959652,14626,6000,6
control,操控,positive,1,操控,0.0482083669281416,9768,6000,6
control,操控,positive,2,底盘,0.042530907313199404,9768,6000,6
control,操控,positive,3,方向盘,0.036122281972710994,9768,6000,6
control,操控,positive,4,刹车,0.031169709840357964,9768,6000,6
control,操控,positive,5,转向,0.025304749058720984,9768,6000,6
control,操控,positive,6,不错,0.02435351645540823,9768,6000,6
control,操控,positive,7,动力,0.023611474942934835,9768,6000,6
control,操控,positive,8,高速,0.019697813658552766,9768,6000,6
control,操控,positive,9,感受,0.01952950944334547,9768,6000,6
control,操控,positive,10,起来,0.01945431512617953,9768,6000,6
control,操控,positive,11,悬挂,0.01707160309429601,9768,6000,6
control,操控,positive,12,空间,0.01385665494956519,9768,6000,6
control,操控,positive,13,配置,0.013478028035916235,9768,6000,6
control,操控,positive,14,精准,0.013369013666879996,9768,6000,6
control,操控,positive,15,模式,0.012965036179812494,9768,6000,6
control,操控,positive,16,舒服,0.012877635218128847,9768,6000,6
control,操控,positive,17,座椅,0.012838908583425028,9768,6000,6
control,操控,positive,18,舒适,0.012768610471715444,9768,6000,6
control,操控,positive,19,车身,0.012709298136225879,9768,6000,6
control,操控,positive,20,明显,0.012125003396482068,9768,6000,6
control,操控,negative,1,刹车,0.04268585398973444,2297,2297,3
control,操控,negative,2,底盘,0.03915088834422399,2297,2297,3
control,操控,negative,3,方向盘,0.03854611825263466,2297,2297,3
control,操控,negative,4,操控,0.03472348960974038,2297,2297,3
control,操控,negative,5,悬挂,0.02172444361622514,2297,2297,3
control,操控,negative,6,转向,0.019913882820978737,2297,2297,3
control,操控,negative,7,动力,0.01889350563172609,2297,2297,3
control,操控,negative,8,明显,0.01738201552415789,2297,2297,3
control,操控,negative,9,高速,0.017032299624335417,2297,2297,3
control,操控,negative,10,感受,0.01632129997327982,2297,2297,3
control,操控,negative,11,不错,0.014189710423232154,2297,2297,3
control,操控,negative,12,问题,0.013854163348258765,2297,2297,3
control,操控,negative,13,起来,0.013403672711444126,2297,2297,3
control,操控,negative,14,座椅,0.013263259320158247,2297,2297,3
control,操控,negative,15,配置,0.01238345945576023,2297,2297,3
control,操控,negative,16,还有,0.012357179629314803,2297,2297,3
control,操控,negative,17,空间,0.012175891218062704,2297,2297,3
control,操控,negative,18,一些,0.011651799043085167,2297,2297,3
control,操控,negative,19,车身,0.01160986172072184,2297,2297,3
control,操控,negative,20,舒适,0.011554975006366642,2297,2297,3
comfort,舒适性,all,1,座椅,0.05310314877556017,16498,6000,6
comfort,舒适性,all,2,空间,0.03403253424643063,16498,6000,6
comfort,舒适性,all,3,空调,0.030390687758235266,16498,6000,6
comfort,舒适性,all,4,后排,0.028616261781905027,16498,6000,6
comfort,舒适性,all,5,舒适,0.028418500411033925,16498,6000,6
comfort,舒适性,all,6,舒适性,0.02399552546928455,16498,6000,6
comfort,舒适性,all,7,隔音,0.022959327437566075,16498,6000,6
comfort,舒适性,all,8,不错,0.021785762079333706,16498,6000,6
comfort,舒适性,all,9,噪音,0.020834103874405676,16498,6000,6
comfort,舒适性,all,10,高速,0.01983398689828887,16498,6000,6
comfort,舒适性,all,11,内饰,0.01815533474077871,16498,6000,6
comfort,舒适性,all,12,舒服,0.017943262627140157,16498,6000,6
comfort,舒适性,all,13,异响,0.017071599898739888,16498,6000,6
comfort,舒适性,all,14,配置,0.016718193009263155,16498,6000,6
comfort,舒适性,all,15,模式,0.016073905215649904,16498,6000,6
comfort,舒适性,all,16,动力,0.015993107440734976,16498,6000,6
comfort,舒适性,all,17,底盘,0.015622056639679836,16498,6000,6
comfort,舒适性,all,18,胎噪,0.014988061672535786,16498,6000,6
comfort,舒适性,all,19,明显,0.014961363342296074,16498,6000,6
comfort,舒适性,all,20,续航,0.014311565885563851,16498,6000,6
comfort,舒适性,positive,1,座椅,0.056178148577162836,7578,6000,6
comfort,舒适性,positive,2,空间,0.03776665542464287,7578,6000,6
comfort,舒适性,positive,3,舒适,0.034903717774599975,7578,6000,6
comfort,舒适性,positive,4,舒适性,0.03037131325549886,7578,6000,6
comfort,舒适性,positive,5,空调,0.028874982823977147,7578,6000,6
comfort,舒适性,positive,6,后排,0.02735837726266217,7578,6000,6
comfort,舒适性,positive,7,不错,0.025292910321403305,7578,6000,6
comfort,舒适性,positive,8,隔音,0.022467498817650044,7578,6000,6
comfort,舒适性,positive,9,舒服,0.02226303728960659,7578,6000,6
comfort,舒适性,positive,10,底盘,0.018515136843492593,7578,6000,6
comfort,舒适性,positive,11,内饰,0.018154822268091547,7578,6000,6
comfort,舒适性,positive,12,噪音,0.01812403000537207,7578,6000,6
comfort,舒适性,positive,13,高速,0.0180271296688631,7578,6000,6
comfort,舒适性,positive,14,乘坐,0.016966095819004802,7578,6000,6
comfort,舒适性,positive,15,配置,0.016965432742627767,7578,6000,6
comfort,舒适性,positive,16,模式,0.016168117420660787,7578,6000,6
comfort,舒适性,positive,17,动力,0.016084591866696002,7578,6000,6
comfort,舒适性,positive,18,感受,0.015680325310393272,7578,6000,6
comfort,舒适性,positive,19,加热,0.015552492575344613,7578,6000,6
comfort,舒适性,positive,20,满意,0.015047122409649784,7578,6000,6
comfort,舒适性,negative,1,座椅,0.051274006635946334,5706,5706,6
comfort,舒适性,negative,2,空间,0.0312534019156787,5706,5706,6
comfort,舒适性,negative,3,后排,0.030254864099427337,5706,5706,6
comfort,舒适性,negative,4,隔音,0.02988561193396744,5706,5706,6
comfort,舒适性,negative,5,空调,0.028119600853420374,5706,5706,6
comfort,舒适性,negative,6,噪音,0.02777444748617175,5706,5706,6
comfort,舒适性,negative,7,高速,0.023365465054956597,5706,5706,6
comfort,舒适性,negative,8,胎噪,0.02277122503313005,5706,5706,6
comfort,舒适性,negative,9,异响,0.022404220757921676,5706,5706,6
comfort,舒适性,negative,10,舒适性,0.020655015403841823,5706,5706,6
comfort,舒适性,negative,11,明显,0.02058458465209353,5706,5706,6
comfort,舒适性,negative,12,舒适,0.019646103343320346,5706,5706,6
comfort,舒适性,negative,13,内饰,0.016596336119261552,5706,5706,6
comfort,舒适性,negative,14,不错,0.01622012200305895,5706,5706,6
comfort,舒适性,negative,15,问题,0.01621552738786542,5706,5706,6
comfort,舒适性,negative,16,风噪,0.015751615111167395,5706,5706,6
comfort,舒适性,negative,17,底盘,0.015612035411729584,5706,5706,6
comfort,舒适性,negative,18,舒服,0.015316707567363072,5706,5706,6
comfort,舒适性,negative,19,动力,0.015111041357588067,5706,5706,6
comfort,舒适性,negative,20,还有,0.015066350355394782,5706,5706,6
fuel_consumption,能耗/油耗,all,1,油耗,0.11095890999545897,17149,6000,6
fuel_consumption,能耗/油耗,all,2,续航,0.05673336015375541,17149,6000,6
fuel_consumption,能耗/油耗,all,3,高速,0.03231201255805385,17149,6000,6
fuel_consumption,能耗/油耗,all,4,充电,0.03153556095694858,17149,6000,6
fuel_consumption,能耗/油耗,all,5,市区,0.024901139961733702,17149,6000,6
fuel_consumption,能耗/油耗,all,6,动力,0.0180949608368602,17149,6000,6
fuel_consumption,能耗/油耗,all,7,省油,0.017902615085979935,17149,6000,6
fuel_consumption,能耗/油耗,all,8,平均,0.016114844969229873,17149,6000,6
fuel_consumption,能耗/油耗,all,9,能耗,0.0159565423806875,17149,6000,6
fuel_consumption,能耗/油耗,all,10,个油,0.015559157498675926,17149,6000,6
fuel_consumption,能耗/油耗,all,11,综合,0.015334084070047029,17149,6000,6
fuel_consumption,能耗/油耗,all,12,空调,0.01526027567673404,17149,6000,6
fuel_consumption,能耗/油耗,all,13,的话,0.01513698418425569,17149,6000,6
fuel_consumption,能耗/油耗,all,14,现在,0.01513680732634975,17149,6000,6
fuel_consumption,能耗/油耗,all,15,不错,0.014997008332116995,17149,6000,6
fuel_consumption,能耗/油耗,all,16,满意,0.01476790976310671,17149,6000,6
fuel_consumption,能耗/油耗,all,17,空间,0.014348613349041653,17149,6000,6
fuel_consumption,能耗/油耗,all,18,百公里,0.014039279399027816,17149,6000,6
fuel_consumption,能耗/油耗,all,19,油耗·油耗,0.013276415985647038,17149,6000,6
fuel_consumption,能耗/油耗,all,20,电耗,0.01325460404002409,17149,6000,6
fuel_consumption,能耗/油耗,positive,1,油耗,0.11201957955437583,9765,6000,6
fuel_consumption,能耗/油耗,positive,2,续航,0.05317692280011885,9765,6000,6
fuel_consumption,能耗/油耗,positive,3,高速,0.03454989754919272,9765,6000,6
fuel_consumption,能耗/油耗,positive,4,充电,0.030031189881557736,9765,6000,6
fuel_consumption,能耗/油耗,positive,5,市区,0.024735199725075624,9765,6000,6
fuel_consumption,能耗/油耗,positive,6,省油,0.022610456351810186,9765,6000,6
fuel_consumption,能耗/油耗,positive,7,动力,0.0198451441988168,9765,6000,6
fuel_consumption,能耗/油耗,positive,8,平均,0.017687694357843453,9765,6000,6
fuel_consumption,能耗/油耗,positive,9,满意,0.017384687306211722,9765,6000,6
fuel_consumption,能耗/油耗,positive,10,百公里,0.016586099047642033,9765,6000,6
fuel_consumption,能耗/油耗,positive,11,综合,0.01632367650054972,9765,6000,6
fuel_consumption,能耗/油耗,positive,12,不错,0.016036537994741397,9765,6000,6
fuel_consumption,能耗/油耗,positive,13,现在,0.015829375237612964,9765,6000,6
fuel_consumption,能耗/油耗,positive,14,空调,0.015828355697928755,9765,6000,6
fuel_consumption,能耗/油耗,positive,15,能耗,0.015568265797685395,9765,6000,6
fuel_consumption,能耗/油耗,positive,16,个油,0.015438980745684231,9765,6000,6
fuel_consumption,能耗/油耗,positive,17,电耗,0.0154371798086363,9765,6000,6
fuel_consumption,能耗/油耗,positive,18,的话,0.015196034180367706,9765,6000,6
fuel_consumption,能耗/油耗,positive,19,空间,0.01489032764948094,9765,6000,6
fuel_consumption,能耗/油耗,positive,20,油耗·油耗,0.014593594175797121,9765,6000,6
fuel_consumption,能耗/油耗,negative,1,油耗,0.11943974914048745,4456,4456,5
fuel_consumption,能耗/油耗,negative,2,续航,0.05114725180407239,4456,4456,5
fuel_consumption,能耗/油耗,negative,3,高速,0.033959893013024225,4456,4456,5
fuel_consumption,能耗/油耗,negative,4,市区,0.029948278770604436,4456,4456,5
fuel_consumption,能耗/油耗,negative,5,充电,0.02268410882612004,4456,4456,5
fuel_consumption,能耗/油耗,negative,6,动力,0.018326103776439416,4456,4456,5
fuel_consumption,能耗/油耗,negative,7,个油,0.01749523080898781,4456,4456,5
fuel_consumption,能耗/油耗,negative,8,的话,0.015208096740599563,4456,4456,5
fuel_consumption,能耗/油耗,negative,9,现在,0.015086523183606378,4456,4456,5
fuel_consumption,能耗/油耗,negative,10,平均,0.015077852619527831,4456,4456,5
fuel_consumption,能耗/油耗,negative,11,空调,0.014624501183180642,4456,4456,5
fuel_consumption,能耗/油耗,negative,12,空间,0.014263684623660934,4456,4456,5
fuel_consumption,能耗/油耗,negative,13,百公里,0.013897083703427428,4456,4456,5
fuel_consumption,能耗/油耗,negative,14,能耗,0.0137565763052338,4456,4456,5
fuel_consumption,能耗/油耗,negative,15,省油,0.013632859389746935,4456,4456,5
fuel_consumption,能耗/油耗,negative,16,油耗·油耗,0.01353946461782484,4456,4456,5
fuel_consumption,能耗/油耗,negative,17,电耗,0.013123484383943446,4456,4456,5
fuel_consumption,能耗/油耗,negative,18,基本,0.012826433122712031,4456,4456,5
fuel_consumption,能耗/油耗,negative,19,偏高,0.012773136599572231,4456,4456,5
fuel_consumption,能耗/油耗,negative,20,模式,0.01262618036156462,4456,4456,5
configuration,配置,all,1,配置,0.062145243028970426,14247,6000,6
configuration,配置,all,2,功能,0.03901064112538935,14247,6000,6
configuration,配置,all,3,座椅,0.02744410097148474,14247,6000,6
configuration,配置,all,4,内饰,0.0200710205359213,14247,6000,6
configuration,配置,all,5,影像,0.01976434772062185,14247,6000,6
configuration,配置,all,6,倒车,0.01789890423593288,14247,6000,6
configuration,配置,all,7,空间,0.017385191561996624,14247,6000,6
configuration,配置,all,8,自动,0.01724193824268737,14247,6000,6
configuration,配置,all,9,加热,0.015870834713840126,14247,6000,6
configuration,配置,all,10,辅助,0.01559792347900927,14247,6000,6
configuration,配置,all,11,不错,0.015577820237003197,14247,6000,6
configuration,配置,all,12,按键,0.01538581652156695,14247,6000,6
configuration,配置,all,13,车门,0.015067217024638367,14247,6000,6
configuration,配置,all,14,还有,0.01489055168359164,14247,6000,6
configuration,配置,all,15,雷达,0.0145461687562058,14247,6000,6
configuration,配置,all,16,亮点,0.01420125098407779,14247,6000,6
configuration,配置,all,17,车机,0.014133022282809701,14247,6000,6
configuration,配置,all,18,通风,0.013548453131121478,14247,6000,6
configuration,配置,all,19,价格,0.013512655456433601,14247,6000,6
configuration,配置,all,20,喜欢,0.013301185396188266,14247,6000,6
configuration,配置,positive,1,配置,0.06703402731566116,8148,6000,6
configuration,配置,positive,2,功能,0.0398177477493747,8148,6000,6
configuration,配置,positive,3,座椅,0.03055992563484069,8148,6000,6
configuration,配置,positive,4,空间,0.020081909238710834,8148,6000,6
configuration,配置,positive,5,内饰,0.019850251308253224,8148,6000,6
configuration,配置,positive,6,影像,0.019457041841355414,8148,6000,6
configuration,配置,positive,7,自动,0.01933575568985882,8148,6000,6
configuration,配置,positive,8,加热,0.019246687614568724,8148,6000,6
configuration,配置,positive,9,辅助,0.018725533707341774,8148,6000,6
configuration,配置,positive,10,不错,0.01761670190836644,8148,6000,6
configuration,配置,positive,11,亮点,0.017007834227720117,8148,6000,6
configuration,配置,positive,12,亮点·配置,0.016174247033105712,8148,6000,6
configuration,配置,positive,13,倒车,0.016000756619768748,8148,6000,6
configuration,配置,positive,14,还有,0.015506379431021818,8148,6000,6
configuration,配置,positive,15,通风,0.01535521472059267,8148,6000,6
configuration,配置,positive,16,外观,0.014924537957101715,8148,6000,6
configuration,配置,positive,17,价格,0.014526528469191145,8148,6000,6
configuration,配置,positive,18,喜欢,0.014301883578137867,8148,6000,6
configuration,配置,positive,19,按键,0.014247499095208338,8148,6000,6
configuration,配置,positive,20,全景,0.013838409974686659,8148,6000,6
configuration,配置,negative,1,配置,0.061867616286299665,3368,3368,4
configuration,配置,negative,2,功能,0.03661500341301608,3368,3368,4
configuration,配置,negative,3,座椅,0.026183182761301056,3368,3368,4
configuration,配置,negative,4,影像,0.023628518940323313,3368,3368,4
configuration,配置,negative,5,倒车,0.02353733296836326,3368,3368,4
configuration,配置,negative,6,雷达,0.02041634113934231,3368,3368,4
configuration,配置,negative,7,内饰,0.020005781795958157,3368,3368,4
configuration,配置,negative,8,车机,0.018949503563955833,3368,3368,4
configuration,配置,negative,9,按键,0.017183705987515886,3368,3368,4
configuration,配置,negative,10,倒车·影像,0.017107368334945326,3368,3368,4
configuration,配置,negative,11,空间,0.015433081020900184,3368,3368,4
configuration,配置,negative,12,自动,0.015247300368934229,3368,3368,4
configuration,配置,negative,13,加热,0.01467893038395624,3368,3368,4
configuration,配置,negative,14,通风,0.014479603381836556,3368,3368,4
configuration,配置,negative,15,还有,0.014263086179183928,3368,3368,4
configuration,配置,negative,16,车门,0.014072592313024886,3368,3368,4
configuration,配置,negative,17,满意,0.013645486523121336,3368,3368,4
configuration,配置,negative,18,外观,0.012988001387836935,3368,3368,4
configuration,配置,negative,19,天窗,0.012218603073368996,3368,3368,4
configuration,配置,negative,20,价格,0.012186127911756214,3368,3368,4
intelligence,智能化,all,1,车机,0.04758243193886211,10995,6000,6
intelligence,智能化,all,2,辅助,0.033537466356098125,10995,6000,6
intelligence,智能化,all,3,导航,0.02652651326776767,10995,6000,6
intelligence,智能化,all,4,智能,0.026117072959959096,10995,6000,6
intelligence,智能化,all,5,功能,0.025284587265399908,10995,6000,6
intelligence,智能化,all,6,智能化,0.023925101528786973,10995,6000,6
intelligence,智能化,all,7,配置,0.02255993696637768,10995,6000,6
intelligence,智能化,all,8,语音,0.021849916828177017,10995,6000,6
intelligence,智能化,all,9,自动,0.01759175241567287,10995,6000,6
intelligence,智能化,all,10,机系统,0.017514963620397086,10995,6000,6
intelligence,智能化,all,11,智驾,0.017254905274090078,10995,6000,6
intelligence,智能化,all,12,手机,0.017035164441096002,10995,6000,6
intelligence,智能化,all,13,内饰,0.014243027403561134,10995,6000,6
intelligence,智能化,all,14,高速,0.014185679002795213,10995,6000,6
intelligence,智能化,all,15,不错,0.013989269821827747,10995,6000,6
intelligence,智能化,all,16,还有,0.013975727469777204,10995,6000,6
intelligence,智能化,all,17,问题,0.013704097590012674,10995,6000,6
intelligence,智能化,all,18,系统,0.012754399624830262,10995,6000,6
intelligence,智能化,all,19,carplay,0.012545550330622464,10995,6000,6
intelligence,智能化,all,20,卡顿,0.012323830286251915,10995,6000,6
intelligence,智能化,positive,1,辅助,0.04284052440377648,4493,4493,5
intelligence,智能化,positive,2,车机,0.03745937302106307,4493,4493,5
intelligence,智能化,positive,3,智能,0.031384024292339434,4493,4493,5
intelligence,智能化,positive,4,智能化,0.02906727711279687,4493,4493,5
intelligence,智能化,positive,5,功能,0.028701780231120366,4493,4493,5
intelligence,智能化,positive,6,语音,0.02604307986011221,4493,4493,5
intelligence,智能化,positive,7,配置,0.024965339222936804,4493,4493,5
intelligence,智能化,positive,8,导航,0.0239502997463537,4493,4493,5
intelligence,智能化,positive,9,智驾,0.02143575907486197,4493,4493,5
intelligence,智能化,positive,10,自动,0.020707846401039738,4493,4493,5
intelligence,智能化,positive,11,高速,0.01870442653611388,4493,4493,5
intelligence,智能化,positive,12,不错,0.01752753706567785,4493,4493,5
intelligence,智能化,positive,13,系统,0.016507268537514767,4493,4493,5
intelligence,智能化,positive,14,控制,0.014642179256435295,4493,4493,5
intelligence,智能化,positive,15,泊车,0.014480522972606767,4493,4493,5
intelligence,智能化,positive,16,方便,0.014290096354722906,4493,4493,5
intelligence,智能化,positive,17,手机,0.01417977484648998,4493,4493,5
intelligence,智能化,positive,18,流畅,0.013965837537798868,4493,4493,5
intelligence,智能化,positive,19,内饰,0.013914390488120338,4493,4493,5
intelligence,智能化,positive,20,机系统,0.013697044918140151,4493,4493,5
intelligence,智能化,negative,1,车机,0.055874437610973764,5109,5109,6
intelligence,智能化,negative,2,导航,0.02761023606689164,5109,5109,6
intelligence,智能化,negative,3,辅助,0.024451965311510837,5109,5109,6
intelligence,智能化,negative,4,功能,0.02390480665578846,5109,5109,6
intelligence,智能化,negative,5,智能化,0.02240035212104154,5109,5109,6
intelligence,智能化,negative,6,机系统,0.02218392083502294,5109,5109,6
intelligence,智能化,negative,7,智能,0.0220280087957495,5109,5109,6
intelligence,智能化,negative,8,语音,0.020783173661499572,5109,5109,6
intelligence,智能化,negative,9,手机,0.01916366967580411,5109,5109,6
intelligence,智能化,negative,10,配置,0.016850816744764446,5109,5109,6
intelligence,智能化,negative,11,问题,0.015905343920863298,5109,5109,6
intelligence,智能化,negative,12,智驾,0.015307108902095039,5109,5109,6
intelligence,智能化,negative,13,自动,0.01448262259865753,5109,5109,6
intelligence,智能化,negative,14,还有,0.01419329608028091,5109,5109,6
intelligence,智能化,negative,15,carplay,0.014137479441363277,5109,5109,6
intelligence,智能化,negative,16,满意,0.013715256820773705,5109,5109,6
intelligence,智能化,negative,17,升级,0.013353592151933788,5109,5109,6
intelligence,智能化,negative,18,内饰,0.013251434040172072,5109,5109,6
intelligence,智能化,negative,19,卡顿,0.013178868510593592,5109,5109,6
intelligence,智能化,negative,20,反应,0.012652398779815752,5109,5109,6
value,性价比,all,1,价格,0.057197428736419316,15316,6000,6
value,性价比,all,2,购车,0.04436260350772724,15316,6000,6
value,性价比,all,3,经历,0.03761843602804802,15316,6000,6
value,性价比,all,4,购车·经历,0.03752577032511753,15316,6000,6
value,性价比,all,5,性价比,0.03226963332876077,15316,6000,6
value,性价比,all,6,提车,0.03166465553776752,15316,6000,6
value,性价比,all,7,优惠,0.030199481658895036,15316,6000,6
value,性价比,all,8,落地,0.028393446570505337,15316,6000,6
value,性价比,all,9,提车·价格,0.026535445095277683,15316,6000,6
value,性价比,all,10,配置,0.022294948345479612,15316,6000,6
value,性价比,all,11,价位,0.02180255028140391,15316,6000,6
value,性价比,all,12,保养,0.016980102773766232,15316,6000,6
value,性价比,all,13,不错,0.016360267426088725,15316,6000,6
value,性价比,all,14,空间,0.01560578081920155,15316,6000,6
value,性价比,all,15,销售,0.015345849985486043,15316,6000,6
value,性价比,all,16,便宜,0.015044503104066144,15316,6000,6
value,性价比,all,17,内饰,0.014606179663525804,15316,6000,6
value,性价比,all,18,外观,0.014123091604981477,15316,6000,6
value,性价比,all,19,动力,0.013963204393460419,15316,6000,6
value,性价比,all,20,保险,0.013780167144417587,15316,6000,6
value,性价比,positive,1,价格,0.055284893650978245,9995,6000,6
value,性价比,positive,2,性价比,0.039352378307257324,9995,6000,6
value,性价比,positive,3,购车,0.03342963248054723,9995,6000,6
value,性价比,positive,4,优惠,0.028815090136744548,9995,6000,6
value,性价比,positive,5,落地,0.027657702445067153,9995,6000,6
value,性价比,positive,6,提车,0.025698932234011696,9995,6000,6
value,性价比,positive,7,经历,0.025344932703131606,9995,6000,6
value,性价比,positive,8,购车·经历,0.02515240038524004,9995,6000,6
value,性价比,positive,9,配置,0.02504736493159386,9995,6000,6
value,性价比,positive,10,价位,0.023362726706006396,9995,6000,6
value,性价比,positive,11,提车·价格,0.020383049494383278,9995,6000,6
value,性价比,positive,12,空间,0.018406388973737656,9995,6000,6
value,性价比,positive,13,不错,0.017523973483941777,9995,6000,6
value,性价比,positive,14,保养,0.01602936015722395,9995,6000,6
value,性价比,positive,15,便宜,0.015834705046437726,9995,6000,6
value,性价比,positive,16,内饰,0.01583201133151901,9995,6000,6
value,性价比,positive,17,外观,0.015625083969091364,9995,6000,6
value,性价比,positive,18,销售,0.015045118043723823,9995,6000,6
value,性价比,positive,19,动力,0.014628994975974656,9995,6000,6
value,性价比,positive,20,选择,0.014269248183219944,9995,6000,6
value,性价比,negative,1,价格,0.06384469051178703,1756,1756,2
value,性价比,negative,2,购车,0.03744194528507833,1756,1756,2
value,性价比,negative,3,优惠,0.035860864388100946,1756,1756,2
value,性价比,negative,4,提车,0.03441105025032832,1756,1756,2
value,性价比,negative,5,经历,0.029809374254098298,1756,1756,2
value,性价比,negative,6,购车·经历,0.02973477731755045,1756,1756,2
value,性价比,negative,7,落地,0.029410841862316055,1756,1756,2
value,性价比,negative,8,提车·价格,0.028985285788308886,1756,1756,2
value,性价比,negative,9,性价比,0.022916928916860254,1756,1756,2
value,性价比,negative,10,配置,0.02104778463610751,1756,1756,2
value,性价比,negative,11,保养,0.017751267381763546,1756,1756,2
value,性价比,negative,12,销售,0.016781149809424228,1756,1756,2
value,性价比,negative,13,现在,0.016152838021879858,1756,1756,2
value,性价比,negative,14,保险,0.01589766491698776,1756,1756,2
value,性价比,negative,15,价位,0.015584858729757818,1756,1756,2
value,性价比,negative,16,4s店,0.013889544819358023,1756,1756,2
value,性价比,negative,17,经历·提车,0.013262899270818227,1756,1756,2
value,性价比,negative,18,便宜,0.013183061712583386,1756,1756,2
value,性价比,negative,19,空间,0.012965696125251044,1756,1756,2
value,性价比,negative,20,喜欢,0.01258226771217058,1756,1756,2
