series_name,series_key,old_review_count,old_review_earliest,old_review_latest,old_review_in_sales_window,old_absa_count,old_absa_earliest,old_absa_latest,dongchedi_series_id,old_reviews_available,old_absa_available,dongchedi_id_available,action
EVOS,evos,0,,,0,0,,,5067.0,False,False,True,crawl_new
ID.6 CROZZ,id.6crozz,0,,,0,0,,,4961.0,False,False,True,crawl_new
MG4,mg4,0,,,0,0,,,5828.0,False,False,True,crawl_new
MG6,mg6,0,,,0,0,,,32.0,False,False,True,crawl_new
QQ冰淇淋,qq冰淇淋,0,,,0,0,,,5257.0,False,False,True,crawl_new
eπ007,eπ007,0,,,0,0,,,9349.0,False,False,True,crawl_new
星海T5,星海t5,0,,,0,0,,,25831.0,False,False,True,crawl_new
比亚迪M9,比亚迪m9,0,,,0,0,,,25579.0,False,False,True,crawl_new
沃尔沃ES90,沃尔沃es90,0,,,0,0,,,25226.0,False,False,True,crawl_new
瑞风E3,瑞风e3,0,,,0,0,,,5474.0,False,False,True,crawl_new
长安欧尚520,长安欧尚520,0,,,0,0,,,24932.0,False,False,True,crawl_new
风光380,风光380,0,,,0,0,,,5390.0,False,False,True,crawl_new
风光E380,风光e380,0,,,0,0,,,6230.0,False,False,True,crawl_new
MG7,mg7,0,,,0,0,,,,False,False,False,resolve_source_id_then_crawl
PATHFINDER探陆,pathfinder探陆,0,,,0,0,,,,False,False,False,resolve_source_id_then_crawl
T-ROC探歌,troc探歌,0,,,0,0,,,,False,False,False,resolve_source_id_then_crawl
iCAR 03,icar03,0,,,0,0,,,,False,False,False,resolve_source_id_then_crawl
五菱佳辰,五菱佳辰,0,,,0,0,,,,False,False,False,resolve_source_id_then_crawl
五菱宏光,五菱宏光,0,,,0,0,,,,False,False,False,resolve_source_id_then_crawl
五菱宏光S,五菱宏光s,0,,,0,0,,,,False,False,False,resolve_source_id_then_crawl
五菱征程,五菱征程,0,,,0,0,,,,False,False,False,resolve_source_id_then_crawl
五菱星云,五菱星云,0,,,0,0,,,,False,False,False,resolve_source_id_then_crawl
五菱星光,五菱星光,0,,,0,0,,,,False,False,False,resolve_source_id_then_crawl
五菱星驰,五菱星驰,0,,,0,0,,,,False,False,False,resolve_source_id_then_crawl
亚洲狮,亚洲狮,0,,,0,0,,,,False,False,False,resolve_source_id_then_crawl
享域,享域,0,,,0,0,,,,False,False,False,resolve_source_id_then_crawl
传祺E8新能源,传祺e8新能源,0,,,0,0,,,,False,False,False,resolve_source_id_then_crawl
传祺GA8,传祺ga8,0,,,0,0,,,,False,False,False,resolve_source_id_then_crawl
凌尚,凌尚,0,,,0,0,,,,False,False,False,resolve_source_id_then_crawl
凌放HARRIER,凌放harrier,0,,,0,0,,,,False,False,False,resolve_source_id_then_crawl
凯翼拾月,凯翼拾月,0,,,0,0,,,,False,False,False,resolve_source_id_then_crawl
别克E4,别克e4,0,,,0,0,,,,False,False,False,resolve_source_id_then_crawl
别克GL6,别克gl6,0,,,0,0,,,,False,False,False,resolve_source_id_then_crawl
别克GL8新能源,别克gl8新能源,0,,,0,0,,,,False,False,False,resolve_source_id_then_crawl
勇士,勇士,0,,,0,0,,,,False,False,False,resolve_source_id_then_crawl
北京EU5,北京eu5,0,,,0,0,,,,False,False,False,resolve_source_id_then_crawl
北京现代ix35,北京现代ix35,0,,,0,0,,,,False,False,False,resolve_source_id_then_crawl
卡罗拉双擎E+,卡罗拉双擎e+,0,,,0,0,,,,False,False,False,resolve_source_id_then_crawl
合创A06,合创a06,0,,,0,0,,,,False,False,False,resolve_source_id_then_crawl
吉利熊猫,吉利熊猫,0,,,0,0,,,,False,False,False,resolve_source_id_then_crawl
启辰T60,启辰t60,0,,,0,0,,,,False,False,False,resolve_source_id_then_crawl
唐新能源,唐新能源,0,,,0,0,,,,False,False,False,resolve_source_id_then_crawl
大家7,大家7,0,,,0,0,,,,False,False,False,resolve_source_id_then_crawl
大家9,大家9,0,,,0,0,,,,False,False,False,resolve_source_id_then_crawl
奔奔E-Star,奔奔estar,0,,,0,0,,,,False,False,False,resolve_source_id_then_crawl
宋PLUS新能源,宋plus新能源,0,,,0,0,,,,False,False,False,resolve_source_id_then_crawl
宋Pro新能源,宋pro新能源,0,,,0,0,,,,False,False,False,resolve_source_id_then_crawl
宏光MINIEV,宏光miniev,0,,,0,0,,,,False,False,False,resolve_source_id_then_crawl
宝马1系,宝马1系,0,,,0,0,,,,False,False,False,resolve_source_id_then_crawl
宝马X2,宝马x2,0,,,0,0,,,,False,False,False,resolve_source_id_then_crawl
宝马iX3,宝马ix3,0,,,0,0,,,,False,False,False,resolve_source_id_then_crawl
宝骏KiWi EV,宝骏kiwiev,0,,,0,0,,,,False,False,False,resolve_source_id_then_crawl
小鹏G3,小鹏g3,0,,,0,0,,,,False,False,False,resolve_source_id_then_crawl
小鹏MONA M03,小鹏monam03,0,,,0,0,,,,False,False,False,resolve_source_id_then_crawl
小鹏P5,小鹏p5,0,,,0,0,,,,False,False,False,resolve_source_id_then_crawl
小鹏P7,小鹏p7,0,,,0,0,,,,False,False,False,resolve_source_id_then_crawl
小鹏P7+,小鹏p7+,0,,,0,0,,,,False,False,False,resolve_source_id_then_crawl
小鹏X9,小鹏x9,0,,,0,0,,,,False,False,False,resolve_source_id_then_crawl
岚图梦想家,岚图梦想家,0,,,0,0,,,,False,False,False,resolve_source_id_then_crawl
岚图追光L,岚图追光l,0,,,0,0,,,,False,False,False,resolve_source_id_then_crawl
帕萨特新能源,帕萨特新能源,0,,,0,0,,,,False,False,False,resolve_source_id_then_crawl
护卫舰07,护卫舰07,0,,,0,0,,,,False,False,False,resolve_source_id_then_crawl
捷豹XEL,捷豹xel,0,,,0,0,,,,False,False,False,resolve_source_id_then_crawl
摩卡,摩卡,0,,,0,0,,,,False,False,False,resolve_source_id_then_crawl
新帝豪,新帝豪,0,,,0,0,,,,False,False,False,resolve_source_id_then_crawl
昊铂GT,昊铂gt,0,,,0,0,,,,False,False,False,resolve_source_id_then_crawl
星瑞L,星瑞l,0,,,0,0,,,,False,False,False,resolve_source_id_then_crawl
星越L 智擎,星越l智擎,0,,,0,0,,,,False,False,False,resolve_source_id_then_crawl
极氪001,极氪001,0,,,0,0,,,,False,False,False,resolve_source_id_then_crawl
极氪009,极氪009,0,,,0,0,,,,False,False,False,resolve_source_id_then_crawl
极狐考拉,极狐考拉,0,,,0,0,,,,False,False,False,resolve_source_id_then_crawl
标致508,标致508,0,,,0,0,,,,False,False,False,resolve_source_id_then_crawl
汉,汉,0,,,0,0,,,,False,False,False,resolve_source_id_then_crawl
江淮A5 PLUS,江淮a5plus,0,,,0,0,,,,False,False,False,resolve_source_id_then_crawl
江淮QX PHEV,江淮qxphev,0,,,0,0,,,,False,False,False,resolve_source_id_then_crawl
沃兰多,沃兰多,0,,,0,0,,,,False,False,False,resolve_source_id_then_crawl
沃尔沃C40,沃尔沃c40,0,,,0,0,,,,False,False,False,resolve_source_id_then_crawl
沃尔沃S90新能源,沃尔沃s90新能源,0,,,0,0,,,,False,False,False,resolve_source_id_then_crawl
海豹06DM-i,海豹06dmi,0,,,0,0,,,,False,False,False,resolve_source_id_then_crawl
海豹07DM-i,海豹07dmi,0,,,0,0,,,,False,False,False,resolve_source_id_then_crawl
海马8S,海马8s,0,,,0,0,,,,False,False,False,resolve_source_id_then_crawl
海马INJOY,海马injoy,0,,,0,0,,,,False,False,False,resolve_source_id_then_crawl
瑞风RF8新能源,瑞风rf8新能源,0,,,0,0,,,,False,False,False,resolve_source_id_then_crawl
皓影新能源,皓影新能源,0,,,0,0,,,,False,False,False,resolve_source_id_then_crawl
福瑞迪,福瑞迪,0,,,0,0,,,,False,False,False,resolve_source_id_then_crawl
秦L,秦l,0,,,0,0,,,,False,False,False,resolve_source_id_then_crawl
秦PLUS,秦plus,0,,,0,0,,,,False,False,False,resolve_source_id_then_crawl
秦新能源,秦新能源,0,,,0,0,,,,False,False,False,resolve_source_id_then_crawl
红旗国耀,红旗国耀,0,,,0,0,,,,False,False,False,resolve_source_id_then_crawl
纳米01,纳米01,0,,,0,0,,,,False,False,False,resolve_source_id_then_crawl
腾势D9,腾势d9,0,,,0,0,,,,False,False,False,resolve_source_id_then_crawl
荣威D7,荣威d7,0,,,0,0,,,,False,False,False,resolve_source_id_then_crawl
荣威RX3,荣威rx3,0,,,0,0,,,,False,False,False,resolve_source_id_then_crawl
荣威i6 MAX新能源,荣威i6max新能源,0,,,0,0,,,,False,False,False,resolve_source_id_then_crawl
荣威iMAX8新能源,荣威imax8新能源,0,,,0,0,,,,False,False,False,resolve_source_id_then_crawl
赛那SIENNA,赛那sienna,0,,,0,0,,,,False,False,False,resolve_source_id_then_crawl
起亚K5凯酷,起亚k5凯酷,0,,,0,0,,,,False,False,False,resolve_source_id_then_crawl
起亚KX3傲跑,起亚kx3傲跑,0,,,0,0,,,,False,False,False,resolve_source_id_then_crawl
轩度EV,轩度ev,0,,,0,0,,,,False,False,False,resolve_source_id_then_crawl
迈锐宝XL,迈锐宝xl,0,,,0,0,,,,False,False,False,resolve_source_id_then_crawl
途安,途安,0,,,0,0,,,,False,False,False,resolve_source_id_then_crawl
途胜L,途胜l,0,,,0,0,,,,False,False,False,resolve_source_id_then_crawl
途观L新能源,途观l新能源,0,,,0,0,,,,False,False,False,resolve_source_id_then_crawl
锐界L,锐界l,0,,,0,0,,,,False,False,False,resolve_source_id_then_crawl
长安UNI-Z新能源,长安uniz新能源,0,,,0,0,,,,False,False,False,resolve_source_id_then_crawl
长安启源Q05经典,长安启源q05经典,0,,,0,0,,,,False,False,False,resolve_source_id_then_crawl
领克07,领克07,0,,,0,0,,,,False,False,False,resolve_source_id_then_crawl
风光330,风光330,0,,,0,0,,,,False,False,False,resolve_source_id_then_crawl
骐达,骐达,0,,,0,0,,,,False,False,False,resolve_source_id_then_crawl
魏牌 高山,魏牌高山,0,,,0,0,,,,False,False,False,resolve_source_id_then_crawl
AION RT,aionrt,98,2024-11-04 09:44:00,2026-07-05 22:59:00,98,89,2024-11-04 09:44:00,2026-05-30 10:27:00,24800.0,True,True,True,reuse_absa_then_refresh
AION S,aions,100,2021-02-24 02:10:00,2026-04-01 22:26:00,84,84,2022-01-07 09:36:00,2026-04-01 22:26:00,3101.0,True,True,True,reuse_absa_then_refresh
AION UT,aionut,94,2025-02-24 11:28:00,2026-07-06 18:24:00,99,89,2025-02-24 11:28:00,2026-04-29 11:40:00,25014.0,True,True,True,reuse_absa_then_refresh
EO 羿欧,eo羿欧,4,2025-11-08 22:46:00,2026-04-14 11:28:00,4,4,2025-11-08 22:46:00,2026-04-14 11:28:00,25427.0,True,True,True,reuse_absa_then_refresh
ID.4 CROZZ,id.4crozz,198,2020-12-15 13:01:00,2026-07-04 13:00:00,175,173,2022-01-03 21:00:00,2026-05-25 23:55:00,4586.0,True,True,True,reuse_absa_then_refresh
ID.4 X,id.4x,200,2021-03-27 17:32:00,2026-06-27 14:45:00,154,153,2022-01-05 15:46:00,2026-04-05 10:08:00,4258.0,True,True,True,reuse_absa_then_refresh
IQ傲歌,iq傲歌,34,2024-05-22 19:53:00,2026-04-25 14:16:00,34,34,2024-05-22 19:53:00,2026-04-25 14:16:00,9186.0,True,True,True,reuse_absa_then_refresh
IQ锐歌,iq锐歌,99,2022-06-27 15:20:00,2026-07-04 22:09:00,99,97,2022-06-27 15:20:00,2025-07-29 13:16:00,5358.0,True,True,True,reuse_absa_then_refresh
Model 3,model3,100,2020-09-29 15:29:00,2026-07-09 16:35:00,49,38,2022-01-05 23:06:00,2026-02-07 01:12:00,3762.0,True,True,True,reuse_absa_then_refresh
Model Y,modely,100,2021-01-21 21:15:00,2026-07-09 15:29:00,53,53,2022-01-02 00:08:00,2026-03-22 02:56:00,4363.0,True,True,True,reuse_absa_then_refresh
Polestar 4,polestar4,65,2023-08-29 20:29:00,2026-06-14 16:10:00,67,64,2023-08-29 20:29:00,2025-12-30 21:27:00,5832.0,True,True,True,reuse_absa_then_refresh
RAV4荣放,rav4荣放,100,2020-12-22 16:16:00,2026-07-03 19:37:00,49,49,2022-01-03 01:49:00,2026-02-01 19:05:00,546.0,True,True,True,reuse_absa_then_refresh
e爱丽舍,e爱丽舍,1,2023-12-11 16:59:00,2023-12-11 16:59:00,1,1,2023-12-11 16:59:00,2023-12-11 16:59:00,4391.0,True,True,True,reuse_absa_then_refresh
firefly萤火虫,firefly萤火虫,95,2025-04-27 11:08:00,2026-06-29 21:38:00,95,89,2025-04-27 11:08:00,2026-05-30 17:58:00,25116.0,True,True,True,reuse_absa_then_refresh
世纪,世纪,39,2022-11-15 16:21:00,2026-06-26 09:44:00,39,37,2022-11-15 16:21:00,2026-05-17 20:13:00,5935.0,True,True,True,reuse_absa_then_refresh
东风本田S7,东风本田s7,32,2025-03-27 12:03:00,2026-06-28 11:23:00,34,29,2025-03-27 12:03:00,2026-05-19 19:59:00,10128.0,True,True,True,reuse_absa_then_refresh
丰田bZ3,丰田bz3,58,2023-03-16 11:19:00,2026-05-06 00:59:00,58,58,2023-03-16 11:19:00,2026-05-06 00:59:00,6126.0,True,True,True,reuse_absa_then_refresh
丰田bZ5,丰田bz5,57,2025-07-13 15:06:00,2026-07-05 16:00:00,58,52,2025-07-13 15:06:00,2026-05-22 19:39:00,25314.0,True,True,True,reuse_absa_then_refresh
亚洲龙,亚洲龙,100,2020-11-10 09:28:00,2026-07-10 02:07:00,53,45,2022-01-05 16:48:00,2025-12-26 15:33:00,3068.0,True,True,True,reuse_absa_then_refresh
伊兰特,伊兰特,100,2020-11-27 16:48:00,2026-06-25 11:25:00,42,40,2022-01-05 17:06:00,2023-07-22 12:03:00,1310.0,True,True,True,reuse_absa_then_refresh
传祺M6,传祺m6,100,2020-10-19 02:13:00,2026-07-09 12:08:00,87,85,2022-05-09 09:17:00,2026-05-28 15:32:00,2832.0,True,True,True,reuse_absa_then_refresh
传祺M8,传祺m8,100,2020-10-07 18:04:00,2026-06-27 13:04:00,75,70,2022-01-11 00:00:00,2026-05-27 17:47:00,1794.0,True,True,True,reuse_absa_then_refresh
元PLUS,元plus,100,2022-02-23 02:37:00,2026-07-07 16:07:00,97,94,2022-02-23 02:37:00,2026-05-22 20:11:00,5248.0,True,True,True,reuse_absa_then_refresh
元UP,元up,92,2025-03-25 18:44:00,2026-07-09 17:16:00,97,82,2025-03-25 18:44:00,2026-05-27 12:13:00,9689.0,True,True,True,reuse_absa_then_refresh
冠道,冠道,100,2020-08-14 15:50:00,2026-05-28 17:18:00,35,35,2022-01-06 17:17:00,2026-05-28 17:18:00,292.0,True,True,True,reuse_absa_then_refresh
凌宝BOX,凌宝box,10,2021-02-16 17:28:00,2026-06-26 21:46:00,9,8,2022-01-01 12:27:00,2025-10-22 17:23:00,4503.0,True,True,True,reuse_absa_then_refresh
凌渡,凌渡,199,2020-11-18 16:58:00,2026-07-06 08:26:00,128,123,2022-01-11 16:29:00,2026-05-30 22:14:00,397.0,True,True,True,reuse_absa_then_refresh
凡尔赛C5 X,凡尔赛c5x,94,2021-12-26 22:31:00,2025-12-26 20:46:00,98,91,2022-01-16 00:19:00,2025-12-26 20:46:00,5048.0,True,True,True,reuse_absa_then_refresh
凯美瑞,凯美瑞,99,2020-11-04 11:30:00,2026-02-20 22:43:00,70,69,2022-01-10 17:42:00,2026-02-20 22:43:00,535.0,True,True,True,reuse_absa_then_refresh
凯迪拉克CT5,凯迪拉克ct5,100,2020-11-03 17:30:00,2025-12-22 00:01:00,49,49,2022-01-01 19:05:00,2025-12-22 00:01:00,3736.0,True,True,True,reuse_absa_then_refresh
凯迪拉克XT5,凯迪拉克xt5,97,2020-12-27 12:45:00,2026-07-09 13:45:00,62,53,2022-01-05 16:00:00,2026-05-29 04:11:00,861.0,True,True,True,reuse_absa_then_refresh
凯迪拉克XT6,凯迪拉克xt6,100,2020-10-27 19:19:00,2026-06-18 14:55:00,47,46,2022-01-13 00:18:00,2026-05-18 18:15:00,3164.0,True,True,True,reuse_absa_then_refresh
别克GL8,别克gl8,100,2020-08-20 15:45:00,2026-06-30 20:50:00,43,42,2022-01-06 22:43:00,2026-05-23 18:25:00,353.0,True,True,True,reuse_absa_then_refresh
博越REV,博越rev,17,2026-03-31 14:14:00,2026-07-06 15:12:00,16,15,2026-03-31 14:14:00,2026-05-26 11:31:00,25577.0,True,True,True,reuse_absa_then_refresh
卡罗拉,卡罗拉,99,2020-11-20 18:04:00,2026-07-03 18:36:00,56,50,2022-01-10 16:37:00,2026-05-29 17:34:00,542.0,True,True,True,reuse_absa_then_refresh
卡罗拉锐放,卡罗拉锐放,96,2022-02-09 14:56:00,2026-07-08 22:19:00,94,86,2022-02-09 14:56:00,2026-05-28 10:36:00,5382.0,True,True,True,reuse_absa_then_refresh
吉利ICON,吉利icon,99,2020-10-10 13:11:00,2026-02-27 17:36:00,49,48,2022-01-20 11:15:00,2026-02-27 17:36:00,2880.0,True,True,True,reuse_absa_then_refresh
君威,君威,100,2020-10-24 16:09:00,2025-12-10 01:31:00,60,60,2022-01-02 20:36:00,2025-12-10 01:31:00,348.0,True,True,True,reuse_absa_then_refresh
君越,君越,100,2020-10-25 14:20:00,2026-07-09 19:38:00,47,47,2022-01-18 11:03:00,2026-04-05 15:05:00,347.0,True,True,True,reuse_absa_then_refresh
启辰D60,启辰d60,99,2021-01-16 23:37:00,2026-06-21 22:01:00,68,64,2022-01-05 07:25:00,2026-04-09 09:13:00,1628.0,True,True,True,reuse_absa_then_refresh
嘉华,嘉华,100,2021-09-09 13:08:00,2026-04-06 09:37:00,66,66,2022-01-13 19:35:00,2026-04-06 09:37:00,1126.0,True,True,True,reuse_absa_then_refresh
型格,型格,100,2022-01-07 11:55:00,2026-06-03 14:51:00,100,99,2022-01-07 11:55:00,2026-04-28 13:56:00,5340.0,True,True,True,reuse_absa_then_refresh
埃尚,埃尚,5,2025-11-05 09:35:00,2026-06-18 12:12:00,5,4,2025-11-05 09:35:00,2026-02-12 18:55:00,25720.0,True,True,True,reuse_absa_then_refresh
夏,夏,69,2025-01-08 20:15:00,2026-06-25 20:43:00,69,67,2025-01-08 20:15:00,2026-05-22 13:11:00,24597.0,True,True,True,reuse_absa_then_refresh
大众CC,大众cc,200,2020-11-11 16:33:00,2026-06-24 22:54:00,142,139,2022-01-07 10:53:00,2026-05-12 20:34:00,416.0,True,True,True,reuse_absa_then_refresh
大众ID.3,大众id.3,200,2021-11-05 14:08:00,2026-07-01 23:28:00,185,183,2022-01-05 15:04:00,2026-05-04 23:11:00,5217.0,True,True,True,reuse_absa_then_refresh
大通G10,大通g10,43,2019-07-01 13:05:00,2026-04-03 21:14:00,23,23,2022-02-17 10:34:00,2026-04-03 21:14:00,1211.0,True,True,True,reuse_absa_then_refresh
大通G50,大通g50,99,2019-07-01 11:23:00,2026-06-27 22:22:00,53,49,2022-01-09 18:33:00,2026-05-18 13:17:00,2984.0,True,True,True,reuse_absa_then_refresh
大通G70,大通g70,7,2023-11-19 19:28:00,2025-10-10 17:34:00,7,7,2023-11-19 19:28:00,2025-10-10 17:34:00,9188.0,True,True,True,reuse_absa_then_refresh
大通G90,大通g90,26,2022-04-30 17:51:00,2026-04-18 18:01:00,26,26,2022-04-30 17:51:00,2026-04-18 18:01:00,5438.0,True,True,True,reuse_absa_then_refresh
天籁,天籁,100,2020-12-07 10:17:00,2026-02-26 17:19:00,60,60,2022-01-05 19:02:00,2026-02-26 17:19:00,1147.0,True,True,True,reuse_absa_then_refresh
奇骏,奇骏,100,2020-12-05 22:12:00,2024-10-01 08:45:00,71,71,2022-01-02 12:23:00,2024-10-01 08:45:00,1151.0,True,True,True,reuse_absa_then_refresh
奔腾小马,奔腾小马,82,2024-06-01 17:09:00,2026-07-04 22:41:00,81,78,2024-06-01 17:09:00,2026-05-28 12:12:00,8956.0,True,True,True,reuse_absa_then_refresh
奔驰A级,奔驰a级,100,2020-10-19 12:49:00,2026-04-24 14:05:00,61,61,2022-01-07 11:49:00,2026-04-24 14:05:00,2913.0,True,True,True,reuse_absa_then_refresh
奔驰C级,奔驰c级,100,2020-10-15 18:22:00,2026-07-07 13:37:00,57,50,2022-01-02 11:08:00,2025-11-27 12:53:00,212.0,True,True,True,reuse_absa_then_refresh
奔驰E级,奔驰e级,93,2020-10-28 16:10:00,2026-07-09 12:47:00,64,47,2022-01-05 14:53:00,2026-05-28 08:24:00,214.0,True,True,True,reuse_absa_then_refresh
奔驰GLB,奔驰glb,99,2020-10-27 19:28:00,2026-07-07 17:35:00,76,71,2022-01-02 09:34:00,2026-05-30 05:23:00,3928.0,True,True,True,reuse_absa_then_refresh
奔驰GLC,奔驰glc,99,2020-10-18 21:17:00,2026-07-09 13:37:00,60,49,2022-01-02 18:39:00,2026-05-29 06:52:00,216.0,True,True,True,reuse_absa_then_refresh
奔驰V级,奔驰v级,83,2019-11-01 22:07:00,2026-06-28 07:14:00,47,44,2022-01-04 08:08:00,2026-05-29 19:13:00,245.0,True,True,True,reuse_absa_then_refresh
奕炫,奕炫,100,2021-01-17 10:36:00,2026-05-26 11:28:00,47,47,2022-01-18 15:35:00,2026-05-26 11:28:00,3365.0,True,True,True,reuse_absa_then_refresh
奕跑,奕跑,83,2019-07-16 20:00:00,2026-07-10 17:59:00,39,38,2022-01-04 10:30:00,2026-05-02 00:24:00,2890.0,True,True,True,reuse_absa_then_refresh
奥德赛,奥德赛,100,2020-10-25 00:40:00,2026-07-07 21:34:00,58,57,2022-01-11 14:07:00,2026-05-27 20:06:00,291.0,True,True,True,reuse_absa_then_refresh
奥迪A3,奥迪a3,100,2020-11-11 14:48:00,2026-07-09 12:50:00,71,68,2022-01-11 12:06:00,2026-05-20 22:17:00,95.0,True,True,True,reuse_absa_then_refresh
奥迪A4L,奥迪a4l,100,2020-12-27 22:23:00,2025-11-28 11:09:00,65,65,2022-01-06 11:11:00,2025-11-28 11:09:00,96.0,True,True,True,reuse_absa_then_refresh
奥迪A5L,奥迪a5l,98,2025-10-11 13:45:00,2026-07-07 22:40:00,98,90,2025-10-11 13:45:00,2026-05-09 15:33:00,24521.0,True,True,True,reuse_absa_then_refresh
奥迪A5L Sportback,奥迪a5lsportback,96,2025-08-15 17:58:00,2026-07-09 15:37:00,97,91,2025-08-15 17:58:00,2026-05-28 16:23:00,24944.0,True,True,True,reuse_absa_then_refresh
奥迪A6L,奥迪a6l,100,2020-10-14 17:53:00,2026-07-09 17:33:00,57,47,2022-01-14 00:12:00,2026-05-25 18:01:00,99.0,True,True,True,reuse_absa_then_refresh
奥迪A6L e-tron,奥迪a6letron,1,2026-05-27 13:06:00,2026-05-27 13:06:00,1,1,2026-05-27 13:06:00,2026-05-27 13:06:00,25413.0,True,True,True,reuse_absa_then_refresh
奥迪A7L,奥迪a7l,99,2021-12-29 15:36:00,2026-07-06 22:21:00,98,95,2022-02-12 01:13:00,2026-05-26 12:40:00,4302.0,True,True,True,reuse_absa_then_refresh
奥迪E5 Sportback,奥迪e5sportback,71,2025-09-10 16:34:00,2026-07-08 12:07:00,70,62,2025-09-10 16:34:00,2026-05-16 17:41:00,25058.0,True,True,True,reuse_absa_then_refresh
奥迪Q2L,奥迪q2l,100,2020-09-01 16:23:00,2026-04-18 22:52:00,16,16,2022-01-10 18:01:00,2026-04-18 22:52:00,2963.0,True,True,True,reuse_absa_then_refresh
奥迪Q3,奥迪q3,100,2020-11-23 15:24:00,2026-06-24 22:11:00,59,57,2022-01-03 22:41:00,2026-05-19 17:15:00,100.0,True,True,True,reuse_absa_then_refresh
奥迪Q3 Sportback,奥迪q3sportback,100,2021-04-09 14:43:00,2026-07-06 13:17:00,64,64,2022-01-05 10:10:00,2026-05-29 15:55:00,4990.0,True,True,True,reuse_absa_then_refresh
奥迪Q4 e-tron,奥迪q4etron,100,2022-08-09 20:19:00,2026-06-15 09:15:00,100,98,2022-08-09 20:19:00,2026-05-26 14:40:00,4334.0,True,True,True,reuse_absa_then_refresh
奥迪Q5 e-tron,奥迪q5etron,81,2022-02-18 11:46:00,2026-07-06 18:46:00,80,80,2022-02-18 11:46:00,2026-05-16 23:59:00,5002.0,True,True,True,reuse_absa_then_refresh
奥迪Q5L,奥迪q5l,100,2020-10-18 14:45:00,2026-07-07 14:07:00,64,56,2022-01-10 15:30:00,2026-04-25 16:13:00,2916.0,True,True,True,reuse_absa_then_refresh
奥迪Q5L Sportback,奥迪q5lsportback,100,2021-04-09 14:01:00,2026-06-26 13:42:00,65,64,2022-01-04 17:09:00,2026-04-23 09:55:00,4989.0,True,True,True,reuse_absa_then_refresh
奥迪Q6L Sportback e-tron,奥迪q6lsportbacketron,16,2025-09-16 23:33:00,2026-02-03 14:45:00,16,16,2025-09-16 23:33:00,2026-02-03 14:45:00,25079.0,True,True,True,reuse_absa_then_refresh
奥迪Q6L e-tron,奥迪q6letron,53,2025-08-31 21:20:00,2026-06-18 17:51:00,53,52,2025-08-31 21:20:00,2026-05-16 18:05:00,9440.0,True,True,True,reuse_absa_then_refresh
威兰达,威兰达,100,2020-10-28 18:37:00,2026-07-07 13:31:00,78,78,2022-01-10 18:49:00,2026-01-09 22:36:00,4172.0,True,True,True,reuse_absa_then_refresh
威朗,威朗,100,2022-01-05 23:54:00,2025-09-23 21:37:00,100,100,2022-01-05 23:54:00,2025-09-23 21:37:00,345.0,True,True,True,reuse_absa_then_refresh
威然,威然,179,2020-06-17 10:30:00,2026-06-29 09:46:00,126,121,2022-01-15 10:33:00,2026-05-01 07:51:00,4160.0,True,True,True,reuse_absa_then_refresh
威霆,威霆,39,2020-01-20 10:24:00,2026-03-05 15:03:00,31,31,2022-01-13 17:52:00,2026-03-05 15:03:00,244.0,True,True,True,reuse_absa_then_refresh
威飒,威飒,99,2022-01-12 12:07:00,2026-05-04 12:41:00,100,99,2022-01-12 12:07:00,2026-05-04 12:41:00,5339.0,True,True,True,reuse_absa_then_refresh
宋L EV,宋lev,99,2024-01-09 09:57:00,2026-06-13 00:50:00,100,98,2024-01-09 09:57:00,2026-05-17 12:33:00,8979.0,True,True,True,reuse_absa_then_refresh
宝来,宝来,199,2020-10-18 21:13:00,2026-06-26 21:52:00,125,118,2022-01-09 22:10:00,2026-05-16 10:31:00,409.0,True,True,True,reuse_absa_then_refresh
宝马2系,宝马2系,23,2025-04-28 09:35:00,2026-05-01 07:14:00,23,23,2025-04-28 09:35:00,2026-05-01 07:14:00,24609.0,True,True,True,reuse_absa_then_refresh
宝马3系,宝马3系,100,2020-10-12 19:17:00,2026-04-27 11:06:00,63,63,2022-01-09 20:45:00,2026-04-27 11:06:00,145.0,True,True,True,reuse_absa_then_refresh
宝马5系,宝马5系,100,2020-10-30 17:45:00,2026-02-06 22:37:00,60,60,2022-01-08 16:48:00,2026-02-06 22:37:00,146.0,True,True,True,reuse_absa_then_refresh
宝马X1,宝马x1,100,2020-11-25 10:31:00,2026-07-10 06:53:00,68,63,2022-01-16 10:11:00,2026-05-28 20:57:00,148.0,True,True,True,reuse_absa_then_refresh
宝马X3,宝马x3,100,2020-10-25 15:49:00,2026-07-08 02:08:00,59,56,2022-01-13 15:46:00,2026-02-04 01:35:00,2812.0,True,True,True,reuse_absa_then_refresh
宝马X5,宝马x5,99,2022-05-01 17:35:00,2026-07-09 00:46:00,97,93,2022-05-01 17:35:00,2026-05-27 13:58:00,5273.0,True,True,True,reuse_absa_then_refresh
宝马i3,宝马i3,98,2022-05-05 14:26:00,2026-06-02 11:50:00,100,96,2022-05-05 14:26:00,2026-05-25 13:05:00,4838.0,True,True,True,reuse_absa_then_refresh
宝马i5,宝马i5,41,2024-01-31 11:15:00,2026-07-04 20:50:00,40,38,2024-01-31 11:15:00,2026-05-26 22:40:00,9224.0,True,True,True,reuse_absa_then_refresh
宝马iX1,宝马ix1,49,2023-08-31 20:15:00,2026-07-04 16:29:00,48,48,2023-08-31 20:15:00,2026-05-02 10:33:00,8942.0,True,True,True,reuse_absa_then_refresh
小米SU7,小米su7,95,2025-09-24 14:50:00,2026-07-09 08:18:00,73,28,2025-09-24 14:50:00,2026-05-29 22:04:00,6187.0,True,True,True,reuse_absa_then_refresh
小虎FEV,小虎fev,5,2021-04-26 16:56:00,2022-06-30 18:47:00,2,2,2022-03-04 20:02:00,2022-06-30 18:47:00,5014.0,True,True,True,reuse_absa_then_refresh
帕萨特,帕萨特,197,2020-07-28 17:02:00,2026-07-05 01:28:00,157,138,2022-01-03 17:10:00,2026-05-29 17:20:00,398.0,True,True,True,reuse_absa_then_refresh
广汽本田P7,广汽本田p7,27,2025-03-11 15:53:00,2026-05-21 07:15:00,27,27,2025-03-11 15:53:00,2026-05-21 07:15:00,10127.0,True,True,True,reuse_absa_then_refresh
库斯途,库斯途,99,2021-09-13 10:14:00,2026-06-19 22:05:00,91,86,2022-02-03 12:17:00,2026-05-29 17:55:00,5034.0,True,True,True,reuse_absa_then_refresh
影豹,影豹,100,2021-08-02 10:49:00,2026-06-29 14:59:00,79,73,2022-01-02 15:24:00,2026-05-27 23:49:00,4787.0,True,True,True,reuse_absa_then_refresh
微蓝6,微蓝6,99,2021-04-15 14:16:00,2026-01-26 09:02:00,96,95,2022-01-26 11:00:00,2026-01-26 09:02:00,3359.0,True,True,True,reuse_absa_then_refresh
思域,思域,100,2020-10-13 16:11:00,2025-11-24 20:57:00,72,72,2022-01-09 14:44:00,2025-11-24 20:57:00,276.0,True,True,True,reuse_absa_then_refresh
悦意03,悦意03,61,2025-04-27 16:42:00,2026-06-28 13:23:00,63,58,2025-04-27 16:42:00,2026-05-29 10:40:00,24919.0,True,True,True,reuse_absa_then_refresh
悦意07,悦意07,13,2025-05-31 23:06:00,2026-06-05 22:28:00,13,12,2025-05-31 23:06:00,2026-05-12 08:07:00,25138.0,True,True,True,reuse_absa_then_refresh
捷豹XFL,捷豹xfl,98,2020-09-10 19:39:00,2026-05-11 16:32:00,82,80,2022-01-24 00:48:00,2026-05-11 16:32:00,798.0,True,True,True,reuse_absa_then_refresh
捷达VA3,捷达va3,89,2020-01-28 19:59:00,2026-04-30 15:43:00,42,42,2022-01-07 17:45:00,2026-04-30 15:43:00,3172.0,True,True,True,reuse_absa_then_refresh
捷达VA7,捷达va7,18,2025-03-31 11:02:00,2026-01-09 12:59:00,18,18,2025-03-31 11:02:00,2026-01-09 12:59:00,24893.0,True,True,True,reuse_absa_then_refresh
探岳,探岳,200,2020-11-24 09:12:00,2026-07-07 17:25:00,144,136,2022-01-13 14:45:00,2026-05-19 20:25:00,2835.0,True,True,True,reuse_absa_then_refresh
探岳X,探岳x,199,2020-08-10 15:44:00,2026-06-30 17:20:00,87,85,2022-01-18 16:08:00,2026-04-27 23:04:00,4425.0,True,True,True,reuse_absa_then_refresh
探界者,探界者,100,2020-12-23 12:38:00,2025-08-03 16:34:00,71,71,2022-01-02 12:20:00,2025-08-03 16:34:00,1359.0,True,True,True,reuse_absa_then_refresh
探险者,探险者,96,2020-12-18 14:26:00,2026-07-06 16:19:00,70,61,2022-01-10 20:56:00,2026-05-16 16:12:00,4284.0,True,True,True,reuse_absa_then_refresh
揽境,揽境,199,2021-06-13 21:21:00,2026-07-01 00:40:00,151,148,2022-01-05 11:15:00,2026-05-27 22:57:00,3437.0,True,True,True,reuse_absa_then_refresh
揽巡,揽巡,196,2022-11-18 09:14:00,2026-07-02 18:21:00,196,189,2022-11-18 09:14:00,2026-05-30 23:21:00,5929.0,True,True,True,reuse_absa_then_refresh
日产N6,日产n6,85,2025-12-10 11:42:00,2026-07-04 10:32:00,84,77,2025-12-10 11:42:00,2026-05-30 21:51:00,25636.0,True,True,True,reuse_absa_then_refresh
日产N7,日产n7,91,2025-06-04 16:41:00,2025-11-10 19:15:00,100,91,2025-06-04 16:41:00,2025-11-10 19:15:00,25094.0,True,True,True,reuse_absa_then_refresh
日产NX8,日产nx8,39,2026-04-18 20:57:00,2026-07-10 17:01:00,34,18,2026-04-18 20:57:00,2026-05-28 18:32:00,25874.0,True,True,True,reuse_absa_then_refresh
昂科威,昂科威,100,2020-10-26 13:14:00,2026-07-06 18:09:00,48,48,2022-01-21 02:20:00,2025-12-31 10:08:00,352.0,True,True,True,reuse_absa_then_refresh
星海S7,星海s7,37,2024-09-23 18:49:00,2026-07-02 08:49:00,36,36,2024-09-23 18:49:00,2026-05-22 04:28:00,9958.0,True,True,True,reuse_absa_then_refresh
星海V9,星海v9,35,2024-05-22 17:38:00,2026-06-14 06:15:00,35,34,2024-05-22 17:38:00,2026-04-08 12:39:00,9374.0,True,True,True,reuse_absa_then_refresh
星瑞,星瑞,100,2020-11-27 23:01:00,2026-02-04 11:02:00,46,46,2022-01-06 02:15:00,2026-02-04 11:02:00,3476.0,True,True,True,reuse_absa_then_refresh
星越L,星越l,98,2021-08-20 21:23:00,2026-05-28 13:22:00,89,87,2022-01-04 11:13:00,2026-05-28 13:22:00,4857.0,True,True,True,reuse_absa_then_refresh
星途ES,星途es,96,2025-03-23 17:08:00,2026-04-28 19:34:00,100,96,2025-03-23 17:08:00,2026-04-28 19:34:00,8965.0,True,True,True,reuse_absa_then_refresh
普拉多,普拉多,100,2020-11-19 17:38:00,2026-07-09 15:36:00,86,85,2022-01-17 18:46:00,2026-05-25 16:42:00,547.0,True,True,True,reuse_absa_then_refresh
智己L6,智己l6,98,2025-06-05 21:42:00,2026-06-25 15:12:00,100,95,2025-06-05 21:42:00,2026-05-17 11:48:00,9660.0,True,True,True,reuse_absa_then_refresh
智己L7,智己l7,99,2022-05-29 14:53:00,2026-05-18 18:14:00,100,99,2022-05-29 14:53:00,2026-05-18 18:14:00,4870.0,True,True,True,reuse_absa_then_refresh
智跑,智跑,100,2021-01-15 23:15:00,2024-02-18 21:27:00,70,70,2022-01-08 17:00:00,2024-02-18 21:27:00,1123.0,True,True,True,reuse_absa_then_refresh
曹操60,曹操60,9,2024-01-17 21:23:00,2026-06-29 08:55:00,9,8,2024-01-17 21:23:00,2026-02-05 08:42:00,8930.0,True,True,True,reuse_absa_then_refresh
朗逸,朗逸,199,2020-10-23 11:42:00,2026-07-07 22:28:00,133,119,2022-01-19 23:39:00,2026-05-29 10:44:00,393.0,True,True,True,reuse_absa_then_refresh
本田CR-V,本田crv,100,2020-10-13 12:18:00,2026-07-09 23:14:00,46,36,2022-01-11 23:26:00,2026-04-21 14:16:00,280.0,True,True,True,reuse_absa_then_refresh
本田HR-V,本田hrv,100,2023-04-29 15:22:00,2026-06-22 17:02:00,100,96,2023-04-29 15:22:00,2026-05-29 09:12:00,6036.0,True,True,True,reuse_absa_then_refresh
本田UR-V,本田urv,100,2020-10-27 19:37:00,2026-03-06 20:55:00,42,42,2022-01-15 15:52:00,2026-03-06 20:55:00,281.0,True,True,True,reuse_absa_then_refresh
本田XR-V,本田xrv,100,2020-08-29 10:43:00,2026-02-17 08:01:00,55,55,2022-01-05 19:05:00,2026-02-17 08:01:00,279.0,True,True,True,reuse_absa_then_refresh
极狐 阿尔法S5,极狐阿尔法s5,97,2025-05-12 11:49:00,2026-07-09 11:16:00,91,65,2025-05-12 11:49:00,2026-05-29 14:50:00,9179.0,True,True,True,reuse_absa_then_refresh
林肯Z,林肯z,100,2022-04-13 13:29:00,2026-07-03 23:49:00,98,96,2022-04-13 13:29:00,2026-05-22 12:01:00,5440.0,True,True,True,reuse_absa_then_refresh
枫叶60s,枫叶60s,6,2022-03-04 20:04:00,2022-07-13 17:06:00,6,6,2022-03-04 20:04:00,2022-07-13 17:06:00,5151.0,True,True,True,reuse_absa_then_refresh
标致4008,标致4008,99,2021-01-16 17:35:00,2026-06-27 00:30:00,80,78,2022-01-10 22:33:00,2026-05-07 21:24:00,340.0,True,True,True,reuse_absa_then_refresh
标致408,标致408,100,2020-12-15 20:38:00,2026-07-09 21:59:00,79,78,2022-04-08 16:33:00,2025-12-30 15:55:00,336.0,True,True,True,reuse_absa_then_refresh
标致408X,标致408x,99,2023-04-22 11:28:00,2026-03-18 22:02:00,100,99,2023-04-22 11:28:00,2026-03-18 22:02:00,5992.0,True,True,True,reuse_absa_then_refresh
标致5008,标致5008,98,2021-02-05 17:29:00,2026-06-12 12:28:00,77,73,2022-01-14 01:44:00,2026-05-16 17:35:00,341.0,True,True,True,reuse_absa_then_refresh
格瑞维亚,格瑞维亚,100,2022-11-22 19:32:00,2026-07-08 20:43:00,98,93,2022-11-22 19:32:00,2026-05-25 20:47:00,5858.0,True,True,True,reuse_absa_then_refresh
欧拉好猫,欧拉好猫,98,2020-11-27 16:49:00,2026-07-09 14:39:00,71,63,2022-01-12 15:31:00,2026-05-15 13:26:00,4635.0,True,True,True,reuse_absa_then_refresh
欧拉闪电猫,欧拉闪电猫,100,2022-10-29 22:31:00,2025-06-20 19:13:00,100,100,2022-10-29 22:31:00,2025-06-20 19:13:00,5053.0,True,True,True,reuse_absa_then_refresh
欧诺S,欧诺s,35,2019-06-24 00:04:00,2026-04-06 11:14:00,22,22,2022-03-04 15:01:00,2026-04-06 11:14:00,1475.0,True,True,True,reuse_absa_then_refresh
比亚迪e7,比亚迪e7,35,2025-07-08 17:00:00,2026-07-07 09:41:00,33,28,2025-07-08 17:00:00,2026-05-08 11:06:00,25188.0,True,True,True,reuse_absa_then_refresh
比亚迪e9,比亚迪e9,10,2021-10-01 17:46:00,2026-01-19 12:38:00,9,9,2022-02-01 00:46:00,2026-01-19 12:38:00,4797.0,True,True,True,reuse_absa_then_refresh
沃尔沃EM90,沃尔沃em90,12,2023-11-28 15:54:00,2025-07-28 11:01:00,12,12,2023-11-28 15:54:00,2025-07-28 11:01:00,9262.0,True,True,True,reuse_absa_then_refresh
沃尔沃S60,沃尔沃s60,100,2020-11-14 16:57:00,2025-10-16 16:22:00,65,65,2022-01-04 23:16:00,2025-10-16 16:22:00,1279.0,True,True,True,reuse_absa_then_refresh
沃尔沃S90,沃尔沃s90,100,2020-10-26 11:11:00,2026-07-06 22:13:00,59,59,2022-01-10 17:11:00,2026-05-12 16:52:00,1281.0,True,True,True,reuse_absa_then_refresh
海狮05EV,海狮05ev,95,2025-04-07 15:59:00,2026-07-08 19:07:00,95,85,2025-04-07 15:59:00,2026-05-29 18:40:00,25139.0,True,True,True,reuse_absa_then_refresh
海狮06EV,海狮06ev,91,2025-09-06 22:08:00,2026-07-08 23:20:00,93,68,2025-09-06 22:08:00,2026-05-26 17:43:00,25400.0,True,True,True,reuse_absa_then_refresh
海狮07EV,海狮07ev,98,2024-05-30 22:05:00,2026-07-06 12:59:00,99,93,2024-05-30 22:05:00,2026-05-04 08:55:00,6068.0,True,True,True,reuse_absa_then_refresh
海豚,海豚,99,2021-09-02 10:29:00,2026-07-09 23:56:00,82,81,2022-01-12 12:07:00,2026-05-21 02:23:00,5008.0,True,True,True,reuse_absa_then_refresh
海豹,海豹,99,2022-09-16 11:23:00,2026-05-10 16:21:00,100,99,2022-09-16 11:23:00,2026-05-10 16:21:00,5579.0,True,True,True,reuse_absa_then_refresh
海豹06EV,海豹06ev,90,2025-06-29 09:40:00,2026-07-08 10:07:00,98,82,2025-06-29 09:40:00,2026-05-21 13:23:00,25238.0,True,True,True,reuse_absa_then_refresh
海豹06GT,海豹06gt,100,2024-11-09 04:23:00,2026-07-09 16:25:00,93,84,2024-11-09 04:23:00,2026-05-23 16:00:00,10205.0,True,True,True,reuse_absa_then_refresh
海豹07EV,海豹07ev,2,2026-04-28 19:52:00,2026-07-03 16:31:00,1,1,2026-04-28 19:52:00,2026-04-28 19:52:00,24588.0,True,True,True,reuse_absa_then_refresh
海鸥,海鸥,100,2023-05-26 09:31:00,2026-06-30 09:45:00,98,95,2023-05-26 09:31:00,2026-05-01 23:49:00,5952.0,True,True,True,reuse_absa_then_refresh
深蓝L06,深蓝l06,97,2025-11-27 10:43:00,2026-07-09 21:24:00,89,63,2025-11-27 10:43:00,2026-05-26 10:04:00,25628.0,True,True,True,reuse_absa_then_refresh
深蓝L07,深蓝l07,96,2024-09-26 14:20:00,2026-06-14 15:28:00,100,95,2024-09-26 14:20:00,2026-05-16 14:53:00,10214.0,True,True,True,reuse_absa_then_refresh
深蓝SL03,深蓝sl03,100,2022-06-21 15:19:00,2026-06-18 18:17:00,100,99,2022-06-21 15:19:00,2026-04-16 12:11:00,5306.0,True,True,True,reuse_absa_then_refresh
灵悉L,灵悉l,3,2025-08-30 00:46:00,2026-05-10 17:14:00,3,3,2025-08-30 00:46:00,2026-05-10 17:14:00,9428.0,True,True,True,reuse_absa_then_refresh
焕驰,焕驰,54,2019-09-08 08:55:00,2025-11-25 09:46:00,20,20,2022-01-05 03:42:00,2025-11-25 09:46:00,1719.0,True,True,True,reuse_absa_then_refresh
爱跑,爱跑,1,2026-01-25 16:34:00,2026-01-25 16:34:00,1,1,2026-01-25 16:34:00,2026-01-25 16:34:00,9792.0,True,True,True,reuse_absa_then_refresh
狮铂拓界,狮铂拓界,99,2022-10-30 15:33:00,2026-06-05 14:07:00,100,96,2022-10-30 15:33:00,2026-05-30 18:04:00,6070.0,True,True,True,reuse_absa_then_refresh
猛士917,猛士917,55,2023-08-31 20:26:00,2026-06-01 19:55:00,59,53,2023-08-31 20:26:00,2026-03-29 18:53:00,8798.0,True,True,True,reuse_absa_then_refresh
理想MEGA,理想mega,47,2023-11-11 15:30:00,2026-07-09 22:45:00,45,45,2023-11-11 15:30:00,2026-05-26 13:54:00,6067.0,True,True,True,reuse_absa_then_refresh
瑞虎3x,瑞虎3x,100,2020-08-20 09:21:00,2026-07-05 11:44:00,68,67,2022-01-05 07:23:00,2026-03-27 20:30:00,1092.0,True,True,True,reuse_absa_then_refresh
瑞虎5x,瑞虎5x,99,2020-11-30 22:01:00,2026-06-08 09:09:00,53,51,2022-01-04 10:40:00,2026-05-11 23:39:00,1738.0,True,True,True,reuse_absa_then_refresh
瑞虎7,瑞虎7,99,2021-01-05 21:42:00,2026-06-16 00:57:00,52,50,2022-01-06 13:35:00,2026-05-20 19:50:00,1094.0,True,True,True,reuse_absa_then_refresh
瑞虎8,瑞虎8,100,2020-11-23 18:05:00,2026-07-09 21:29:00,54,42,2022-01-04 18:15:00,2026-05-26 11:40:00,2794.0,True,True,True,reuse_absa_then_refresh
瑞虎9,瑞虎9,97,2023-06-26 23:23:00,2026-07-08 23:16:00,97,75,2023-06-26 23:23:00,2026-05-28 16:59:00,6227.0,True,True,True,reuse_absa_then_refresh
瑞风M3,瑞风m3,43,2020-03-17 20:37:00,2026-05-08 14:17:00,30,30,2022-01-08 15:21:00,2026-05-08 14:17:00,768.0,True,True,True,reuse_absa_then_refresh
瑞风RF8,瑞风rf8,12,2024-03-19 23:02:00,2026-03-28 18:01:00,12,12,2024-03-19 23:02:00,2026-03-28 18:01:00,8950.0,True,True,True,reuse_absa_then_refresh
电动MINI ACEMAN,电动miniaceman,9,2024-12-21 23:37:00,2025-09-14 20:02:00,9,9,2024-12-21 23:37:00,2025-09-14 20:02:00,9945.0,True,True,True,reuse_absa_then_refresh
电动MINI COOPER,电动minicooper,24,2024-07-09 15:52:00,2026-07-07 21:16:00,23,23,2024-07-09 15:52:00,2026-05-22 23:03:00,9793.0,True,True,True,reuse_absa_then_refresh
皇冠陆放,皇冠陆放,98,2021-09-14 09:44:00,2026-06-28 23:18:00,85,77,2022-01-04 20:00:00,2026-05-24 08:19:00,4840.0,True,True,True,reuse_absa_then_refresh
皓影,皓影,100,2020-10-20 14:54:00,2026-07-07 23:24:00,51,49,2022-01-04 17:21:00,2026-05-21 06:45:00,4079.0,True,True,True,reuse_absa_then_refresh
睿蓝8,睿蓝8,1,2025-07-07 15:46:00,2025-07-07 15:46:00,1,1,2025-07-07 15:46:00,2025-07-07 15:46:00,24939.0,True,True,True,reuse_absa_then_refresh
索纳塔,索纳塔,100,2020-08-01 07:58:00,2026-06-24 17:45:00,32,31,2022-01-07 19:13:00,2025-12-29 02:38:00,1318.0,True,True,True,reuse_absa_then_refresh
红旗E-HS9,红旗ehs9,100,2021-01-18 21:34:00,2026-07-05 16:07:00,39,39,2022-01-11 11:17:00,2025-10-08 08:19:00,4146.0,True,True,True,reuse_absa_then_refresh
红旗E-QM5,红旗eqm5,99,2022-06-09 11:10:00,2026-06-13 16:51:00,100,96,2022-06-09 11:10:00,2026-05-29 12:31:00,5092.0,True,True,True,reuse_absa_then_refresh
红旗EH7,红旗eh7,26,2024-04-23 23:31:00,2026-05-18 00:19:00,26,26,2024-04-23 23:31:00,2026-05-18 00:19:00,8947.0,True,True,True,reuse_absa_then_refresh
红旗H5,红旗h5,98,2022-10-19 19:59:00,2026-07-10 00:54:00,85,57,2022-10-19 19:59:00,2026-04-26 07:45:00,6132.0,True,True,True,reuse_absa_then_refresh
红旗H5 PHEV,红旗h5phev,57,2025-04-15 14:32:00,2026-07-03 18:20:00,56,48,2025-04-15 14:32:00,2026-05-24 13:21:00,3801.0,True,True,True,reuse_absa_then_refresh
红旗H6,红旗h6,99,2022-12-31 20:48:00,2026-07-10 01:08:00,96,88,2022-12-31 20:48:00,2026-05-15 23:18:00,5417.0,True,True,True,reuse_absa_then_refresh
红旗H9,红旗h9,100,2020-10-25 13:19:00,2026-06-15 20:03:00,55,54,2022-01-05 11:06:00,2026-04-18 10:59:00,4355.0,True,True,True,reuse_absa_then_refresh
红旗HQ9,红旗hq9,27,2022-09-22 15:11:00,2026-05-21 11:02:00,27,27,2022-09-22 15:11:00,2026-05-21 11:02:00,5905.0,True,True,True,reuse_absa_then_refresh
红旗HS3,红旗hs3,76,2023-07-18 20:46:00,2026-06-03 14:41:00,78,75,2023-07-18 20:46:00,2026-05-28 11:50:00,6359.0,True,True,True,reuse_absa_then_refresh
红旗HS3 PHEV,红旗hs3phev,84,2024-10-07 22:11:00,2026-07-07 10:32:00,84,79,2024-10-07 22:11:00,2026-05-27 15:07:00,10120.0,True,True,True,reuse_absa_then_refresh
红旗HS5,红旗hs5,100,2020-10-17 01:38:00,2026-07-08 15:23:00,52,52,2022-01-05 00:50:00,2025-12-05 22:56:00,3159.0,True,True,True,reuse_absa_then_refresh
红旗HS7 PHEV,红旗hs7phev,26,2024-09-08 12:28:00,2026-06-20 01:27:00,27,25,2024-09-08 12:28:00,2026-04-17 22:37:00,9825.0,True,True,True,reuse_absa_then_refresh
红旗天工05,红旗天工05,37,2025-03-11 03:36:00,2026-06-23 09:44:00,37,34,2025-03-11 03:36:00,2026-05-26 10:03:00,10154.0,True,True,True,reuse_absa_then_refresh
红旗天工06,红旗天工06,11,2025-06-07 17:20:00,2026-06-06 19:03:00,11,10,2025-06-07 17:20:00,2026-04-03 18:33:00,10162.0,True,True,True,reuse_absa_then_refresh
红旗天工08,红旗天工08,18,2024-11-18 16:53:00,2026-05-31 17:47:00,18,17,2024-11-18 16:53:00,2026-04-25 00:12:00,8835.0,True,True,True,reuse_absa_then_refresh
缤智,缤智,100,2020-10-27 16:20:00,2026-05-06 07:55:00,48,48,2022-01-14 14:00:00,2026-05-06 07:55:00,288.0,True,True,True,reuse_absa_then_refresh
缤瑞,缤瑞,100,2020-11-12 14:35:00,2026-07-08 11:18:00,78,77,2022-02-19 22:41:00,2026-02-01 14:14:00,2928.0,True,True,True,reuse_absa_then_refresh
缤越,缤越,98,2020-10-27 18:24:00,2026-07-04 09:36:00,78,73,2022-02-13 15:22:00,2026-05-27 18:23:00,2975.0,True,True,True,reuse_absa_then_refresh
羿驰05,羿驰05,7,2025-03-27 10:51:00,2026-01-05 23:08:00,7,7,2025-03-27 10:51:00,2026-01-05 23:08:00,25194.0,True,True,True,reuse_absa_then_refresh
胜达,胜达,99,2020-12-16 09:01:00,2026-06-09 00:21:00,77,75,2022-01-19 19:27:00,2026-05-07 16:38:00,1324.0,True,True,True,reuse_absa_then_refresh
艾力绅,艾力绅,100,2020-09-15 17:16:00,2026-06-20 13:11:00,38,35,2022-01-04 11:09:00,2026-02-03 10:58:00,282.0,True,True,True,reuse_absa_then_refresh
艾瑞泽5,艾瑞泽5,100,2020-10-16 19:28:00,2026-07-07 13:05:00,42,41,2022-01-04 20:03:00,2026-03-31 21:43:00,1081.0,True,True,True,reuse_absa_then_refresh
艾瑞泽8,艾瑞泽8,100,2022-07-30 16:08:00,2026-07-09 17:05:00,94,84,2022-07-30 16:08:00,2025-12-26 13:27:00,5852.0,True,True,True,reuse_absa_then_refresh
英仕派,英仕派,100,2020-11-14 16:38:00,2026-07-09 06:41:00,81,78,2022-01-06 20:57:00,2026-05-19 07:35:00,2875.0,True,True,True,reuse_absa_then_refresh
荣威D5X DMH,荣威d5xdmh,40,2024-02-23 11:50:00,2026-04-29 19:40:00,40,40,2024-02-23 11:50:00,2026-04-29 19:40:00,9347.0,True,True,True,reuse_absa_then_refresh
荣威D6,荣威d6,94,2025-05-15 17:23:00,2026-07-08 22:20:00,99,89,2025-05-15 17:23:00,2026-05-30 00:13:00,25140.0,True,True,True,reuse_absa_then_refresh
荣威i5,荣威i5,100,2020-12-10 12:22:00,2026-07-01 15:36:00,55,51,2022-01-04 23:23:00,2026-05-27 13:41:00,3041.0,True,True,True,reuse_absa_then_refresh
荣威iMAX8,荣威imax8,100,2020-10-21 16:26:00,2026-06-13 11:11:00,71,70,2022-01-04 17:58:00,2026-01-08 20:01:00,4535.0,True,True,True,reuse_absa_then_refresh
菱智,菱智,46,2019-07-29 00:50:00,2026-06-08 15:23:00,27,26,2022-02-01 19:39:00,2026-05-05 23:10:00,445.0,True,True,True,reuse_absa_then_refresh
蒙迪欧,蒙迪欧,100,2020-10-25 16:00:00,2026-07-07 14:34:00,80,73,2022-01-19 00:52:00,2025-11-18 11:32:00,579.0,True,True,True,reuse_absa_then_refresh
蔚来ET5,蔚来et5,100,2022-09-29 11:39:00,2025-11-23 22:44:00,100,100,2022-09-29 11:39:00,2025-11-23 22:44:00,5409.0,True,True,True,reuse_absa_then_refresh
蔚来ET5T,蔚来et5t,100,2023-08-11 11:42:00,2026-06-03 17:12:00,100,99,2023-08-11 11:42:00,2026-05-22 21:48:00,9126.0,True,True,True,reuse_absa_then_refresh
蔚来ET7,蔚来et7,99,2022-03-02 21:14:00,2025-09-12 15:51:00,100,99,2022-03-02 21:14:00,2025-09-12 15:51:00,3478.0,True,True,True,reuse_absa_then_refresh
蔚来ET9,蔚来et9,13,2024-12-22 15:17:00,2026-04-17 19:47:00,13,13,2024-12-22 15:17:00,2026-04-17 19:47:00,9707.0,True,True,True,reuse_absa_then_refresh
豪越L,豪越l,100,2022-11-11 10:59:00,2026-07-07 17:47:00,98,89,2022-11-11 10:59:00,2026-05-14 21:55:00,6211.0,True,True,True,reuse_absa_then_refresh
赛图斯,赛图斯,26,2023-05-17 13:32:00,2026-06-13 14:13:00,26,25,2023-05-17 13:32:00,2026-04-21 14:25:00,8934.0,True,True,True,reuse_absa_then_refresh
起亚EV5,起亚ev5,38,2023-11-23 09:17:00,2026-02-13 08:21:00,39,38,2023-11-23 09:17:00,2026-02-13 08:21:00,9237.0,True,True,True,reuse_absa_then_refresh
起亚K3,起亚k3,100,2020-12-14 23:00:00,2026-06-24 14:51:00,48,46,2022-02-08 11:06:00,2026-04-09 22:03:00,1116.0,True,True,True,reuse_absa_then_refresh
轩逸,轩逸,99,2020-10-16 19:15:00,2026-06-21 10:58:00,54,49,2022-01-11 14:35:00,2026-05-17 16:44:00,1145.0,True,True,True,reuse_absa_then_refresh
迈腾,迈腾,196,2020-10-23 14:57:00,2026-07-08 11:21:00,161,142,2022-01-23 18:31:00,2026-05-25 11:14:00,415.0,True,True,True,reuse_absa_then_refresh
迈腾PHEV,迈腾phev,165,2020-07-04 12:42:00,2026-05-19 06:56:00,84,83,2022-01-04 19:57:00,2026-05-19 06:56:00,3142.0,True,True,True,reuse_absa_then_refresh
逍客,逍客,97,2020-10-16 18:31:00,2026-07-06 11:04:00,80,74,2022-05-29 16:05:00,2026-05-29 17:26:00,1150.0,True,True,True,reuse_absa_then_refresh
途岳,途岳,198,2020-11-24 17:46:00,2026-06-29 12:09:00,151,146,2022-01-07 14:32:00,2026-05-28 17:16:00,2836.0,True,True,True,reuse_absa_then_refresh
途昂,途昂,199,2020-10-25 11:39:00,2026-07-08 11:03:00,114,110,2022-01-04 09:53:00,2026-05-24 21:56:00,405.0,True,True,True,reuse_absa_then_refresh
途观L,途观l,196,2020-11-16 17:11:00,2026-07-04 22:32:00,158,148,2022-01-05 20:28:00,2026-05-26 21:31:00,404.0,True,True,True,reuse_absa_then_refresh
速腾,速腾,200,2020-10-23 12:17:00,2026-07-08 09:10:00,142,126,2022-01-08 12:44:00,2026-05-28 06:17:00,414.0,True,True,True,reuse_absa_then_refresh
逸动,逸动,99,2020-12-13 18:09:00,2026-07-08 19:04:00,58,56,2022-01-04 22:54:00,2026-02-04 01:25:00,1455.0,True,True,True,reuse_absa_then_refresh
钇为3,钇为3,59,2023-06-26 14:29:00,2026-07-04 09:16:00,60,58,2023-06-26 14:29:00,2026-04-07 15:24:00,8897.0,True,True,True,reuse_absa_then_refresh
铂智3X,铂智3x,91,2025-04-29 22:33:00,2026-07-08 09:59:00,97,78,2025-04-29 22:33:00,2026-05-12 14:16:00,8987.0,True,True,True,reuse_absa_then_refresh
铂智4X,铂智4x,6,2024-06-18 12:41:00,2025-04-13 01:08:00,6,6,2024-06-18 12:41:00,2025-04-13 01:08:00,9668.0,True,True,True,reuse_absa_then_refresh
铂智7,铂智7,25,2026-04-13 13:56:00,2026-07-08 21:45:00,22,16,2026-04-13 13:56:00,2026-05-24 14:47:00,9657.0,True,True,True,reuse_absa_then_refresh
银河E8,银河e8,98,2024-03-19 13:37:00,2026-05-30 15:12:00,100,98,2024-03-19 13:37:00,2026-05-30 15:12:00,8858.0,True,True,True,reuse_absa_then_refresh
银河V900,银河v900,5,2026-02-11 11:48:00,2026-07-03 17:18:00,4,4,2026-02-11 11:48:00,2026-05-03 01:13:00,25711.0,True,True,True,reuse_absa_then_refresh
银河星耀6,银河星耀6,67,2025-10-16 11:34:00,2026-07-09 21:30:00,64,59,2025-10-16 11:34:00,2026-05-26 17:48:00,25611.0,True,True,True,reuse_absa_then_refresh
银河星耀7,银河星耀7,47,2026-05-30 23:35:00,2026-07-10 18:32:00,33,1,2026-05-30 23:35:00,2026-05-30 23:35:00,25739.0,True,True,True,reuse_absa_then_refresh
锋兰达,锋兰达,98,2022-04-13 19:03:00,2026-07-09 13:46:00,96,81,2022-04-13 19:03:00,2026-05-28 22:16:00,5369.0,True,True,True,reuse_absa_then_refresh
锐程PLUS,锐程plus,100,2022-10-09 13:16:00,2025-07-16 21:55:00,100,100,2022-10-09 13:16:00,2025-07-16 21:55:00,6147.0,True,True,True,reuse_absa_then_refresh
锐际,锐际,99,2020-11-02 14:28:00,2026-06-23 12:48:00,76,73,2022-01-13 10:30:00,2026-05-16 22:59:00,3334.0,True,True,True,reuse_absa_then_refresh
长安CS75 PLUS,长安cs75plus,100,2020-10-09 15:52:00,2026-07-09 17:14:00,56,56,2022-01-11 20:22:00,2025-12-07 15:25:00,3196.0,True,True,True,reuse_absa_then_refresh
长安Lumin,长安lumin,100,2022-07-29 23:19:00,2026-07-04 22:45:00,98,93,2022-07-29 23:19:00,2026-05-01 16:45:00,5859.0,True,True,True,reuse_absa_then_refresh
长安UNI-K,长安unik,98,2021-03-27 10:54:00,2026-05-10 15:33:00,58,55,2022-02-23 09:11:00,2026-05-10 15:33:00,4783.0,True,True,True,reuse_absa_then_refresh
长安UNI-K 智电iDD,长安unik智电idd,100,2022-01-14 13:08:00,2024-08-05 21:13:00,100,100,2022-01-14 13:08:00,2024-08-05 21:13:00,5216.0,True,True,True,reuse_absa_then_refresh
长安UNI-T,长安unit,100,2020-11-05 14:08:00,2026-06-22 16:43:00,45,44,2022-01-06 20:59:00,2024-09-08 00:16:00,4353.0,True,True,True,reuse_absa_then_refresh
长安UNI-V,长安univ,100,2022-01-06 21:06:00,2026-07-09 13:59:00,97,96,2022-01-06 21:06:00,2026-02-18 04:24:00,5288.0,True,True,True,reuse_absa_then_refresh
长安X5 PLUS,长安x5plus,97,2024-02-07 14:03:00,2026-07-09 23:45:00,96,87,2024-02-07 14:03:00,2026-05-27 13:47:00,9683.0,True,True,True,reuse_absa_then_refresh
长安启源A07,长安启源a07,97,2023-11-03 08:46:00,2026-06-29 16:59:00,100,93,2023-11-03 08:46:00,2026-05-30 19:39:00,8958.0,True,True,True,reuse_absa_then_refresh
雅阁,雅阁,100,2020-10-23 11:04:00,2025-11-03 17:44:00,53,53,2022-01-07 14:03:00,2025-11-03 17:44:00,289.0,True,True,True,reuse_absa_then_refresh
零跑B01,零跑b01,97,2025-08-01 17:00:00,2026-07-09 09:26:00,96,88,2025-08-01 17:00:00,2026-05-28 16:18:00,9266.0,True,True,True,reuse_absa_then_refresh
零跑Lafa5,零跑lafa5,97,2025-11-15 12:44:00,2026-07-08 10:59:00,99,79,2025-11-15 12:44:00,2026-05-30 21:00:00,25682.0,True,True,True,reuse_absa_then_refresh
零跑T03,零跑t03,99,2021-01-27 17:09:00,2026-05-08 00:02:00,86,85,2022-01-06 14:49:00,2026-05-08 00:02:00,4272.0,True,True,True,reuse_absa_then_refresh
雷凌,雷凌,100,2020-06-17 14:40:00,2022-11-16 22:49:00,32,32,2022-01-07 17:26:00,2022-11-16 22:49:00,534.0,True,True,True,reuse_absa_then_refresh
领克03,领克03,100,2020-10-17 17:46:00,2025-10-22 14:16:00,65,65,2022-01-11 10:37:00,2025-10-22 14:16:00,1623.0,True,True,True,reuse_absa_then_refresh
风云A9L,风云a9l,95,2025-06-29 11:16:00,2026-07-10 11:01:00,82,69,2025-06-29 11:16:00,2026-02-20 20:29:00,8985.0,True,True,True,reuse_absa_then_refresh
飞凡F7,飞凡f7,99,2023-04-01 14:31:00,2024-08-02 13:49:00,100,99,2023-04-01 14:31:00,2024-08-02 13:49:00,6137.0,True,True,True,reuse_absa_then_refresh
马自达3 昂克赛拉,马自达3昂克赛拉,100,2021-01-07 23:05:00,2026-04-08 09:39:00,54,54,2022-01-02 23:38:00,2026-04-08 09:39:00,1014.0,True,True,True,reuse_absa_then_refresh
马自达EZ-6,马自达ez6,99,2024-10-30 15:48:00,2026-07-02 12:23:00,99,98,2024-10-30 15:48:00,2026-03-30 11:20:00,10137.0,True,True,True,reuse_absa_then_refresh
驱逐舰05,驱逐舰05,100,2022-03-26 14:52:00,2026-02-02 16:06:00,100,100,2022-03-26 14:52:00,2026-02-02 16:06:00,5290.0,True,True,True,reuse_absa_then_refresh
高尔夫,高尔夫,200,2020-10-12 13:13:00,2026-06-30 21:01:00,107,106,2022-01-11 11:03:00,2026-03-20 15:02:00,410.0,True,True,True,reuse_absa_then_refresh
高尔夫GTI,高尔夫gti,59,2024-09-03 20:26:00,2026-06-27 20:34:00,61,52,2024-09-03 20:26:00,2026-05-27 16:33:00,24727.0,True,True,True,reuse_absa_then_refresh
凯威德,凯威德,1,2026-06-08 09:15:00,2026-06-08 09:15:00,1,0,,,25882.0,True,False,True,reuse_reviews_then_refresh
领克10,领克10,93,2026-06-06 12:21:00,2026-07-10 11:08:00,74,0,,,26030.0,True,False,True,reuse_reviews_then_refresh
