series_name,date,actual,pred_fusion
威朗,2026-01-01,503.0,486.5991933892606
威朗,2026-02-01,223.0,428.5798955535015
威朗,2026-03-01,348.0,451.7070320285959
威朗,2026-04-01,153.0,446.8261119601628
威朗,2026-05-01,115.0,433.7082147195965
威朗,2026-06-01,128.0,446.0446747927706
型格,2026-01-01,936.0,1248.2901692994913
型格,2026-02-01,332.0,446.0700036619777
型格,2026-03-01,345.0,484.34174437149767
型格,2026-04-01,134.0,478.43549288867104
型格,2026-05-01,142.0,564.846049901687
型格,2026-06-01,110.0,2038.9609787124846
荣威i5,2026-01-01,5900.0,5451.058293577664
荣威i5,2026-02-01,4163.0,4939.046026770633
荣威i5,2026-03-01,5946.0,6605.138743222373
荣威i5,2026-04-01,6547.0,5666.486875633671
荣威i5,2026-05-01,2416.0,3897.8245007288756
荣威i5,2026-06-01,247.0,3946.4536198355486
奥迪A3,2026-01-01,5770.0,4656.940457111637
奥迪A3,2026-02-01,3952.0,3932.2158228044373
奥迪A3,2026-03-01,7611.0,4960.590243277124
奥迪A3,2026-04-01,5936.0,3888.5353396667397
奥迪A3,2026-05-01,5801.0,3946.6404154344527
奥迪A3,2026-06-01,5284.0,4496.310664937153
领克03,2026-01-01,6402.0,4623.845777914019
领克03,2026-02-01,3250.0,3688.1617643272357
领克03,2026-03-01,4469.0,5053.100680252979
领克03,2026-04-01,3324.0,3098.7867985934645
领克03,2026-05-01,2899.0,2966.6355353272456
领克03,2026-06-01,2816.0,2483.788275471291
高尔夫,2026-01-01,1135.0,1455.4278430189302
高尔夫,2026-02-01,756.0,1072.6203349216576
高尔夫,2026-03-01,1508.0,1458.560394632073
高尔夫,2026-04-01,972.0,1251.2553372382308
高尔夫,2026-05-01,1821.0,1251.1326698209896
高尔夫,2026-06-01,1306.0,2054.418875952897
捷达VA3,2026-01-01,1848.0,1575.1692201700234
捷达VA3,2026-02-01,697.0,1561.5835258555342
捷达VA3,2026-03-01,2729.0,2279.566989517305
捷达VA3,2026-04-01,2660.0,2021.3222627720647
捷达VA3,2026-05-01,3005.0,2341.2654772459314
捷达VA3,2026-06-01,3060.0,2862.771428594112
马自达3 昂克赛拉,2026-01-01,956.0,1076.579020671148
马自达3 昂克赛拉,2026-02-01,666.0,516.160802087465
马自达3 昂克赛拉,2026-03-01,684.0,563.8379360084189
马自达3 昂克赛拉,2026-04-01,423.0,536.4047111057126
马自达3 昂克赛拉,2026-05-01,464.0,511.9282071262828
马自达3 昂克赛拉,2026-06-01,390.0,512.3805496563879
轩逸,2026-01-01,24209.0,20042.091268021668
轩逸,2026-02-01,8998.0,14093.355158739647
轩逸,2026-03-01,28093.0,15129.735087982192
轩逸,2026-04-01,10564.0,13844.99471551468
轩逸,2026-05-01,12936.0,15879.705176369655
轩逸,2026-06-01,10329.0,14430.838173412627
朗逸,2026-01-01,23481.0,18481.453523751297
朗逸,2026-02-01,16111.0,13316.047267991009
朗逸,2026-03-01,19939.0,15270.916519150403
朗逸,2026-04-01,12457.0,10871.097579543966
朗逸,2026-05-01,13033.0,13098.992844844899
朗逸,2026-06-01,15444.0,14064.920157196531
速腾,2026-01-01,25316.0,20289.832589435733
速腾,2026-02-01,13803.0,14654.00790531625
速腾,2026-03-01,16891.0,15372.214446003227
速腾,2026-04-01,9806.0,13070.466456295615
速腾,2026-05-01,9554.0,14331.33471595533
速腾,2026-06-01,9221.0,14161.744257824314
逸动,2026-01-01,13895.0,9859.829475479535
逸动,2026-02-01,11118.0,9297.672091733122
逸动,2026-03-01,11212.0,11648.048409301227
逸动,2026-04-01,7193.0,9461.634017366334
逸动,2026-05-01,7304.0,9908.278682456665
逸动,2026-06-01,7912.0,10593.934153393997
卡罗拉,2026-01-01,6043.0,4985.023648551238
卡罗拉,2026-02-01,5004.0,2334.472664370105
卡罗拉,2026-03-01,8216.0,4101.737673741438
卡罗拉,2026-04-01,3670.0,2088.1827828362725
卡罗拉,2026-05-01,3268.0,3183.7735507842945
卡罗拉,2026-06-01,5227.0,3343.835263015407
星瑞,2026-01-01,19011.0,12437.21249741927
星瑞,2026-02-01,12409.0,9134.906328879355
星瑞,2026-03-01,10919.0,9342.308680363401
星瑞,2026-04-01,7427.0,7620.5898712579765
星瑞,2026-05-01,7730.0,6725.973563782518
星瑞,2026-06-01,8161.0,7158.982969378004
新帝豪,2026-01-01,16805.0,6443.834938270713
新帝豪,2026-02-01,10505.0,6101.421567371299
新帝豪,2026-03-01,9278.0,6060.003190366826
新帝豪,2026-04-01,6055.0,5446.019184861675
新帝豪,2026-05-01,6750.0,5435.130443210037
新帝豪,2026-06-01,7143.0,5529.027711507031
凯美瑞,2026-01-01,17426.0,14407.525828645958
凯美瑞,2026-02-01,11172.0,10283.216764436878
凯美瑞,2026-03-01,17069.0,10585.777305030138
凯美瑞,2026-04-01,10963.0,10475.31068191948
凯美瑞,2026-05-01,12237.0,11209.458631386755
凯美瑞,2026-06-01,17114.0,14391.69020203225
帕萨特,2026-01-01,20799.0,17176.307744416114
帕萨特,2026-02-01,13988.0,12587.904430923296
帕萨特,2026-03-01,16067.0,13647.16208384584
帕萨特,2026-04-01,8129.0,12149.497714497676
帕萨特,2026-05-01,10727.0,12290.500937810928
帕萨特,2026-06-01,10330.0,13137.21830045096
迈腾,2026-01-01,19306.0,14642.293961102421
迈腾,2026-02-01,11232.0,11542.229446392395
迈腾,2026-03-01,13048.0,12297.938385998894
迈腾,2026-04-01,8124.0,11171.006102268435
迈腾,2026-05-01,12170.0,12081.987350975978
迈腾,2026-06-01,12896.0,14423.361139452954
雅阁,2026-01-01,13825.0,12039.61579012714
雅阁,2026-02-01,4630.0,8257.487622251667
雅阁,2026-03-01,6757.0,15376.215878767554
雅阁,2026-04-01,2593.0,7088.561933591672
雅阁,2026-05-01,4677.0,7550.564975461
雅阁,2026-06-01,7919.0,8492.105701954268
宝马3系,2026-01-01,14626.0,11041.719831140184
宝马3系,2026-02-01,9459.0,8402.123551934319
宝马3系,2026-03-01,11953.0,9981.147853745191
宝马3系,2026-04-01,9107.0,9171.012896280674
宝马3系,2026-05-01,9754.0,10376.482781594077
宝马3系,2026-06-01,10549.0,10922.363153126928
奔驰C级,2026-01-01,7362.0,7171.426021688009
奔驰C级,2026-02-01,2827.0,6807.384644622529
奔驰C级,2026-03-01,8000.0,8987.974101422005
奔驰C级,2026-04-01,9950.0,6342.846536983076
奔驰C级,2026-05-01,6839.0,6789.986611835673
奔驰C级,2026-06-01,6015.0,7648.411708631349
长安CS75 PLUS,2026-01-01,14440.0,12218.15466574029
长安CS75 PLUS,2026-02-01,14219.0,7266.650778056385
长安CS75 PLUS,2026-03-01,13802.0,8794.13832938949
长安CS75 PLUS,2026-04-01,8716.0,7588.1740340566885
长安CS75 PLUS,2026-05-01,10103.0,7577.138966104978
长安CS75 PLUS,2026-06-01,11682.0,5939.020340028216
星越L,2026-01-01,23760.0,15142.79843502041
星越L,2026-02-01,10134.0,12795.559442294816
星越L,2026-03-01,12871.0,12320.145379241352
星越L,2026-04-01,9046.0,10648.127861665767
星越L,2026-05-01,9528.0,10903.54466875439
星越L,2026-06-01,11915.0,12175.838458033937
锋兰达,2026-01-01,18629.0,14474.030663659396
锋兰达,2026-02-01,12043.0,11348.965833930124
锋兰达,2026-03-01,15470.0,12641.413288834015
锋兰达,2026-04-01,10876.0,11059.344550971673
锋兰达,2026-05-01,10725.0,11813.812587339551
锋兰达,2026-06-01,10882.0,11276.430429970766
卡罗拉锐放,2026-01-01,20188.0,13939.58557463771
卡罗拉锐放,2026-02-01,7395.0,11365.614537317157
卡罗拉锐放,2026-03-01,13555.0,13051.988941292135
卡罗拉锐放,2026-04-01,9184.0,11224.25477181422
卡罗拉锐放,2026-05-01,6783.0,11492.342655355073
卡罗拉锐放,2026-06-01,10688.0,12565.502962437358
威兰达,2026-01-01,4719.0,6435.4827686511335
威兰达,2026-02-01,4886.0,4933.146541793873
威兰达,2026-03-01,9247.0,5048.431087941118
威兰达,2026-04-01,5528.0,5043.037531361519
威兰达,2026-05-01,8056.0,5377.095937878786
威兰达,2026-06-01,11037.0,5808.822784773643
T-ROC探歌,2026-01-01,2183.0,2906.447074351034
T-ROC探歌,2026-02-01,1540.0,1585.1399640564823
T-ROC探歌,2026-03-01,2031.0,2519.44192805073
T-ROC探歌,2026-04-01,1532.0,1696.0004922290325
T-ROC探歌,2026-05-01,3344.0,2027.9579999918785
T-ROC探歌,2026-06-01,3111.0,2659.5088059786567
瑞虎7,2026-01-01,2982.0,3975.773873271505
瑞虎7,2026-02-01,2890.0,1913.778047888838
瑞虎7,2026-03-01,1685.0,2551.603112282839
瑞虎7,2026-04-01,1521.0,1843.54772223579
瑞虎7,2026-05-01,2293.0,2480.0664200009196
瑞虎7,2026-06-01,1994.0,2647.4122885169036
奔驰GLB,2026-01-01,174.0,2509.440286428183
奔驰GLB,2026-02-01,97.0,1579.2085965381425
奔驰GLB,2026-03-01,2301.0,2845.479348623402
奔驰GLB,2026-04-01,1700.0,1396.5618922820322
奔驰GLB,2026-05-01,1012.0,1908.9205631160462
奔驰GLB,2026-06-01,800.0,2141.3352876483978
奥迪Q3,2026-01-01,2426.0,1610.5601373458692
奥迪Q3,2026-02-01,1651.0,1404.9687992929375
奥迪Q3,2026-03-01,2927.0,1953.1007458748418
奥迪Q3,2026-04-01,2192.0,1387.1064551029153
奥迪Q3,2026-05-01,2977.0,1752.297188523632
奥迪Q3,2026-06-01,2877.0,2338.6257665853354
凯迪拉克CT5,2026-01-01,3673.0,2874.2946720004556
凯迪拉克CT5,2026-02-01,1857.0,1348.740538629063
凯迪拉克CT5,2026-03-01,3819.0,2518.578442412858
凯迪拉克CT5,2026-04-01,2195.0,2488.392987780781
凯迪拉克CT5,2026-05-01,1970.0,2113.6999231185405
凯迪拉克CT5,2026-06-01,1852.0,2069.3383361909764
蒙迪欧,2026-01-01,3453.0,3133.211888031349
蒙迪欧,2026-02-01,2375.0,2321.7791454554535
蒙迪欧,2026-03-01,2261.0,2176.754171184417
蒙迪欧,2026-04-01,1355.0,1781.6830947035478
蒙迪欧,2026-05-01,1445.0,1788.9463877881612
蒙迪欧,2026-06-01,1803.0,2286.1039240325426
君威,2026-01-01,4104.0,2825.5317188068593
君威,2026-02-01,1959.0,1428.496771211195
君威,2026-03-01,3652.0,2210.1396299825547
君威,2026-04-01,1532.0,1671.2156469512697
君威,2026-05-01,1537.0,1631.784157041437
君威,2026-06-01,1435.0,2343.7798510920893
英仕派,2026-01-01,4960.0,3447.04665611931
英仕派,2026-02-01,2796.0,2418.139034532398
英仕派,2026-03-01,2026.0,3191.4993695640405
英仕派,2026-04-01,1729.0,2640.5338811361125
英仕派,2026-05-01,2086.0,2795.458547373686
英仕派,2026-06-01,2481.0,3232.0775046249214
途观L,2026-01-01,21330.0,14854.679935125814
途观L,2026-02-01,12477.0,10861.976701832302
途观L,2026-03-01,14581.0,11817.672340219047
途观L,2026-04-01,9109.0,10498.935007727738
途观L,2026-05-01,12503.0,10632.533664386978
途观L,2026-06-01,12806.0,12044.466545833631
瑞虎8,2026-01-01,15705.0,14205.153403093116
瑞虎8,2026-02-01,13488.0,10176.012384207643
瑞虎8,2026-03-01,9334.0,11169.867994733688
瑞虎8,2026-04-01,5859.0,10391.687919514443
瑞虎8,2026-05-01,7099.0,11177.569652912307
瑞虎8,2026-06-01,9835.0,11893.070565038497
探岳,2026-01-01,16732.0,12986.269141913237
探岳,2026-02-01,11084.0,10337.794706137556
探岳,2026-03-01,15897.0,12654.632275542483
探岳,2026-04-01,6667.0,10993.357064469015
探岳,2026-05-01,11425.0,11754.609562304555
探岳,2026-06-01,11664.0,12936.52032477827
奔驰GLC,2026-01-01,7145.0,10049.92817355521
奔驰GLC,2026-02-01,6430.0,8178.180575873057
奔驰GLC,2026-03-01,14550.0,8777.654931647216
奔驰GLC,2026-04-01,8200.0,8316.217311355553
奔驰GLC,2026-05-01,7865.0,7581.462635096937
奔驰GLC,2026-06-01,8347.0,8159.082509732785
探界者,2026-01-01,0.0,8.013886765659008
探界者,2026-02-01,13.0,7.33979637657837
探界者,2026-03-01,6.0,7.355141954188885
探界者,2026-04-01,2.0,10.23627203342546
探界者,2026-05-01,0.0,9.339681213537656
探界者,2026-06-01,1.0,11.875814976410664
福瑞迪,2026-01-01,958.0,598.1147549271675
福瑞迪,2026-02-01,271.0,102.62298485344581
福瑞迪,2026-03-01,1124.0,369.93125104267614
福瑞迪,2026-04-01,134.0,323.433730343605
福瑞迪,2026-05-01,858.0,317.45287308380836
福瑞迪,2026-06-01,408.0,372.3812402428665
标致408,2026-01-01,1494.0,424.9549631581897
标致408,2026-02-01,685.0,189.55507849166426
标致408,2026-03-01,478.0,535.8483883778199
标致408,2026-04-01,453.0,475.27500285502765
标致408,2026-05-01,822.0,419.22032133108667
标致408,2026-06-01,527.0,471.00553574875494
骐达,2026-01-01,102.0,58.66751002900692
骐达,2026-02-01,50.0,53.779778987898275
骐达,2026-03-01,141.0,63.86005468014565
骐达,2026-04-01,80.0,182.7555394659675
骐达,2026-05-01,31.0,85.21615308064014
骐达,2026-06-01,91.0,99.61343824289288
起亚K3,2026-01-01,994.0,530.122792152872
起亚K3,2026-02-01,736.0,515.4193790456113
起亚K3,2026-03-01,563.0,441.60399230233577
起亚K3,2026-04-01,1137.0,464.58833723509804
起亚K3,2026-05-01,980.0,466.6857743364053
起亚K3,2026-06-01,1326.0,721.5887459400317
威然,2026-01-01,432.0,706.2704053719483
威然,2026-02-01,225.0,556.5753369353062
威然,2026-03-01,641.0,980.0385672796677
威然,2026-04-01,193.0,640.4663613055876
威然,2026-05-01,251.0,648.1804009231328
威然,2026-06-01,160.0,742.2295498495986
库斯途,2026-01-01,2112.0,986.043075750913
库斯途,2026-02-01,1050.0,692.8245068934407
库斯途,2026-03-01,1722.0,1101.0467026371757
库斯途,2026-04-01,1187.0,1104.1000151370836
库斯途,2026-05-01,1089.0,1034.67518031205
库斯途,2026-06-01,1141.0,1207.257660798324
威霆,2026-01-01,347.0,571.7886793507789
威霆,2026-02-01,161.0,561.8137573249285
威霆,2026-03-01,349.0,780.3516112546267
威霆,2026-04-01,381.0,735.758172787419
威霆,2026-05-01,320.0,655.5209003121447
威霆,2026-06-01,310.0,768.0178664397181
奔驰V级,2026-01-01,374.0,617.4905979468592
奔驰V级,2026-02-01,178.0,432.7208155561921
奔驰V级,2026-03-01,307.0,733.4483724404307
奔驰V级,2026-04-01,322.0,622.1141734020521
奔驰V级,2026-05-01,254.0,568.81235775879
奔驰V级,2026-06-01,250.0,670.5301042978143
凡尔赛C5 X,2026-01-01,1195.0,829.886943776477
凡尔赛C5 X,2026-02-01,943.0,761.1501506557856
凡尔赛C5 X,2026-03-01,1821.0,793.195235281016
凡尔赛C5 X,2026-04-01,1115.0,767.6439140626273
凡尔赛C5 X,2026-05-01,595.0,818.9729400894827
凡尔赛C5 X,2026-06-01,731.0,624.487740347635
MG7,2026-01-01,1221.0,1059.383082606236
MG7,2026-02-01,775.0,466.28842123980087
MG7,2026-03-01,1012.0,550.3371318663009
MG7,2026-04-01,553.0,399.9693298886781
MG7,2026-05-01,456.0,480.20217172077224
MG7,2026-06-01,428.0,488.537386852619
林肯Z,2026-01-01,1308.0,1029.2187676808649
林肯Z,2026-02-01,713.0,760.9145954475009
林肯Z,2026-03-01,1280.0,972.7242816094574
林肯Z,2026-04-01,732.0,877.548564546229
林肯Z,2026-05-01,737.0,885.6484705859731
林肯Z,2026-06-01,713.0,969.5424600546686
迈锐宝XL,2026-01-01,7.0,105.00391662515355
迈锐宝XL,2026-02-01,356.0,102.17161790032874
迈锐宝XL,2026-03-01,1888.0,147.04591913474374
迈锐宝XL,2026-04-01,7.0,119.23274312769045
迈锐宝XL,2026-05-01,2.0,130.01337469988246
迈锐宝XL,2026-06-01,2.0,144.34527813769833
凌尚,2026-01-01,34.0,49.861179803489804
凌尚,2026-02-01,10.0,53.988678927015016
凌尚,2026-03-01,6.0,55.93036619299367
凌尚,2026-04-01,4.0,58.03324948999965
凌尚,2026-05-01,0.0,58.74575040013291
凌尚,2026-06-01,5.0,59.29338331585343
秦新能源,2026-01-01,58.0,655.355982206123
秦新能源,2026-02-01,28.0,783.1813481489402
秦新能源,2026-03-01,85.0,638.3599135108689
秦新能源,2026-04-01,149.0,685.2336852524431
秦新能源,2026-05-01,59.0,558.2330655499238
秦新能源,2026-06-01,23.0,563.7660685036359
小鹏P5,2026-01-01,0.0,0.9290889520169527
小鹏P5,2026-02-01,0.0,1.4650347744032224
小鹏P5,2026-03-01,0.0,1.6592642205063304
小鹏P5,2026-04-01,0.0,1.4854387582164454
小鹏P5,2026-05-01,0.0,1.4174038369884145
小鹏P5,2026-06-01,0.0,1.4156113271869584
荣威i6 MAX新能源,2026-01-01,0.0,118.62849964730486
荣威i6 MAX新能源,2026-02-01,0.0,98.16532066788278
荣威i6 MAX新能源,2026-03-01,0.0,243.74724541624173
荣威i6 MAX新能源,2026-04-01,17.0,141.57345615300957
荣威i6 MAX新能源,2026-05-01,9.0,133.6640379877195
荣威i6 MAX新能源,2026-06-01,5.0,346.8582111431174
大通G10,2026-01-01,203.0,197.74887044382257
大通G10,2026-02-01,126.0,170.56668554688054
大通G10,2026-03-01,202.0,333.85163190903495
大通G10,2026-04-01,167.0,260.50205678022616
大通G10,2026-05-01,139.0,224.52257608326178
大通G10,2026-06-01,143.0,324.8776174049195
长安UNI-T,2026-01-01,31.0,29.102283566138777
长安UNI-T,2026-02-01,36.0,41.986661098321534
长安UNI-T,2026-03-01,22.0,51.62347833423887
长安UNI-T,2026-04-01,8.0,62.89768411395957
长安UNI-T,2026-05-01,3.0,71.35744513104797
长安UNI-T,2026-06-01,2.0,93.16050232197298
锐际,2026-01-01,322.0,147.26368056483486
锐际,2026-02-01,203.0,117.63299559600765
锐际,2026-03-01,265.0,453.0596147926013
锐际,2026-04-01,152.0,157.27014663144342
锐际,2026-05-01,154.0,152.72728205559463
锐际,2026-06-01,129.0,229.0630610140105
赛图斯,2026-01-01,1138.0,1742.6794616806128
赛图斯,2026-02-01,695.0,1436.262337518422
赛图斯,2026-03-01,1234.0,1546.1114129632074
赛图斯,2026-04-01,1717.0,1575.890316341009
赛图斯,2026-05-01,1926.0,1553.0225496520702
赛图斯,2026-06-01,2067.0,1659.628664756783
冠道,2026-01-01,392.0,271.3455742770065
冠道,2026-02-01,193.0,224.06279025409285
冠道,2026-03-01,349.0,258.21006245193456
冠道,2026-04-01,346.0,239.9720300522282
冠道,2026-05-01,313.0,232.11426326858083
冠道,2026-06-01,339.0,218.3865039468277
凌放HARRIER,2026-01-01,11.0,12.51023698244257
凌放HARRIER,2026-02-01,4.0,15.899245779708462
凌放HARRIER,2026-03-01,6.0,23.195164903767278
凌放HARRIER,2026-04-01,0.0,28.358749371354662
凌放HARRIER,2026-05-01,0.0,31.04138058488307
凌放HARRIER,2026-06-01,5.0,37.23368840352129
威飒,2026-01-01,32.0,44.21704688778765
威飒,2026-02-01,3.0,43.82557855511005
威飒,2026-03-01,12.0,315.86533994337833
威飒,2026-04-01,7.0,57.6462977174517
威飒,2026-05-01,2.0,121.93186554975559
威飒,2026-06-01,3.0,176.01647434841854
智跑,2026-01-01,59.0,274.43652765007914
智跑,2026-02-01,29.0,41.77435567286703
智跑,2026-03-01,55.0,59.95550651430054
智跑,2026-04-01,18.0,59.89271729537809
智跑,2026-05-01,31.0,54.389749466528265
智跑,2026-06-01,31.0,57.82346430509751
瑞虎3x,2026-01-01,950.0,621.1510245023054
瑞虎3x,2026-02-01,811.0,1625.6267261137646
瑞虎3x,2026-03-01,850.0,1688.1738503556285
瑞虎3x,2026-04-01,560.0,1093.0716812830585
瑞虎3x,2026-05-01,719.0,1131.693385568715
瑞虎3x,2026-06-01,639.0,1094.466860973116
五菱星驰,2026-01-01,822.0,1270.5677824597738
五菱星驰,2026-02-01,422.0,901.0208987373726
五菱星驰,2026-03-01,5.0,596.2172676874155
五菱星驰,2026-04-01,90.0,223.57852841219554
五菱星驰,2026-05-01,35.0,442.63806570448196
五菱星驰,2026-06-01,4.0,435.4460539002847
吉利ICON,2026-01-01,1228.0,1295.3653865005926
吉利ICON,2026-02-01,369.0,735.0456095709056
吉利ICON,2026-03-01,929.0,878.8930472721509
吉利ICON,2026-04-01,515.0,553.6523458636552
吉利ICON,2026-05-01,635.0,523.1744057166395
吉利ICON,2026-06-01,687.0,623.7062492745766
大众ID.3,2026-01-01,452.0,3068.792397211424
大众ID.3,2026-02-01,306.0,2238.636500657143
大众ID.3,2026-03-01,945.0,2622.507486982491
大众ID.3,2026-04-01,762.0,2395.569498299826
大众ID.3,2026-05-01,759.0,2369.465063291818
大众ID.3,2026-06-01,680.0,2493.9060441137763
MG4,2026-01-01,10007.0,6992.548889676593
MG4,2026-02-01,4086.0,5805.780110222984
MG4,2026-03-01,14007.0,5848.455101716952
MG4,2026-04-01,13189.0,5712.4150506635815
MG4,2026-05-01,15067.0,5604.391298359197
MG4,2026-06-01,14397.0,5227.161135070883
宝马iX1,2026-01-01,744.0,1139.3882203007697
宝马iX1,2026-02-01,428.0,1150.5878240424836
宝马iX1,2026-03-01,904.0,708.5035917103248
宝马iX1,2026-04-01,948.0,858.1471199571683
宝马iX1,2026-05-01,878.0,1232.1876846791483
宝马iX1,2026-06-01,736.0,1304.9216503572256
秦PLUS,2026-01-01,6983.0,22829.432518292524
秦PLUS,2026-02-01,6098.0,21837.762181576807
秦PLUS,2026-03-01,15363.0,26296.269912704167
秦PLUS,2026-04-01,13228.0,19392.922218704956
秦PLUS,2026-05-01,12971.0,24259.83123915192
秦PLUS,2026-06-01,13726.0,22827.329671573178
AION S,2026-01-01,3148.0,1874.326637820336
AION S,2026-02-01,788.0,2908.304866913183
AION S,2026-03-01,4193.0,6208.1958666752535
AION S,2026-04-01,3665.0,2146.799782834808
AION S,2026-05-01,963.0,3896.545621853177
AION S,2026-06-01,466.0,2593.6998745930887
红旗E-QM5,2026-01-01,2549.0,5582.091279535076
红旗E-QM5,2026-02-01,2327.0,5458.524980351931
红旗E-QM5,2026-03-01,1813.0,4228.007351282883
红旗E-QM5,2026-04-01,2166.0,3977.1462272235535
红旗E-QM5,2026-05-01,5293.0,4046.190379354126
红旗E-QM5,2026-06-01,2277.0,4897.512368235462
宝马i3,2026-01-01,1038.0,1956.440084135524
宝马i3,2026-02-01,577.0,1483.990501493614
宝马i3,2026-03-01,1235.0,1948.7155684504091
宝马i3,2026-04-01,1276.0,1299.7026683162994
宝马i3,2026-05-01,1180.0,1703.54401547813
宝马i3,2026-06-01,1039.0,1977.4263421895562
奥迪A7L,2026-01-01,830.0,1155.7491359188587
奥迪A7L,2026-02-01,350.0,905.6786253523807
奥迪A7L,2026-03-01,350.0,1304.190794434715
奥迪A7L,2026-04-01,300.0,1235.2131934574318
奥迪A7L,2026-05-01,245.0,1364.3203815928703
奥迪A7L,2026-06-01,250.0,1190.9077715688143
红旗H9,2026-01-01,494.0,458.28783407361834
红旗H9,2026-02-01,371.0,415.93055873777524
红旗H9,2026-03-01,507.0,640.3465401955592
红旗H9,2026-04-01,431.0,498.4467711200474
红旗H9,2026-05-01,365.0,567.2495625302115
红旗H9,2026-06-01,488.0,701.1167898236913
本田XR-V,2026-01-01,298.0,117.15489964004327
本田XR-V,2026-02-01,200.0,115.59353383634222
本田XR-V,2026-03-01,594.0,290.32415153658854
本田XR-V,2026-04-01,451.0,124.62651859884578
本田XR-V,2026-05-01,236.0,128.45182823377627
本田XR-V,2026-06-01,34.0,332.8574641956984
缤智,2026-01-01,510.0,301.19427360329206
缤智,2026-02-01,552.0,287.72881802762873
缤智,2026-03-01,934.0,290.49008029473435
缤智,2026-04-01,369.0,638.3779886798432
缤智,2026-05-01,314.0,253.0819239482447
缤智,2026-06-01,396.0,259.3284350049989
风光330,2026-01-01,11.0,4.966691239005311
风光330,2026-02-01,9.0,4.592394021085624
风光330,2026-03-01,14.0,4.443229541673664
风光330,2026-04-01,3.0,5.195454445002255
风光330,2026-05-01,12.0,4.90762197191965
风光330,2026-06-01,9.0,4.90762197191965
标致508,2026-01-01,136.0,99.6975185262665
标致508,2026-02-01,108.0,103.4999382344599
标致508,2026-03-01,219.0,512.9961383409187
标致508,2026-04-01,78.0,219.67551616454037
标致508,2026-05-01,100.0,204.02813368577685
标致508,2026-06-01,78.0,182.72274916020854
奥迪A6L,2026-01-01,15660.0,13459.287731274735
奥迪A6L,2026-02-01,7749.0,10322.854891373927
奥迪A6L,2026-03-01,10591.0,12266.78987531692
奥迪A6L,2026-04-01,9449.0,10101.935934894156
奥迪A6L,2026-05-01,8709.0,10370.290173898342
奥迪A6L,2026-06-01,7095.0,11292.8797956126
奔驰E级,2026-01-01,12119.0,15255.37549105246
奔驰E级,2026-02-01,8583.0,7972.335985363836
奔驰E级,2026-03-01,14545.0,11848.685362314436
奔驰E级,2026-04-01,7450.0,7946.143648444035
奔驰E级,2026-05-01,8928.0,8682.51317903243
奔驰E级,2026-06-01,9600.0,8885.172575199875
奥迪Q5 e-tron,2026-01-01,0.0,140.87497821704414
奥迪Q5 e-tron,2026-02-01,0.0,161.8088199858733
奥迪Q5 e-tron,2026-03-01,0.0,326.50210072110457
奥迪Q5 e-tron,2026-04-01,0.0,268.004671182215
奥迪Q5 e-tron,2026-05-01,0.0,326.0605410399472
奥迪Q5 e-tron,2026-06-01,0.0,295.2768803813219
起亚KX3傲跑,2026-01-01,0.0,0.5269748048287449
起亚KX3傲跑,2026-02-01,0.0,0.49295935549541237
起亚KX3傲跑,2026-03-01,0.0,0.49811857273163934
起亚KX3傲跑,2026-04-01,0.0,0.49811857273163934
起亚KX3傲跑,2026-05-01,0.0,0.503189470045956
起亚KX3傲跑,2026-06-01,0.0,0.4024687677296377
凯迪拉克XT5,2026-01-01,4786.0,1949.5560531690137
凯迪拉克XT5,2026-02-01,2440.0,2498.6602762784955
凯迪拉克XT5,2026-03-01,4424.0,2218.7219052935066
凯迪拉克XT5,2026-04-01,3429.0,2179.846212268738
凯迪拉克XT5,2026-05-01,3339.0,1796.1957835475012
凯迪拉克XT5,2026-06-01,3265.0,2085.9437134209984
瑞虎9,2026-01-01,5857.0,4284.081301052188
瑞虎9,2026-02-01,4592.0,2503.253337972879
瑞虎9,2026-03-01,3377.0,3039.747505654176
瑞虎9,2026-04-01,3011.0,2977.6179110547837
瑞虎9,2026-05-01,3580.0,1585.3439488967865
瑞虎9,2026-06-01,3852.0,2174.0637300878147
QQ冰淇淋,2026-01-01,376.0,647.1941605945474
QQ冰淇淋,2026-02-01,334.0,537.9751371290337
QQ冰淇淋,2026-03-01,906.0,549.3157983569655
QQ冰淇淋,2026-04-01,1958.0,567.6735427178871
QQ冰淇淋,2026-05-01,545.0,1128.265600080569
QQ冰淇淋,2026-06-01,830.0,890.3091042077315
零跑T03,2026-01-01,322.0,1925.2902741365128
零跑T03,2026-02-01,1763.0,1196.080542179721
零跑T03,2026-03-01,438.0,2348.8924124424984
零跑T03,2026-04-01,270.0,2270.392328300671
零跑T03,2026-05-01,979.0,1953.063384223521
零跑T03,2026-06-01,1.0,2237.2982930436715
宋PLUS新能源,2026-01-01,391.0,6834.657117932464
宋PLUS新能源,2026-02-01,229.0,4862.87621457262
宋PLUS新能源,2026-03-01,327.0,7383.075805060347
宋PLUS新能源,2026-04-01,378.0,4656.728221929287
宋PLUS新能源,2026-05-01,133.0,3844.561001235806
宋PLUS新能源,2026-06-01,40.0,6640.391997136915
RAV4荣放,2026-01-01,11316.0,11333.093129051334
RAV4荣放,2026-02-01,7789.0,9049.105638854911
RAV4荣放,2026-03-01,14662.0,11285.333015802738
RAV4荣放,2026-04-01,11452.0,9323.760085107984
RAV4荣放,2026-05-01,9857.0,10419.074288021915
RAV4荣放,2026-06-01,13798.0,12097.784404363012
飞凡F7,2026-01-01,233.0,102.02217395875876
飞凡F7,2026-02-01,0.0,114.30801242599968
飞凡F7,2026-03-01,53.0,152.7068852700491
飞凡F7,2026-04-01,262.0,153.66298685077524
飞凡F7,2026-05-01,224.0,153.66298685077524
飞凡F7,2026-06-01,190.0,164.08682823896513
大通G50,2026-01-01,344.0,256.7282487400179
大通G50,2026-02-01,238.0,248.35449052115473
大通G50,2026-03-01,275.0,338.42754491767755
大通G50,2026-04-01,190.0,185.70685569427528
大通G50,2026-05-01,130.0,296.68501739964455
大通G50,2026-06-01,348.0,394.48203477556
奥迪Q5L,2026-01-01,14190.0,10163.28212684919
奥迪Q5L,2026-02-01,7745.0,7970.590591706668
奥迪Q5L,2026-03-01,9698.0,9228.00947563175
奥迪Q5L,2026-04-01,7358.0,8072.589671160669
奥迪Q5L,2026-05-01,6272.0,9148.613246817524
奥迪Q5L,2026-06-01,6100.0,10037.7778295268
凌宝BOX,2026-01-01,180.0,152.27416267714725
凌宝BOX,2026-02-01,124.0,161.7716214502641
凌宝BOX,2026-03-01,135.0,216.80437099965053
凌宝BOX,2026-04-01,372.0,188.98073463933696
凌宝BOX,2026-05-01,381.0,198.18871804062408
凌宝BOX,2026-06-01,342.0,209.1253515996943
途昂,2026-01-01,2564.0,2922.546029001332
途昂,2026-02-01,1337.0,1747.6635517423013
途昂,2026-03-01,2285.0,2414.339844768315
途昂,2026-04-01,2215.0,2005.7526560517667
途昂,2026-05-01,1230.0,1975.4115271684755
途昂,2026-06-01,1907.0,2310.170478382026
瑞风E3,2026-01-01,96.0,182.96941234441152
瑞风E3,2026-02-01,50.0,171.73132876961353
瑞风E3,2026-03-01,125.0,210.03780330219087
瑞风E3,2026-04-01,178.0,187.96381730656128
瑞风E3,2026-05-01,248.0,192.3591824564066
瑞风E3,2026-06-01,269.0,178.25682738187567
魏牌 高山,2026-01-01,6707.0,6302.430549138498
魏牌 高山,2026-02-01,4369.0,5604.4441967687235
魏牌 高山,2026-03-01,6447.0,3244.8150226211815
魏牌 高山,2026-04-01,6122.0,5498.794464454796
魏牌 高山,2026-05-01,5662.0,5796.631745349576
魏牌 高山,2026-06-01,4920.0,6214.191940293742
极氪009,2026-01-01,576.0,854.2345504647891
极氪009,2026-02-01,927.0,1017.6026683325294
极氪009,2026-03-01,721.0,1696.4083358262853
极氪009,2026-04-01,483.0,964.2895824913238
极氪009,2026-05-01,1536.0,900.2373858904687
极氪009,2026-06-01,2843.0,1021.7352705156352
欧拉闪电猫,2026-01-01,0.0,14.982091352807439
欧拉闪电猫,2026-02-01,0.0,18.360523768702635
欧拉闪电猫,2026-03-01,0.0,25.201495436601597
欧拉闪电猫,2026-04-01,0.0,34.40045249246958
欧拉闪电猫,2026-05-01,0.0,43.87050477871971
欧拉闪电猫,2026-06-01,0.0,47.79037311652461
本田HR-V,2026-01-01,2123.0,946.2104735347441
本田HR-V,2026-02-01,1908.0,7570.39256800838
本田HR-V,2026-03-01,2480.0,4335.118365415334
本田HR-V,2026-04-01,1676.0,499.6593147926484
本田HR-V,2026-05-01,1686.0,505.6447325414275
本田HR-V,2026-06-01,2282.0,526.0983906120963
海豹07DM-i,2026-01-01,238.0,514.0499154556828
海豹07DM-i,2026-02-01,277.0,320.2882483462894
海豹07DM-i,2026-03-01,432.0,2325.5675894943743
海豹07DM-i,2026-04-01,628.0,392.2208277276873
海豹07DM-i,2026-05-01,615.0,348.54962971436896
海豹07DM-i,2026-06-01,777.0,360.3788258862614
ID.4 CROZZ,2026-01-01,454.0,945.2908802023538
ID.4 CROZZ,2026-02-01,160.0,767.388858764892
ID.4 CROZZ,2026-03-01,542.0,1247.9642586957386
ID.4 CROZZ,2026-04-01,623.0,1031.5841064698166
ID.4 CROZZ,2026-05-01,942.0,1439.2357288333874
ID.4 CROZZ,2026-06-01,684.0,1561.4780267021422
极氪001,2026-01-01,2956.0,3042.1589385848456
极氪001,2026-02-01,3205.0,1718.9958479098443
极氪001,2026-03-01,2854.0,2637.89191908178
极氪001,2026-04-01,2267.0,2248.0884783272268
极氪001,2026-05-01,1876.0,1673.3637030751781
极氪001,2026-06-01,1844.0,2877.1450801963333
大家9,2026-01-01,34.0,130.46454292435382
大家9,2026-02-01,21.0,171.5102112356847
大家9,2026-03-01,152.0,191.7439141837775
大家9,2026-04-01,95.0,152.62387089486606
大家9,2026-05-01,128.0,151.04080753630217
大家9,2026-06-01,221.0,151.2412613357493
揽境,2026-01-01,632.0,612.0729271423478
揽境,2026-02-01,399.0,556.7620509847169
揽境,2026-03-01,412.0,1147.4570068297508
揽境,2026-04-01,516.0,365.88056417099705
揽境,2026-05-01,713.0,555.5766015189943
揽境,2026-06-01,436.0,757.6784537988428
皓影新能源,2026-01-01,71.0,173.87376026375006
皓影新能源,2026-02-01,73.0,151.20748440212375
皓影新能源,2026-03-01,122.0,331.58438433749177
皓影新能源,2026-04-01,51.0,187.49144965513307
皓影新能源,2026-05-01,20.0,158.99286052197294
皓影新能源,2026-06-01,67.0,174.61194075222733
宏光MINIEV,2026-01-01,7133.0,23426.901223794295
宏光MINIEV,2026-02-01,4866.0,18729.254269353318
宏光MINIEV,2026-03-01,16806.0,22141.467930908013
宏光MINIEV,2026-04-01,13229.0,19270.958970894364
宏光MINIEV,2026-05-01,18308.0,19758.16029043764
宏光MINIEV,2026-06-01,12457.0,15160.431236693947
元PLUS,2026-01-01,2281.0,6150.374966192287
元PLUS,2026-02-01,1854.0,6295.938573059177
元PLUS,2026-03-01,6540.0,9442.97459172537
元PLUS,2026-04-01,5111.0,8849.263347945911
元PLUS,2026-05-01,3820.0,8331.775222519182
元PLUS,2026-06-01,5547.0,5513.126762193233
风光380,2026-01-01,45.0,41.40699222160139
风光380,2026-02-01,32.0,99.88103190992821
风光380,2026-03-01,60.0,124.44590594204121
风光380,2026-04-01,35.0,92.11699643051315
风光380,2026-05-01,44.0,89.41481363944386
风光380,2026-06-01,55.0,107.98601171690416
长安UNI-K 智电iDD,2026-01-01,1.0,6.610917854844967
长安UNI-K 智电iDD,2026-02-01,0.0,7.621545607736347
长安UNI-K 智电iDD,2026-03-01,1.0,6.880300179797936
长安UNI-K 智电iDD,2026-04-01,1.0,8.77277782945396
长安UNI-K 智电iDD,2026-05-01,0.0,9.06081185403235
长安UNI-K 智电iDD,2026-06-01,4.0,8.563826514465742
蔚来ET7,2026-01-01,15.0,55.88949584038043
蔚来ET7,2026-02-01,20.0,89.09906692346422
蔚来ET7,2026-03-01,17.0,147.87840246472123
蔚来ET7,2026-04-01,22.0,111.89517567353607
蔚来ET7,2026-05-01,11.0,122.55458277184817
蔚来ET7,2026-06-01,11.0,745.1849782081486
Model 3,2026-01-01,0.0,1.623138232024287
Model 3,2026-02-01,0.0,3.025942570678604
Model 3,2026-03-01,0.0,2297.609141314232
Model 3,2026-04-01,0.0,7.224288738682573
Model 3,2026-05-01,0.0,7.529335516129336
Model 3,2026-06-01,0.0,1598.703403119411
传祺M6,2026-01-01,2912.0,1511.7589316530457
传祺M6,2026-02-01,1426.0,1668.6051288770457
传祺M6,2026-03-01,2726.0,2319.2767819255882
传祺M6,2026-04-01,1146.0,1498.913765403976
传祺M6,2026-05-01,1265.0,1667.5834419478595
传祺M6,2026-06-01,2047.0,1227.3038633306771
迈腾PHEV,2026-01-01,0.0,2.232433061487385
迈腾PHEV,2026-02-01,0.0,50.703495718596535
迈腾PHEV,2026-03-01,0.0,4.221854863478817
迈腾PHEV,2026-04-01,0.0,6.740194790866029
迈腾PHEV,2026-05-01,0.0,8.248824673923204
迈腾PHEV,2026-06-01,118.0,7.622744189880754
艾力绅,2026-01-01,423.0,189.35915011323988
艾力绅,2026-02-01,192.0,783.9615198275067
艾力绅,2026-03-01,379.0,652.4937245997108
艾力绅,2026-04-01,229.0,194.33112403388682
艾力绅,2026-05-01,269.0,185.50740956843066
艾力绅,2026-06-01,247.0,212.46011076984828
海豚,2026-01-01,5699.0,9323.421023067931
海豚,2026-02-01,6081.0,8234.8013919192
海豚,2026-03-01,17291.0,11402.56589512877
海豚,2026-04-01,14218.0,4616.63871939124
海豚,2026-05-01,12819.0,10633.047091543469
海豚,2026-06-01,13005.0,8575.301681051247
宝马iX3,2026-01-01,14.0,286.88000531478866
宝马iX3,2026-02-01,18.0,255.50518898711286
宝马iX3,2026-03-01,97.0,620.884091402466
宝马iX3,2026-04-01,16.0,676.327503007182
宝马iX3,2026-05-01,14.0,83.8410773160468
宝马iX3,2026-06-01,8.0,412.44436233956475
传祺GA8,2026-01-01,0.0,0.7800296237705115
传祺GA8,2026-02-01,0.0,1.3140262681758277
传祺GA8,2026-03-01,0.0,5.228370035062247
传祺GA8,2026-04-01,0.0,1.3480167705715689
传祺GA8,2026-05-01,0.0,1.3290156021061157
传祺GA8,2026-06-01,0.0,1.3623845129140135
赛那SIENNA,2026-01-01,9133.0,6930.833195000683
赛那SIENNA,2026-02-01,5086.0,4954.317581073638
赛那SIENNA,2026-03-01,7738.0,6326.772963507743
赛那SIENNA,2026-04-01,6542.0,5750.037391341173
赛那SIENNA,2026-05-01,7479.0,5460.172027295916
赛那SIENNA,2026-06-01,6037.0,6235.365363779958
红旗E-HS9,2026-01-01,0.0,21.774017309679103
红旗E-HS9,2026-02-01,0.0,33.656175996415314
红旗E-HS9,2026-03-01,0.0,17.189158415637074
红旗E-HS9,2026-04-01,0.0,113.00584401669187
红旗E-HS9,2026-05-01,0.0,21.332727460103595
红旗E-HS9,2026-06-01,0.0,28.256126350368735
星途ES,2026-01-01,83.0,2303.8523530508037
星途ES,2026-02-01,14.0,798.4366542811932
星途ES,2026-03-01,147.0,1735.5805194222455
星途ES,2026-04-01,31.0,1340.1733774004438
星途ES,2026-05-01,259.0,1214.437570380342
星途ES,2026-06-01,280.0,1241.613849712663
小虎FEV,2026-01-01,0.0,0.7074621933098694
小虎FEV,2026-02-01,0.0,1.0776521643616526
小虎FEV,2026-03-01,0.0,1.054763931334616
小虎FEV,2026-04-01,0.0,1.0766369969012608
小虎FEV,2026-05-01,0.0,1.060294176928369
小虎FEV,2026-06-01,0.0,1.02114357515575
缤越,2026-01-01,8233.0,9139.690889141264
缤越,2026-02-01,6834.0,9224.50813781342
缤越,2026-03-01,12218.0,8191.8260090471495
缤越,2026-04-01,14923.0,7774.5469856872
缤越,2026-05-01,12841.0,7453.251346898863
缤越,2026-06-01,11310.0,7889.920775589404
皇冠陆放,2026-01-01,5894.0,5334.619311466458
皇冠陆放,2026-02-01,1918.0,3905.3803994480622
皇冠陆放,2026-03-01,5027.0,4433.31435978095
皇冠陆放,2026-04-01,2847.0,4107.20892660589
皇冠陆放,2026-05-01,2494.0,3811.821371128428
皇冠陆放,2026-06-01,2807.0,4240.597829614477
欧诺S,2026-01-01,564.0,612.78062953516
欧诺S,2026-02-01,440.0,770.5389069912483
欧诺S,2026-03-01,677.0,656.8466708629987
欧诺S,2026-04-01,576.0,630.7168582591653
欧诺S,2026-05-01,531.0,608.8455825561399
欧诺S,2026-06-01,350.0,629.6541122921599
艾瑞泽8,2026-01-01,12478.0,13308.191536828655
艾瑞泽8,2026-02-01,12130.0,9184.078067772607
艾瑞泽8,2026-03-01,7536.0,8670.53160220388
艾瑞泽8,2026-04-01,5344.0,9939.121136958987
艾瑞泽8,2026-05-01,5775.0,9825.06596594342
艾瑞泽8,2026-06-01,7127.0,9730.913511313413
格瑞维亚,2026-01-01,5068.0,6645.569676507584
格瑞维亚,2026-02-01,1472.0,5133.730521007423
格瑞维亚,2026-03-01,4329.0,6332.550195820776
格瑞维亚,2026-04-01,2559.0,5939.766182631231
格瑞维亚,2026-05-01,2563.0,5797.581823915524
格瑞维亚,2026-06-01,2076.0,5683.2021611432765
五菱佳辰,2026-01-01,657.0,447.8371366340685
五菱佳辰,2026-02-01,285.0,682.0743718687257
五菱佳辰,2026-03-01,240.0,449.86430499371374
五菱佳辰,2026-04-01,203.0,149.27716307063446
五菱佳辰,2026-05-01,115.0,131.38527983926477
五菱佳辰,2026-06-01,139.0,323.91329089081285
别克GL8,2026-01-01,4437.0,2554.049203150358
别克GL8,2026-02-01,1794.0,2446.079009632438
别克GL8,2026-03-01,4491.0,3756.366814933782
别克GL8,2026-04-01,3198.0,3117.8460878342785
别克GL8,2026-05-01,2952.0,3341.16478911055
别克GL8,2026-06-01,2781.0,1620.145371925466
焕驰,2026-01-01,1.0,9.18148943096752
焕驰,2026-02-01,0.0,5.730946847094257
焕驰,2026-03-01,1.0,5.588596163207897
焕驰,2026-04-01,2.0,7.391695604458205
焕驰,2026-05-01,0.0,7.1347072850710225
焕驰,2026-06-01,6.0,30.28489928230405
红旗国耀,2026-01-01,5.0,8.917765697430426
红旗国耀,2026-02-01,3.0,8.495316200647967
红旗国耀,2026-03-01,3.0,8.893497446784535
红旗国耀,2026-04-01,4.0,10.485968617076912
红旗国耀,2026-05-01,3.0,9.014231744509875
红旗国耀,2026-06-01,8.0,8.493679277264425
沃尔沃S90,2026-01-01,2157.0,1720.2564318082866
沃尔沃S90,2026-02-01,504.0,1005.1043992320203
沃尔沃S90,2026-03-01,1775.0,1172.339655039878
沃尔沃S90,2026-04-01,428.0,867.0658930238559
沃尔沃S90,2026-05-01,397.0,1275.2360157578921
沃尔沃S90,2026-06-01,510.0,1269.489472364677
凯迪拉克XT6,2026-01-01,151.0,98.13081414849223
凯迪拉克XT6,2026-02-01,62.0,105.12468040990024
凯迪拉克XT6,2026-03-01,101.0,145.4519437669066
凯迪拉克XT6,2026-04-01,87.0,120.3749992507204
凯迪拉克XT6,2026-05-01,72.0,134.7921392113031
凯迪拉克XT6,2026-06-01,65.0,192.70822845888782
汉,2026-01-01,2147.0,4562.931518487282
汉,2026-02-01,1962.0,3664.780886616074
汉,2026-03-01,3661.0,5383.863917825842
汉,2026-04-01,2834.0,2967.3102922411604
汉,2026-05-01,3390.0,4463.728704716776
汉,2026-06-01,3285.0,5422.549506885338
Model Y,2026-01-01,0.0,1.1778484517041667
Model Y,2026-02-01,0.0,2.054076924817441
Model Y,2026-03-01,0.0,8382.873611819527
Model Y,2026-04-01,0.0,3.9302857837439484
Model Y,2026-05-01,0.0,5.220432151659272
Model Y,2026-06-01,0.0,4402.323691239362
e爱丽舍,2026-01-01,460.0,693.3180593256902
e爱丽舍,2026-02-01,147.0,322.4851262247353
e爱丽舍,2026-03-01,621.0,633.0832461651698
e爱丽舍,2026-04-01,678.0,466.4658195690271
e爱丽舍,2026-05-01,887.0,399.1921226465108
e爱丽舍,2026-06-01,1003.0,424.5687201761943
菱智,2026-01-01,1050.0,263.9069623396315
菱智,2026-02-01,650.0,242.71836960466544
菱智,2026-03-01,899.0,672.0928685562051
菱智,2026-04-01,1252.0,325.86286291150014
菱智,2026-05-01,688.0,364.08921814915243
菱智,2026-06-01,932.0,209.58074732444703
岚图梦想家,2026-01-01,3574.0,6565.6192852334625
岚图梦想家,2026-02-01,3980.0,5773.214111563961
岚图梦想家,2026-03-01,5511.0,5761.060046283908
岚图梦想家,2026-04-01,6995.0,5359.575366257976
岚图梦想家,2026-05-01,4954.0,5225.927730361397
岚图梦想家,2026-06-01,6926.0,5278.317539643505
帕萨特新能源,2026-01-01,42.0,872.2131932071733
帕萨特新能源,2026-02-01,12.0,952.6905164462501
帕萨特新能源,2026-03-01,87.0,992.6318476322616
帕萨特新能源,2026-04-01,189.0,828.0834151431748
帕萨特新能源,2026-05-01,256.0,797.6629467720238
帕萨特新能源,2026-06-01,2914.0,893.8157031715317
传祺M8,2026-01-01,5445.0,3578.5843626292635
传祺M8,2026-02-01,2404.0,2206.229265071176
传祺M8,2026-03-01,5134.0,3448.3638233196243
传祺M8,2026-04-01,4916.0,3328.9759008801484
传祺M8,2026-05-01,5248.0,3309.3578501169377
传祺M8,2026-06-01,6075.0,2431.620823606493
腾势D9,2026-01-01,2904.0,8382.092831397305
腾势D9,2026-02-01,3121.0,5862.5469477851775
腾势D9,2026-03-01,4307.0,8130.9861277730615
腾势D9,2026-04-01,4797.0,7174.469514284019
腾势D9,2026-05-01,6145.0,7058.943562322148
腾势D9,2026-06-01,6952.0,5422.161008813974
蔚来ET5,2026-01-01,447.0,1198.0185091216151
蔚来ET5,2026-02-01,482.0,1331.9403743416146
蔚来ET5,2026-03-01,959.0,1679.96847849705
蔚来ET5,2026-04-01,810.0,793.359539845048
蔚来ET5,2026-05-01,700.0,596.0591141702914
蔚来ET5,2026-06-01,610.0,925.1057108414509
欧拉好猫,2026-01-01,502.0,1075.0926666506055
欧拉好猫,2026-02-01,218.0,1283.2479517996715
欧拉好猫,2026-03-01,784.0,1507.819924148849
欧拉好猫,2026-04-01,1125.0,1390.8104169715953
欧拉好猫,2026-05-01,1112.0,1640.4059305593707
欧拉好猫,2026-06-01,1016.0,2353.404108923756
宝马X5,2026-01-01,7852.0,7268.982159670559
宝马X5,2026-02-01,5283.0,4384.643312548327
宝马X5,2026-03-01,5276.0,4996.546225580341
宝马X5,2026-04-01,4280.0,4307.582185285617
宝马X5,2026-05-01,3813.0,4089.974756188666
宝马X5,2026-06-01,3629.0,4161.257194513378
卡罗拉双擎E+,2026-01-01,0.0,0.7684029394280025
卡罗拉双擎E+,2026-02-01,0.0,1.1560705867565046
卡罗拉双擎E+,2026-03-01,0.0,1.0423683732012856
卡罗拉双擎E+,2026-04-01,0.0,0.898727364542884
卡罗拉双擎E+,2026-05-01,0.0,0.8841267370687541
卡罗拉双擎E+,2026-06-01,0.0,0.882809948077204
深蓝SL03,2026-01-01,564.0,1792.6269706727862
深蓝SL03,2026-02-01,544.0,1179.1747758836573
深蓝SL03,2026-03-01,335.0,1662.8650406257202
深蓝SL03,2026-04-01,120.0,502.20805717011615
深蓝SL03,2026-05-01,7.0,789.3953238211029
深蓝SL03,2026-06-01,5.0,746.6632219409984
沃尔沃S90新能源,2026-01-01,28.0,229.1748700502177
沃尔沃S90新能源,2026-02-01,18.0,314.542694006258
沃尔沃S90新能源,2026-03-01,63.0,276.6609083241492
沃尔沃S90新能源,2026-04-01,15.0,240.36058940302675
沃尔沃S90新能源,2026-05-01,11.0,241.6638927344249
沃尔沃S90新能源,2026-06-01,7.0,218.99208501079187
护卫舰07,2026-01-01,1.0,470.77708813698274
护卫舰07,2026-02-01,0.0,9.755943767617014
护卫舰07,2026-03-01,0.0,722.5325642545603
护卫舰07,2026-04-01,1.0,561.883228398886
护卫舰07,2026-05-01,1.0,557.523243122737
护卫舰07,2026-06-01,3.0,421.2205758364253
ID.6 CROZZ,2026-01-01,0.0,10.094711747561787
ID.6 CROZZ,2026-02-01,0.0,9.297134087976286
ID.6 CROZZ,2026-03-01,0.0,12.014254319224746
ID.6 CROZZ,2026-04-01,0.0,15.788614897612659
ID.6 CROZZ,2026-05-01,0.0,17.40740198852204
ID.6 CROZZ,2026-06-01,1.0,20.94012095427332
铂智4X,2026-01-01,0.0,326.7244424309389
铂智4X,2026-02-01,1.0,87.1344426029773
铂智4X,2026-03-01,41.0,310.93352039624733
铂智4X,2026-04-01,93.0,154.12745144155565
铂智4X,2026-05-01,88.0,160.01760230941954
铂智4X,2026-06-01,110.0,174.52694354656694
奥德赛,2026-01-01,1542.0,601.0286290177859
奥德赛,2026-02-01,696.0,546.8477569075737
奥德赛,2026-03-01,1156.0,689.176962449919
奥德赛,2026-04-01,836.0,663.3445814712265
奥德赛,2026-05-01,834.0,838.823879003294
奥德赛,2026-06-01,814.0,781.1141566483107
