MAE,RMSE,MAPE,WMAPE,version,series_name,test_months,actual_volume
1170.9970092773438,1308.2801175424456,97.91134469896832,53.13455385059414,ALL_SENTIMENT,AION S,6,13223.0
662.9220377604166,721.2650181300476,192.90972264967118,116.81445599302495,ALL_SENTIMENT,ID.4 CROZZ,6,3405.0
44.31162643432617,48.46591923174535,7404.581451416016,26586.975860595703,ALL_SENTIMENT,ID.6 CROZZ,6,1.0
6179.787190755208,7011.221147510977,53.98669880724049,52.405867093312295,ALL_SENTIMENT,MG4,6,70753.0
413.8948974609375,448.55585704229253,55.653078579010554,55.86882755378234,ALL_SENTIMENT,MG7,6,4445.0
31.529125650723774,38.76800590549574,,,ALL_SENTIMENT,Model 3,6,0.0
14.982242425282797,19.203822537788465,,,ALL_SENTIMENT,Model Y,6,0.0
426.64124552408856,553.3317365670448,71.3308550271509,51.72453976852963,ALL_SENTIMENT,QQ冰淇淋,6,4949.0
4741.994222005208,5686.109627231241,37.86144174019368,41.31016832481234,ALL_SENTIMENT,RAV4荣放,6,68874.0
817.3441569010416,1132.2779178178046,29.480461463350238,35.689287107242926,ALL_SENTIMENT,T-ROC探歌,6,13741.0
286.5435028076172,344.003503516002,54.411619960562504,45.291386112900504,ALL_SENTIMENT,e爱丽舍,6,3796.0
138.13112131754556,187.33890292356435,56.62753704085145,50.56660939019362,ALL_SENTIMENT,五菱佳辰,6,1639.0
319.65748596191406,350.644565741418,3211.7195428757286,139.18323046237185,ALL_SENTIMENT,五菱星驰,6,1378.0
3.022619813680649,3.517592101990913,,,ALL_SENTIMENT,传祺GA8,6,0.0
741.59228515625,955.9303788812113,31.735180452333704,38.6178936897891,ALL_SENTIMENT,传祺M6,6,11522.0
2759.3578898111978,3076.536499834881,51.67125795570598,56.656448356947465,ALL_SENTIMENT,传祺M8,6,29222.0
2215.1324462890625,2315.0641695863446,61.08869643910174,52.83979914019948,ALL_SENTIMENT,元PLUS,6,25153.0
89.78445943196614,100.66225346030716,32.69933383925917,27.88337249439942,ALL_SENTIMENT,冠道,6,1932.0
126.83200581868489,165.56263396577307,85.68386317212853,49.60834647406189,ALL_SENTIMENT,凌宝BOX,6,1534.0
54.607800801595054,58.407534477991234,913.4209633621515,555.333567473848,ALL_SENTIMENT,凌尚,6,59.0
21.744462966918945,22.854668973625632,350.0301678252942,501.79529923659106,ALL_SENTIMENT,凌放HARRIER,6,26.0
340.0856119791667,437.3764601091458,29.964560733655983,31.883026123046875,ALL_SENTIMENT,凡尔赛C5 X,6,6400.0
5677.951904296875,6370.807400165415,38.17562251444325,39.62237171675283,ALL_SENTIMENT,凯美瑞,6,85981.0
802.8096110026041,1043.0075679923182,26.984530427174402,31.347505310527303,ALL_SENTIMENT,凯迪拉克CT5,6,15366.0
1441.7351888020833,1569.604119436904,38.27604597397657,39.894899842330396,ALL_SENTIMENT,凯迪拉克XT5,6,21683.0
137.0903778076172,145.2233188167522,180.3933831131039,152.8888971832162,ALL_SENTIMENT,凯迪拉克XT6,6,538.0
1326.1954549153645,1446.0293662718768,38.55131035452544,40.48833628195282,ALL_SENTIMENT,别克GL8,6,19653.0
2214.3133138020835,2606.052600273896,39.413797614738435,42.27402279118143,ALL_SENTIMENT,卡罗拉,6,31428.0
1.4132173856099446,1.4910755688809025,,,ALL_SENTIMENT,卡罗拉双擎E+,6,0.0
3351.1143391927085,4120.975551435048,26.328335134859287,29.658941240476523,ALL_SENTIMENT,卡罗拉锐放,6,67793.0
261.6612141927083,293.90610371545165,48.48764914579777,35.983664569247075,ALL_SENTIMENT,吉利ICON,6,4363.0
589.147216796875,933.9566350094358,17.265902364952314,24.860280615945214,ALL_SENTIMENT,君威,6,14219.0
451.4201151529948,483.26842018522944,276.290198852036,135.49378143661676,ALL_SENTIMENT,型格,6,1999.0
701.2138875325521,747.7194498794042,140.15635530706817,107.76852779701107,ALL_SENTIMENT,大众ID.3,6,3904.0
138.4545873006185,147.80252007077036,305.22537373097515,127.60791456278201,ALL_SENTIMENT,大家9,6,651.0
92.84896087646484,96.47706608344978,61.035000417288806,56.84630257742745,ALL_SENTIMENT,大通G10,6,980.0
78.87133026123047,89.25474971379512,37.41841190646553,31.031343053598874,ALL_SENTIMENT,大通G50,6,1525.0
2730.7626953125,3159.882356066009,46.4105489816119,39.96920491760789,ALL_SENTIMENT,奔驰C级,6,40993.0
4179.62451171875,4678.743926922841,39.486526315688934,40.9599788816864,ALL_SENTIMENT,奔驰E级,6,61225.0
913.90576171875,1182.3637283692249,512.0825298048643,90.12877334504438,ALL_SENTIMENT,奔驰GLB,6,6084.0
3351.445556640625,4142.9287297890005,34.50918402303573,38.275259987901386,ALL_SENTIMENT,奔驰GLC,6,52537.0
403.44300333658856,404.6582319657755,154.45670589596912,143.6592296747496,ALL_SENTIMENT,奔驰V级,6,1685.0
195.9471638997396,232.62685781082476,19.674346577225243,20.001411762477673,ALL_SENTIMENT,奥德赛,6,5878.0
2271.6519775390625,2565.6657094805746,37.96161645706026,39.67489045012044,ALL_SENTIMENT,奥迪A3,6,34354.0
1918.7784016927083,2169.9398383812904,18.338804368192836,19.42968357746654,ALL_SENTIMENT,奥迪A6L,6,59253.0
279.21388753255206,285.3755503129676,89.35785578455268,72.0551967825941,ALL_SENTIMENT,奥迪A7L,6,2325.0
923.7745361328125,1094.3169766090834,33.61588031490523,36.82822070961379,ALL_SENTIMENT,奥迪Q3,6,15050.0
193.17543665568033,196.98123346215385,,,ALL_SENTIMENT,奥迪Q5 e-tron,6,0.0
2421.223876953125,2773.188266504487,27.09189174325708,28.283673581603004,ALL_SENTIMENT,奥迪Q5L,6,51363.0
4480.189208984375,5250.879747283374,55.86849070587016,61.83409300923849,ALL_SENTIMENT,威兰达,6,43473.0
407.86253865559894,418.4767365413597,240.98910895102478,166.47450557371386,ALL_SENTIMENT,威朗,6,1470.0
661.0921834309896,674.6156087953004,281.9390301568822,208.54643010441313,ALL_SENTIMENT,威然,6,1902.0
344.5308837890625,348.50801922040006,126.19177887679152,110.66302477164749,ALL_SENTIMENT,威霆,6,1868.0
81.9647445678711,83.72433919339622,2106.19114656297,833.5397752664857,ALL_SENTIMENT,威飒,6,59.0
2767.488077799479,2831.7329804431365,1775.6449783269095,1108.4731953802986,ALL_SENTIMENT,宋PLUS新能源,6,1498.0
7337.445231119792,8148.824559293064,86.87619207539893,60.474280397696056,ALL_SENTIMENT,宏光MINIEV,6,72799.0
4111.389567057292,4322.361031217598,37.53529902186257,37.69150684871004,ALL_SENTIMENT,宝马3系,6,65448.0
1564.0282389322917,1634.951171226086,30.976507143718912,31.14249969665732,ALL_SENTIMENT,宝马X5,6,30133.0
209.59343465169272,245.6830986084361,22.896575730278446,19.819710132547776,ALL_SENTIMENT,宝马i3,6,6345.0
211.80868530273438,266.0446900198627,36.00550425879492,27.400864851582714,ALL_SENTIMENT,宝马iX1,6,4638.0
42.0865592956543,43.74580498126692,307.6111531937785,151.20919507420706,ALL_SENTIMENT,宝马iX3,6,167.0
6.616255541642507,7.335478041936388,,,ALL_SENTIMENT,小虎FEV,6,0.0
3.016211907068888,3.4826622083111882,,,ALL_SENTIMENT,小鹏P5,6,0.0
2369.04296875,2633.7186345499586,43.49066831568327,44.50299878678773,ALL_SENTIMENT,岚图梦想家,6,31940.0
4468.405029296875,5050.3206986289615,31.29272627057329,33.49628957493909,ALL_SENTIMENT,帕萨特,6,80040.0
1235.987813313802,1285.49522005575,2503.4377797720385,211.88362513950892,ALL_SENTIMENT,帕萨特新能源,6,3500.0
379.4779052734375,509.55116438592023,23.287722794341192,27.428833051928986,ALL_SENTIMENT,库斯途,6,8301.0
17.345199902852375,17.423590204754,1447.827959060669,1734.5199902852376,ALL_SENTIMENT,护卫舰07,6,6.0
1211.445780436198,1349.3997975825523,53.58007092314425,51.92281364824049,ALL_SENTIMENT,捷达VA3,6,13999.0
4825.446207682292,5448.8301507122405,36.17755447895281,39.40801868283732,ALL_SENTIMENT,探岳,6,73469.0
26.41902748743693,35.761220477305926,2145.0335710476606,720.5189314755527,ALL_SENTIMENT,探界者,6,22.0
133.75643920898438,152.38262036639716,28.90090589613707,25.821706411000843,ALL_SENTIMENT,揽境,6,3108.0
4602.390543619792,5237.492948191786,46.67501275843392,48.843822098695966,ALL_SENTIMENT,新帝豪,6,56536.0
5709.4181722005205,6366.007560727473,50.433096092168014,52.17495321626502,ALL_SENTIMENT,星瑞,6,65657.0
8014.158854166667,9038.153181024976,60.05852842190711,62.242671091464516,ALL_SENTIMENT,星越L,6,77254.0
296.6311747233073,311.9694674722627,815.7299670109489,218.64705753560733,ALL_SENTIMENT,星途ES,6,814.0
52.562068939208984,56.56663247728251,188.87888691328024,141.42260701132463,ALL_SENTIMENT,智跑,6,223.0
7467.568929036458,7771.495304778183,44.48928330966598,44.59803272206116,ALL_SENTIMENT,朗逸,6,100465.0
1247.7368774414062,1280.5057392294732,60.82064624912863,61.59128971327385,ALL_SENTIMENT,本田HR-V,6,12155.0
148.17601521809897,191.1919334340626,111.28841671779381,49.03784287416402,ALL_SENTIMENT,本田XR-V,6,1813.0
283.1812744140625,347.54178092371876,10.71313776208022,11.325740877778797,ALL_SENTIMENT,极氪001,6,15002.0
641.9925028483073,896.2105746218795,54.509887621009725,54.360076447782156,ALL_SENTIMENT,极氪009,6,7086.0
228.91095987955728,229.2835763950655,26.7304660723165,25.0495305357896,ALL_SENTIMENT,林肯Z,6,5483.0
316.19678751627606,474.3969534042986,32.05122806604697,42.54722415558771,ALL_SENTIMENT,标致408,6,4459.0
77.85690307617188,88.45394292834715,85.78887530167178,64.97099004965663,ALL_SENTIMENT,标致508,6,719.0
817.5614827473959,1020.4698244617746,36.945141459432726,27.150987416197346,ALL_SENTIMENT,格瑞维亚,6,18067.0
632.9688720703125,803.8001774356517,163.54130987584375,79.83630927941718,ALL_SENTIMENT,欧拉好猫,6,4757.0
42.34843095143636,43.983387343310845,,,ALL_SENTIMENT,欧拉闪电猫,6,0.0
105.73374938964844,120.05690604989499,19.49333888539526,20.216778085974845,ALL_SENTIMENT,欧诺S,6,3138.0
1667.259501139323,2119.568466952346,70.30084351609527,57.894305265558984,ALL_SENTIMENT,汉,6,17279.0
700.5345865885416,724.7877793028183,128.22227498996827,72.83326147169035,ALL_SENTIMENT,沃尔沃S90,6,5771.0
228.3954111735026,229.8468776130036,1633.171187121459,965.0510331274758,ALL_SENTIMENT,沃尔沃S90新能源,6,142.0
6126.425862630208,6492.185906337094,55.26881587417706,53.18616638806194,ALL_SENTIMENT,海豚,6,69113.0
196.82960510253906,206.93479245334441,49.437217462534825,39.803762406984646,ALL_SENTIMENT,海豹07DM-i,6,2967.0
186.4998550415039,212.02787505448364,1271.724360123145,71.04756382533482,ALL_SENTIMENT,深蓝SL03,6,1575.0
6.020699302355449,6.504395308526726,309.12534197171533,361.2419581413269,ALL_SENTIMENT,焕驰,6,10.0
179.72415161132812,206.03390874624978,27.014222511057916,23.809779414174624,ALL_SENTIMENT,瑞虎3x,6,4529.0
651.5015055338541,780.9393814608285,26.91854107313182,29.248103503203332,ALL_SENTIMENT,瑞虎7,6,13365.0
2872.780029296875,3448.9576030285225,25.394704500277896,28.10939363304183,ALL_SENTIMENT,瑞虎8,6,61320.0
1232.5610758463542,1384.7008571856886,28.973757895455797,30.472481169714964,ALL_SENTIMENT,瑞虎9,6,24269.0
52.3155517578125,60.57552272504002,58.786228461015234,32.494131526591616,ALL_SENTIMENT,瑞风E3,6,966.0
730.1395670572916,959.7170337459582,27.694554336653603,20.874052519863486,ALL_SENTIMENT,皇冠陆放,6,20987.0
156.31332143147787,159.29568894210252,351.3408259164844,232.14849717546215,ALL_SENTIMENT,皓影新能源,6,404.0
427.2547887166341,536.3396991660833,60.75992079795714,68.30612129762336,ALL_SENTIMENT,福瑞迪,6,3753.0
6454.435953776042,7619.975937901671,77.01895351836606,56.643531019403895,ALL_SENTIMENT,秦PLUS,6,68369.0
898.1984252929688,902.275499908685,1985.82253072498,1340.5946646163713,ALL_SENTIMENT,秦新能源,6,402.0
21.310097376505535,21.622293796991,,,ALL_SENTIMENT,红旗E-HS9,6,0.0
1365.8535563151042,1573.4643996247235,50.37344041719335,49.89419383799467,ALL_SENTIMENT,红旗E-QM5,6,16425.0
239.0962117513021,242.09938150905793,55.97709247644202,54.01269843779415,ALL_SENTIMENT,红旗H9,6,2656.0
6.8401444753011065,7.080148682826735,193.51802190144855,157.84948789156402,ALL_SENTIMENT,红旗国耀,6,26.0
130.29558817545572,200.14347764113316,20.705892378679724,25.423529400088924,ALL_SENTIMENT,缤智,6,3075.0
5332.486409505208,6495.68554707304,42.077178258116085,48.21488940012847,ALL_SENTIMENT,缤越,6,66359.0
2055.445515950521,2512.27838886155,41.12671819307052,43.69259936123831,ALL_SENTIMENT,腾势D9,6,28226.0
115.74213155110677,126.96170850203326,47.13164079127943,39.93403043741464,ALL_SENTIMENT,艾力绅,6,1739.0
1594.0004069010417,1877.1475027060444,18.830965469928284,18.97996118556509,ALL_SENTIMENT,艾瑞泽8,6,50390.0
662.3278198242188,825.7611577506872,24.642294775244967,24.716798849019234,ALL_SENTIMENT,英仕派,6,16078.0
1958.3254801432292,2313.916011211707,151.603206904056,46.591668507313436,ALL_SENTIMENT,荣威i5,6,25219.0
240.8444620768229,242.03185127447523,3151.7933299079177,4661.505717615928,ALL_SENTIMENT,荣威i6 MAX新能源,6,31.0
456.4535420735677,499.7033285442379,47.57597731691025,50.05887867741558,ALL_SENTIMENT,菱智,6,5471.0
399.00929768880206,461.797970524666,18.14818483937024,18.862714986864265,ALL_SENTIMENT,蒙迪欧,6,12692.0
231.03777058919272,272.82247934096154,43.26370627123654,34.58649260317256,ALL_SENTIMENT,蔚来ET5,6,4008.0
69.35042317708333,78.38306322367686,518.020961702543,433.4401448567708,ALL_SENTIMENT,蔚来ET7,6,96.0
581.4443766276041,620.2875167530328,46.41361829821219,39.74782112072035,ALL_SENTIMENT,赛图斯,6,8777.0
3079.236124674479,3274.001329291475,43.18515687067321,43.97338271580834,ALL_SENTIMENT,赛那SIENNA,6,42015.0
394.1515604654948,460.05785324240264,36.84595062055706,41.22924272651619,ALL_SENTIMENT,起亚K3,6,5736.0
0.8928515613079071,0.8939834848391053,,,ALL_SENTIMENT,起亚KX3傲跑,6,0.0
5659.733235677083,7608.576824364788,31.427717323133393,35.69721053943855,ALL_SENTIMENT,轩逸,6,95129.0
4343.517659505208,4898.077060443239,31.918481801432648,33.94433932092223,ALL_SENTIMENT,迈腾,6,76776.0
24.51196066538493,42.406391002503234,85.90025982614291,124.6370881290759,ALL_SENTIMENT,迈腾PHEV,6,118.0
431.00170135498047,700.0751306330853,4195.370587490435,114.32405871484895,ALL_SENTIMENT,迈锐宝XL,6,2262.0
361.32863362630206,380.5855897461739,20.788272033576458,18.789840542189395,ALL_SENTIMENT,途昂,6,11538.0
5101.271809895833,5534.77984452664,35.80336618357179,36.963059270312534,ALL_SENTIMENT,途观L,6,82806.0
4228.640299479167,5016.230338233516,28.170216191721053,29.99354753682425,ALL_SENTIMENT,速腾,6,84591.0
2054.4073079427085,2433.003523858778,19.172744947024885,21.02268964705845,ALL_SENTIMENT,逸动,6,58634.0
63.5385996500651,67.08638034538737,1891.4123840468455,114.48396333345063,ALL_SENTIMENT,铂智4X,6,333.0
4797.893310546875,5038.446082179932,36.22869913822511,36.61349426172496,ALL_SENTIMENT,锋兰达,6,78625.0
110.76710001627605,126.99117421748397,70.16284827262821,54.2532734773597,ALL_SENTIMENT,锐际,6,1225.0
6461.557210286458,6648.615137905097,53.262020669865464,53.13634941711953,ALL_SENTIMENT,长安CS75 PLUS,6,72962.0
8.78329332669576,8.995205823850226,666.2265002727509,752.8537137167795,ALL_SENTIMENT,长安UNI-K 智电iDD,6,7.0
63.50580724080404,69.3943727174619,1583.18559551933,373.5635720047296,ALL_SENTIMENT,长安UNI-T,6,102.0
2700.65185546875,2982.3336191724625,62.2358534320464,40.107698157997326,ALL_SENTIMENT,雅阁,6,40401.0
647.984629313151,714.4161889957477,16021.394553027842,103.04552811764924,ALL_SENTIMENT,零跑T03,6,3773.0
1127.9965413411458,1379.4474942092613,26.43157767182396,29.222708324900147,ALL_SENTIMENT,领克03,6,23160.0
13.414154052734375,15.688993631110415,205.96138271590502,138.7671108903556,ALL_SENTIMENT,风光330,6,58.0
74.35792795817058,81.87357646864294,171.06834148317074,164.63009880037765,ALL_SENTIMENT,风光380,6,271.0
101.17201232910156,131.67332480412955,99.77480820906746,63.10104719070784,ALL_SENTIMENT,飞凡F7,6,962.0
301.09141031901044,346.34613461859055,64.92786437706664,50.41999614608045,ALL_SENTIMENT,马自达3 昂克赛拉,6,3583.0
92.24338022867839,110.60365375633188,178.46455833439495,111.8101578529435,ALL_SENTIMENT,骐达,6,495.0
402.2673746744792,477.3294873021653,37.93866248227572,32.18997396701621,ALL_SENTIMENT,高尔夫,6,7498.0
1560.3246663411458,1795.5341884731145,27.74246195575832,27.35252285636157,ALL_SENTIMENT,魏牌 高山,6,34227.0
1154.950927734375,1301.5032915163777,102.28138960943154,52.4064551645334,BASE,AION S,6,13223.0
756.9464518229166,813.6095123283604,219.7050970027154,133.38263468245228,BASE,ID.4 CROZZ,6,3405.0
23.916391531626385,24.855107840587102,3437.215042114258,14349.83491897583,BASE,ID.6 CROZZ,6,1.0
5308.824625651042,5948.586703272086,48.1697372395825,45.01992530904167,BASE,MG4,6,70753.0
250.3731892903646,285.214056077083,33.97725685318115,33.79615603469488,BASE,MG7,6,4445.0
9.5985267162323,10.47480683474417,,,BASE,Model 3,6,0.0
6.135330994923909,6.819176895876808,,,BASE,Model Y,6,0.0
470.14626057942706,598.666307445252,82.18726848122272,56.99894046224616,BASE,QQ冰淇淋,6,4949.0
4497.56005859375,5269.592649956418,36.151364368468776,39.180765385432096,BASE,RAV4荣放,6,68874.0
678.8012898763021,967.2141036219899,24.347309978950506,29.63982053167755,BASE,T-ROC探歌,6,13741.0
309.3335316975911,369.1792319660052,57.3532579321922,48.89360353491957,BASE,e爱丽舍,6,3796.0
139.47577412923178,199.48871530799937,51.12278978095791,51.05885569099393,BASE,五菱佳辰,6,1639.0
310.77260335286456,337.8764875261111,2923.0768673738166,135.31463135828648,BASE,五菱星驰,6,1378.0
2.1283377607663474,2.1598278130752786,,,BASE,传祺GA8,6,0.0
743.5004475911459,962.4920146558431,31.668511589174596,38.71725989886196,BASE,传祺M6,6,11522.0
2695.671346028646,3018.223751776211,50.165507371865694,55.34880595500608,BASE,传祺M8,6,29222.0
2098.6881103515625,2237.176674553997,63.773447893207226,50.06213438599521,BASE,元PLUS,6,25153.0
84.56094360351562,97.53677142460616,31.542872876575505,26.26116260978746,BASE,冠道,6,1932.0
94.66027323404948,120.24777321479881,60.69400081449394,37.02487870953695,BASE,凌宝BOX,6,1534.0
84.72063318888347,86.30197123867003,1337.651361054065,861.5657612428827,BASE,凌尚,6,59.0
37.4008518854777,41.07352237949945,593.6171827171788,863.0965819725624,BASE,凌放HARRIER,6,26.0
350.2737731933594,449.9948400354758,30.258380019842086,32.83816623687744,BASE,凡尔赛C5 X,6,6400.0
4719.29833984375,5410.51456845342,31.371022104379538,32.932613064586945,BASE,凯美瑞,6,85981.0
724.3640950520834,952.1068876328989,24.038143427097392,28.28442385990173,BASE,凯迪拉克CT5,6,15366.0
1310.451192220052,1419.3312286054474,34.94248065829775,36.262081599964546,BASE,凯迪拉克XT5,6,21683.0
122.19075520833333,133.48689007794883,162.61483153858353,136.27221770446096,BASE,凯迪拉克XT6,6,538.0
1373.2906901041667,1489.976579357467,40.16573537841643,41.92613921856714,BASE,别克GL8,6,19653.0
1746.8444010416667,2254.32885599701,28.844589299553476,33.349454009959274,BASE,卡罗拉,6,31428.0
1.5857425729433696,1.5998796461214395,,,BASE,卡罗拉双擎E+,6,0.0
2898.5681966145835,3532.129421447375,23.748857157587377,25.653694599276474,BASE,卡罗拉锐放,6,67793.0
261.2379150390625,301.83376035446116,49.469847415687894,35.92545244635285,BASE,吉利ICON,6,4363.0
630.3950805664062,913.4933186927315,20.515169337642003,26.600819209497416,BASE,君威,6,14219.0
504.4354553222656,542.7984323817637,310.48580643053384,151.40633976656298,BASE,型格,6,1999.0
675.8219604492188,731.2486498938956,137.87960326060144,103.86607998707255,BASE,大众ID.3,6,3904.0
133.0442632039388,144.1925943745571,288.79109273517,122.62144074095742,BASE,大家9,6,651.0
78.70370992024739,82.88272430057083,51.22795055977386,48.185944849131054,BASE,大通G10,6,980.0
69.55607096354167,89.79959735418446,38.391004114389865,27.36632300204918,BASE,大通G50,6,1525.0
2409.0450032552085,2814.52048326434,42.62072174717073,35.26033717837497,BASE,奔驰C级,6,40993.0
3339.8257649739585,3917.619697217852,30.38492052055743,32.73001974658023,BASE,奔驰E级,6,61225.0
892.2274373372396,1148.6959035575894,503.3963750663159,87.99087153227215,BASE,奔驰GLB,6,6084.0
2625.0399576822915,3405.0713431944564,26.522864616595772,29.979328370660202,BASE,奔驰GLC,6,52537.0
447.3209228515625,449.2849254359187,171.28634768814538,159.2834146652448,BASE,奔驰V级,6,1685.0
195.90804036458334,249.8974397794216,18.865724596116703,19.997418206660427,BASE,奥德赛,6,5878.0
1927.2146402994792,2286.7155862339423,31.36081164187906,33.659218262202,BASE,奥迪A3,6,34354.0
1675.8013509114583,1956.055771356936,15.837379872355204,16.9692810582903,BASE,奥迪A6L,6,59253.0
255.593017578125,260.1020198084606,81.92122223364787,65.95948840725806,BASE,奥迪A7L,6,2325.0
821.7522786458334,971.6003096416313,29.87891923714355,32.76088818521595,BASE,奥迪Q3,6,15050.0
188.1069653828939,192.62487848678194,,,BASE,奥迪Q5 e-tron,6,0.0
1383.98779296875,2102.975540267983,13.373534419721489,16.16713735142515,BASE,奥迪Q5L,6,51363.0
4276.7681884765625,5124.842506908882,52.36775198011742,59.0265432127053,BASE,威兰达,6,43473.0
513.3023173014323,525.9504973739246,304.3904658905749,209.51114991895196,BASE,威朗,6,1470.0
667.896728515625,679.9955906126244,281.278807120674,210.69297429514987,BASE,威然,6,1902.0
376.80971272786456,380.83497536882464,137.73211183582202,121.0309569789715,BASE,威霆,6,1868.0
80.69495137532552,82.90860496613445,2082.720725309281,820.6266241558527,BASE,威飒,6,59.0
3338.131388346354,3368.0121074917774,2352.6594777069713,1337.0352690305824,BASE,宋PLUS新能源,6,1498.0
7065.013346354167,7994.146727860544,84.65331567971113,58.22893182341103,BASE,宏光MINIEV,6,72799.0
3023.916259765625,3246.0923272623922,26.88168951010991,27.722004581643063,BASE,宝马3系,6,65448.0
958.0318603515625,1161.3928516498552,17.1954391455917,19.076066644905502,BASE,宝马X5,6,30133.0
206.63312784830728,242.26116952121413,23.022906244422213,19.539775683055062,BASE,宝马i3,6,6345.0
204.62628173828125,253.7811987253554,34.73290470370517,26.47170527015281,BASE,宝马iX1,6,4638.0
83.0862642923991,98.55908357873454,702.9671371623614,298.5135244038291,BASE,宝马iX3,6,167.0
1.6886283953984578,1.7032887048858216,,,BASE,小虎FEV,6,0.0
2.356959084669749,2.387124579354542,,,BASE,小鹏P5,6,0.0
2193.408447265625,2393.3738876664215,41.130839939131185,41.20366525859033,BASE,岚图梦想家,6,31940.0
4025.4720865885415,4727.8660161071375,27.21274108936713,30.17595267307752,BASE,帕萨特,6,80040.0
1221.5369059244792,1254.6029939406235,2440.5153598142083,209.40632672991072,BASE,帕萨特新能源,6,3500.0
391.6906229654948,525.7280426496552,24.119583038796698,28.311573759703272,BASE,库斯途,6,8301.0
22.666346232096355,23.4329804925545,1994.6924527486165,2266.6346232096357,BASE,护卫舰07,6,6.0
1137.5768025716145,1250.9216795267475,53.43420298935363,48.75677416550959,BASE,捷达VA3,6,13999.0
4141.800455729167,4618.479123921911,31.6062046540401,33.82488224200003,BASE,探岳,6,73469.0
11.781915187835693,13.359879561112928,695.5815128791027,321.3249596682462,BASE,探界者,6,22.0
141.97221883138022,157.09170097398967,30.697778368763746,27.407764253162203,BASE,揽境,6,3108.0
4713.5465087890625,5365.005433249335,47.719493640885574,50.02348778253568,BASE,新帝豪,6,56536.0
5704.2656656901045,6407.974921056893,50.04528081983868,52.127867545182724,BASE,星瑞,6,65657.0
7723.072672526042,8774.211182442557,57.55647682929352,59.98192460604791,BASE,星越L,6,77254.0
352.8612467447917,363.18565467441584,896.7507353238643,260.094285069871,BASE,星途ES,6,814.0
52.72011693318685,56.64718192557838,188.51346351008988,141.84784825072694,BASE,智跑,6,223.0
5626.236002604167,6025.317172878499,32.741841348787496,33.60117057246305,BASE,朗逸,6,100465.0
1186.4716796875,1219.390400489803,57.7824895559804,58.56709237453723,BASE,本田HR-V,6,12155.0
151.31791178385416,193.7374884021255,125.67051172243605,50.077632140271646,BASE,本田XR-V,6,1813.0
230.1268310546875,314.5534356498342,8.529673731860393,9.203846062712472,BASE,极氪001,6,15002.0
624.7826944986979,860.4553191874763,54.153675485907385,52.90285304815393,BASE,极氪009,6,7086.0
247.45105997721353,250.1230919055136,29.569302494159206,27.078357830809434,BASE,林肯Z,6,5483.0
401.87205505371094,531.2743207566499,46.046406641937594,54.07562974483664,BASE,标致408,6,4459.0
87.72128041585286,102.10116355383751,97.23757200199644,73.20273748193563,BASE,标致508,6,719.0
1156.0452473958333,1457.6727696909177,58.59172948642455,38.39193825413737,BASE,格瑞维亚,6,18067.0
852.0690714518229,949.3181777847171,195.34317271174422,107.47139854342942,BASE,欧拉好猫,6,4757.0
51.901265462239586,55.944212291000255,,,BASE,欧拉闪电猫,6,0.0
160.76725260416666,187.6022463961685,28.353404108741522,30.739436444391334,BASE,欧诺S,6,3138.0
1459.9176839192708,2040.3551897816544,64.99791517406716,50.69451995784261,BASE,汉,6,17279.0
640.9078572591146,648.1310767639075,110.35906807127007,66.63398273357629,BASE,沃尔沃S90,6,5771.0
205.64285278320312,207.12339358941898,1457.554823585059,868.9134624642385,BASE,沃尔沃S90新能源,6,142.0
5644.159098307292,5838.3102246549615,54.62422530750756,48.99939894063888,BASE,海豚,6,69113.0
188.92174275716147,229.5281030432023,58.245304828295076,38.20459914199423,BASE,海豹07DM-i,6,2967.0
186.22339630126953,202.82670857969757,1348.177460006972,70.94224621000744,BASE,深蓝SL03,6,1575.0
8.62633236249288,8.965315441299072,493.47275098164874,517.5799417495728,BASE,焕驰,6,10.0
211.6959025065104,231.18895809755344,31.203869635586024,28.045383418835563,BASE,瑞虎3x,6,4529.0
583.07861328125,664.8623089005459,24.528425243683884,26.17636872194164,BASE,瑞虎7,6,13365.0
2369.6092936197915,2933.9585323920764,21.548372813379494,23.18600091604493,BASE,瑞虎8,6,61320.0
1056.0974527994792,1261.2894086271176,24.339178648909147,26.109789100485703,BASE,瑞虎9,6,24269.0
53.07912063598633,60.613653151049185,52.12365735226451,32.968397910550514,BASE,瑞风E3,6,966.0
798.2210693359375,1024.3043552309869,31.579766036603136,22.820443207774453,BASE,皇冠陆放,6,20987.0
133.6652806599935,137.00454829739155,300.8105409976931,198.51279305939627,BASE,皓影新能源,6,404.0
432.21098073323566,535.1603328180239,63.6390703555253,69.09847813480987,BASE,福瑞迪,6,3753.0
5802.922200520833,8104.291620335728,77.76051948068084,50.92590677518319,BASE,秦PLUS,6,68369.0
935.3308614095052,938.2690226561294,2069.955902243277,1396.016211058963,BASE,秦新能源,6,402.0
30.97775999704997,32.43584793169719,,,BASE,红旗E-HS9,6,0.0
1445.7744547526042,1605.4142054997076,54.40378054870077,52.813678712423894,BASE,红旗E-QM5,6,16425.0
296.5802815755208,299.05709857884807,69.33920381105814,66.9985575848315,BASE,红旗H9,6,2656.0
5.126408100128174,5.580022080621185,151.43078936470883,118.30172538757324,BASE,红旗国耀,6,26.0
120.54713948567708,190.9616564160693,20.321810419129985,23.521393070376014,BASE,缤智,6,3075.0
4911.117268880208,6028.637304863781,38.513019467673004,44.40498442303418,BASE,缤越,6,66359.0
2007.73095703125,2448.923842857119,41.48241941896062,42.678331120908034,BASE,腾势D9,6,28226.0
76.58924865722656,81.34119331408023,29.407856741897053,26.42527268219433,BASE,艾力绅,6,1739.0
1705.028076171875,1974.7285146343202,20.809839463355072,20.301981458684757,BASE,艾瑞泽8,6,50390.0
648.1956787109375,775.4286271081028,26.74024903235465,24.189414555701113,BASE,英仕派,6,16078.0
1808.5503336588542,2190.0116386266636,155.4292180122066,43.02828027262431,BASE,荣威i5,6,25219.0
223.23603057861328,226.39463656771176,2885.632064254196,4320.697366037676,BASE,荣威i6 MAX新能源,6,31.0
497.47263590494794,538.7425216869028,52.30530000687256,54.5574084341014,BASE,菱智,6,5471.0
377.4425455729167,456.13952375391716,16.737348748319658,17.84317107971557,BASE,蒙迪欧,6,12692.0
242.77043660481772,287.77352839867683,45.57884827649787,36.34287973126013,BASE,蔚来ET5,6,4008.0
171.3423105875651,179.4762433061865,1185.5752963759116,1070.8894411722817,BASE,蔚来ET7,6,96.0
598.0403849283854,631.2807360152196,47.401399909714776,40.88233234100846,BASE,赛图斯,6,8777.0
2749.991943359375,2946.563381892319,38.348693747628374,39.27157362883791,BASE,赛那SIENNA,6,42015.0
420.33351643880206,486.3197808046406,39.51168349749327,43.967941050083894,BASE,起亚K3,6,5736.0
0.8225946923096975,0.8252752783941033,,,BASE,起亚KX3傲跑,6,0.0
5224.54052734375,7146.626414765397,29.388347211382378,32.95235224175856,BASE,轩逸,6,95129.0
3681.955078125,4351.124845978084,26.253606887592873,28.774266005978433,BASE,迈腾,6,76776.0
24.518193125724792,43.7284415235636,89.08781762850487,124.66877860538031,BASE,迈腾PHEV,6,118.0
441.2083511352539,694.5765365228953,4720.320959273496,117.03139287407265,BASE,迈锐宝XL,6,2262.0
363.7128092447917,381.46791119997084,20.76596052097561,18.91382263363451,BASE,途昂,6,11538.0
4190.131673177083,4709.788296113714,28.692645905391917,30.361072916289277,BASE,途观L,6,82806.0
2561.03955078125,4044.3418563735845,13.3545509978566,18.1653335516633,BASE,速腾,6,84591.0
1459.9793294270833,1850.2257870874007,13.07165187075923,14.939925600440871,BASE,逸动,6,58634.0
46.99905776977539,55.40721091553099,1583.4301231808467,84.68298697256827,BASE,铂智4X,6,333.0
3826.8964029947915,4104.720468658786,28.387924514360225,29.203660944952304,BASE,锋兰达,6,78625.0
78.09791310628255,94.11088797510422,48.96101577071328,38.252039072464925,BASE,锐际,6,1225.0
5542.711344401042,5786.579747128623,44.80133959411208,45.580258307620745,BASE,长安CS75 PLUS,6,72962.0
12.209069728851318,12.36066691708491,930.6240022182465,1046.4916910443987,BASE,长安UNI-K 智电iDD,6,7.0
81.57299168904622,94.34626845204691,2227.7206196799993,479.8411275826249,BASE,长安UNI-T,6,102.0
2899.9095052083335,3338.6955635702266,69.23589867293126,43.06689693633821,BASE,雅阁,6,40401.0
633.6263326009115,680.8694875946775,14185.202730887911,100.76220502532385,BASE,零跑T03,6,3773.0
1336.5870564778645,1538.5167476693937,32.89490644553399,34.62660768077369,BASE,领克03,6,23160.0
3.4239090283711753,4.0449169834078615,52.54495474740597,35.41974856935698,BASE,风光330,6,58.0
44.88977305094401,46.36567380268367,107.25162583053427,99.38695140430409,BASE,风光380,6,271.0
97.31378682454427,123.7202514389466,95.08581895591156,60.6946695371378,BASE,飞凡F7,6,962.0
307.0766906738281,349.9120694826848,65.59678511715504,51.42227585941861,BASE,马自达3 昂克赛拉,6,3583.0
51.05514399210612,61.9700340092241,101.05645445217053,61.885023020734685,BASE,骐达,6,495.0
449.80283610026044,524.4121162596259,43.246938020008116,35.99382524141854,BASE,高尔夫,6,7498.0
1246.8367919921875,1419.8240818827346,22.869087369995313,21.857074099258263,BASE,魏牌 高山,6,34227.0
1222.212910970052,1417.1718472849134,96.81500727963903,55.458500081829484,PLATFORM_RATING,AION S,6,13223.0
760.2734578450521,813.9605952269799,211.69024691406517,133.96889125022943,PLATFORM_RATING,ID.4 CROZZ,6,3405.0
20.647993246714275,21.85609287267452,3237.999725341797,12388.795948028564,PLATFORM_RATING,ID.6 CROZZ,6,1.0
5150.340738932292,5728.757108514237,47.12127787179875,43.675949335849715,PLATFORM_RATING,MG4,6,70753.0
345.7063496907552,378.28056421681816,46.63846721492155,46.66452414273411,PLATFORM_RATING,MG7,6,4445.0
17.956975261370342,20.79315662342292,,,PLATFORM_RATING,Model 3,6,0.0
15.103402237097422,19.370272068600134,,,PLATFORM_RATING,Model Y,6,0.0
440.03968302408856,576.86241691424,75.3012552141109,53.348920956648435,PLATFORM_RATING,QQ冰淇淋,6,4949.0
3949.5298665364585,4798.948661893798,31.188203608392858,34.40656735374561,PLATFORM_RATING,RAV4荣放,6,68874.0
910.5093383789062,1211.2282235929308,33.834638874422645,39.75733956970699,PLATFORM_RATING,T-ROC探歌,6,13741.0
239.5321807861328,279.44806205302837,58.364925065310345,37.860724044172734,PLATFORM_RATING,e爱丽舍,6,3796.0
147.96558634440103,199.18408766609988,59.52680885258671,54.1667796257722,PLATFORM_RATING,五菱佳辰,6,1639.0
314.35670471191406,336.91625066073277,2883.122036723981,136.875197987771,PLATFORM_RATING,五菱星驰,6,1378.0
0.7563989559809366,0.7618427024745217,,,PLATFORM_RATING,传祺GA8,6,0.0
707.1585286458334,922.8569371323448,29.913836779845187,36.82478017596772,PLATFORM_RATING,传祺M6,6,11522.0
2924.1255696614585,3239.5040234784587,55.2655116463235,60.03953671195931,PLATFORM_RATING,传祺M8,6,29222.0
2260.293904622396,2382.3999057458796,65.19997435633623,53.91708117415169,PLATFORM_RATING,元PLUS,6,25153.0
63.05932108561198,83.33857716891949,24.06248989007762,19.583640088699372,PLATFORM_RATING,冠道,6,1932.0
98.04095458984375,130.8573184974891,66.15518470415128,38.347179109456484,PLATFORM_RATING,凌宝BOX,6,1534.0
47.6056874593099,51.814194613986054,778.0346501668294,484.1256351794227,PLATFORM_RATING,凌尚,6,59.0
7.9681393305460615,8.433830075373253,119.25931721022633,183.8801383972168,PLATFORM_RATING,凌放HARRIER,6,26.0
315.9045104980469,399.18895830353443,27.978610323604165,29.616047859191895,PLATFORM_RATING,凡尔赛C5 X,6,6400.0
4857.681803385417,5459.165792397187,32.25055102323747,33.89829243706458,PLATFORM_RATING,凯美瑞,6,85981.0
762.5487060546875,1007.15321440463,25.22239245409302,29.77542780377538,PLATFORM_RATING,凯迪拉克CT5,6,15366.0
1503.3549194335938,1622.7474748008633,40.01476496082357,41.6000069944268,PLATFORM_RATING,凯迪拉克XT5,6,21683.0
121.77432505289714,132.6225514879761,161.99599505012995,135.80779745676261,PLATFORM_RATING,凯迪拉克XT6,6,538.0
1394.3658650716145,1524.407106338437,40.401035518300745,42.56955777962493,PLATFORM_RATING,别克GL8,6,19653.0
1972.2724202473958,2454.0018509148426,33.41444071491637,37.653158080324474,PLATFORM_RATING,卡罗拉,6,31428.0
0.6913002133369446,0.700241651002685,,,PLATFORM_RATING,卡罗拉双擎E+,6,0.0
2887.5965169270835,3596.733897097056,23.459270078980108,25.556590063225553,PLATFORM_RATING,卡罗拉锐放,6,67793.0
246.5067138671875,283.40991374740696,45.85859580418819,33.899616850862365,PLATFORM_RATING,吉利ICON,6,4363.0
649.9554646809896,979.8809111347535,19.960787672475803,27.426209916913546,PLATFORM_RATING,君威,6,14219.0
455.2438049316406,487.8255144071596,278.5164715850632,136.64146221059747,PLATFORM_RATING,型格,6,1999.0
758.8977661132812,786.5483654044291,146.73935833695478,116.63387798872151,PLATFORM_RATING,大众ID.3,6,3904.0
115.82733408610027,128.8597631331946,264.12029998889096,106.75330330516152,PLATFORM_RATING,大家9,6,651.0
92.27918243408203,98.0132122641462,60.3635343075441,56.49745863311145,PLATFORM_RATING,大通G10,6,980.0
68.68567148844402,80.09953796770434,28.8571442041411,27.023870749551744,PLATFORM_RATING,大通G50,6,1525.0
2372.5944010416665,2785.069019167905,42.477383835106636,34.726822643500114,PLATFORM_RATING,奔驰C级,6,40993.0
3127.3587239583335,3736.805372910074,28.29942341420945,30.647860095957537,PLATFORM_RATING,奔驰E级,6,61225.0
922.873779296875,1140.51888456831,498.061025913418,91.01319322454388,PLATFORM_RATING,奔驰GLB,6,6084.0
2633.1599934895835,3328.000911738563,27.052214533032327,30.072063423753736,PLATFORM_RATING,奔驰GLC,6,52537.0
419.7888590494792,421.8520180736989,161.02811664483895,149.47971242117953,PLATFORM_RATING,奔驰V级,6,1685.0
176.97195434570312,222.65080266416635,17.990159752861523,18.06450707849981,PLATFORM_RATING,奥德赛,6,5878.0
2104.354288736979,2441.287117317638,34.69334588684501,36.753000327245374,PLATFORM_RATING,奥迪A3,6,34354.0
1372.2318522135417,1662.523429455034,13.63726409293791,13.895315196329722,PLATFORM_RATING,奥迪A6L,6,59253.0
241.28731791178384,247.1879554516712,76.93950739914911,62.26769494497648,PLATFORM_RATING,奥迪A7L,6,2325.0
911.180419921875,1062.4827533760542,33.40481105400659,36.32612969788206,PLATFORM_RATING,奥迪Q3,6,15050.0
191.5184122721354,195.1682320417698,,,PLATFORM_RATING,奥迪Q5 e-tron,6,0.0
1292.6468098958333,1938.2428094477202,12.37448716378221,15.100132117234196,PLATFORM_RATING,奥迪Q5L,6,51363.0
4705.469319661458,5474.70154446734,59.0488265415866,64.94333475483346,PLATFORM_RATING,威兰达,6,43473.0
368.94825236002606,376.3037041387975,215.68505773882413,150.59112341225554,PLATFORM_RATING,威朗,6,1470.0
665.2567647298177,673.5848758299592,277.06669977726165,209.8601781482075,PLATFORM_RATING,威然,6,1902.0
287.5362854003906,295.44340450017984,107.04917307765017,92.35640858684924,PLATFORM_RATING,威霆,6,1868.0
75.93285242716472,78.88802343046851,2003.4218169393992,772.1984992593023,PLATFORM_RATING,威飒,6,59.0
3026.827921549479,3067.8747661880902,2074.5674797491124,1212.3476321292974,PLATFORM_RATING,宋PLUS新能源,6,1498.0
6856.244303385417,7945.924137003665,83.70092520742463,56.50828420762991,PLATFORM_RATING,宏光MINIEV,6,72799.0
2944.734619140625,3129.8174785081214,26.298956738857143,26.996100285484275,PLATFORM_RATING,宝马3系,6,65448.0
1193.5657958984375,1316.7682782609083,22.71612911994957,23.765953524012296,PLATFORM_RATING,宝马X5,6,30133.0
214.16302490234375,249.69108078329415,23.334753042401278,20.25182268580083,PLATFORM_RATING,宝马i3,6,6345.0
213.40005493164062,270.44573213147186,35.972158918731644,27.60673414380862,PLATFORM_RATING,宝马iX1,6,4638.0
38.83264986673991,39.368387768727516,272.04219229917237,139.51850251523322,PLATFORM_RATING,宝马iX3,6,167.0
3.0116291642189026,3.1894317474400067,,,PLATFORM_RATING,小虎FEV,6,0.0
0.7673964897791544,0.7754897209373702,,,PLATFORM_RATING,小鹏P5,6,0.0
2118.550333658854,2333.7647912941957,39.576244946209286,39.797438954142535,PLATFORM_RATING,岚图梦想家,6,31940.0
3522.6070149739585,4177.413414664739,23.719875597528862,26.406349437585895,PLATFORM_RATING,帕萨特,6,80040.0
1247.2525227864583,1272.0458157444311,2513.033797397984,213.8147181919643,PLATFORM_RATING,帕萨特新能源,6,3500.0
416.791015625,526.6097252491477,26.65139222980017,30.125841389591617,PLATFORM_RATING,库斯途,6,8301.0
10.388906160990397,10.479244943196745,829.9706300099691,1038.8906160990396,PLATFORM_RATING,护卫舰07,6,6.0
1163.9921264648438,1288.2239515983931,52.01005851505423,49.88894034423218,PLATFORM_RATING,捷达VA3,6,13999.0
4178.279052734375,4684.435828919819,31.666194564002858,34.12279235651261,PLATFORM_RATING,探岳,6,73469.0
8.212119579315186,9.014799497603676,375.15886257856323,223.96689761768687,PLATFORM_RATING,探界者,6,22.0
104.20838419596355,132.98998382997644,21.78641775429947,20.11744868647945,PLATFORM_RATING,揽境,6,3108.0
4079.9391276041665,4809.795867363557,40.1647697140576,43.29919832606658,PLATFORM_RATING,新帝豪,6,56536.0
4854.209554036458,5724.522570303994,41.11085888586628,44.35971385262615,PLATFORM_RATING,星瑞,6,65657.0
7676.460286458333,8754.721763474641,57.065724247186346,59.61990540133845,PLATFORM_RATING,星越L,6,77254.0
279.5472106933594,300.6722156983618,773.6813091435224,206.05445505653023,PLATFORM_RATING,星途ES,6,814.0
39.67139434814453,43.36004604474575,143.45970742577364,106.7391776183261,PLATFORM_RATING,智跑,6,223.0
5365.768717447917,5774.871264583592,31.032845697385202,32.0456002634624,PLATFORM_RATING,朗逸,6,100465.0
1253.0894877115886,1283.53147032034,61.165019023919655,61.85550741480487,PLATFORM_RATING,本田HR-V,6,12155.0
156.40328979492188,199.17766586274016,116.51465716220113,51.760603351877066,PLATFORM_RATING,本田XR-V,6,1813.0
345.7802327473958,425.8599539942431,13.188771332809237,13.8293653945099,PLATFORM_RATING,极氪001,6,15002.0
674.7560017903646,958.5059940601225,54.53036798984016,57.13429312365492,PLATFORM_RATING,极氪009,6,7086.0
208.56613159179688,209.84197003194333,24.653377889009818,22.82321337863909,PLATFORM_RATING,林肯Z,6,5483.0
337.7773030598958,490.2618387973717,35.37547325139647,45.45108361424927,PLATFORM_RATING,标致408,6,4459.0
67.09624481201172,77.56527624728061,73.92378634132962,55.99130304201256,PLATFORM_RATING,标致508,6,719.0
1252.0544840494792,1531.9814600228508,62.489355820607074,41.58037806108859,PLATFORM_RATING,格瑞维亚,6,18067.0
619.8421834309896,748.1123091651363,151.09931048095407,78.18064117271258,PLATFORM_RATING,欧拉好猫,6,4757.0
27.59277566274007,27.956067429439752,,,PLATFORM_RATING,欧拉闪电猫,6,0.0
110.531005859375,118.97788635529285,20.73748873956955,21.134035537165392,PLATFORM_RATING,欧诺S,6,3138.0
2015.3837483723958,2499.8787702067425,85.85320526798,69.9826522960494,PLATFORM_RATING,汉,6,17279.0
661.2836507161459,686.5823562293833,119.99142697563896,68.75241560036173,PLATFORM_RATING,沃尔沃S90,6,5771.0
218.8185272216797,221.45634267003598,1585.6696339947148,924.5853262887873,PLATFORM_RATING,沃尔沃S90新能源,6,142.0
5700.064127604167,5911.990953011843,54.78132796128779,49.48473480477624,PLATFORM_RATING,海豚,6,69113.0
219.27200317382812,236.32165952210124,53.36875315482919,44.34216444364573,PLATFORM_RATING,海豹07DM-i,6,2967.0
191.13868204752603,222.28731089395274,1133.954160500258,72.81473601810517,PLATFORM_RATING,深蓝SL03,6,1575.0
9.057623624801636,9.731129748111067,523.0834007263184,543.4574174880981,PLATFORM_RATING,焕驰,6,10.0
172.06928507486978,194.38289206242405,25.7232602883485,22.79566594058774,PLATFORM_RATING,瑞虎3x,6,4529.0
546.0542805989584,646.3364304311085,22.254689804400755,24.51422135124392,PLATFORM_RATING,瑞虎7,6,13365.0
2291.03173828125,2774.9362589767197,21.049990609137836,22.41714029629403,PLATFORM_RATING,瑞虎8,6,61320.0
1324.304951985677,1424.7505214560995,32.27731289746976,32.74065561792436,PLATFORM_RATING,瑞虎9,6,24269.0
52.91769154866537,59.84608643200078,48.00316104592337,32.868131396686564,PLATFORM_RATING,瑞风E3,6,966.0
814.9115397135416,1020.3871790527859,32.430104525099004,23.297609178449754,PLATFORM_RATING,皇冠陆放,6,20987.0
142.62677001953125,145.91111282763578,320.40373812768206,211.82193567257116,PLATFORM_RATING,皓影新能源,6,404.0
428.16468302408856,541.9947321716329,57.52935206089321,68.45158801344341,PLATFORM_RATING,福瑞迪,6,3753.0
5737.224772135417,8351.183763316087,78.78892489635938,50.34935223977607,PLATFORM_RATING,秦PLUS,6,68369.0
906.314707438151,913.3655448750628,1979.0261655216555,1352.7085185644046,PLATFORM_RATING,秦新能源,6,402.0
37.37486171722412,39.75302650314775,,,PLATFORM_RATING,红旗E-HS9,6,0.0
1401.00830078125,1593.3948306917882,52.17049466064259,51.17838541666667,PLATFORM_RATING,红旗E-QM5,6,16425.0
206.265380859375,212.0414415724982,48.11734105986456,46.59609507365399,PLATFORM_RATING,红旗H9,6,2656.0
4.641105969746907,5.030177516234954,136.18770149019028,107.10244545569788,PLATFORM_RATING,红旗国耀,6,26.0
121.8511250813802,204.86365319912449,17.12100975525225,23.77582928417175,PLATFORM_RATING,缤智,6,3075.0
4557.666259765625,5571.000553509977,35.797101846089504,41.20917668830717,PLATFORM_RATING,缤越,6,66359.0
1959.4263916015625,2364.2458444039335,40.55433371169303,41.65152111389986,PLATFORM_RATING,腾势D9,6,28226.0
76.29143778483073,82.66732272216109,30.10650424213018,26.322520224783457,PLATFORM_RATING,艾力绅,6,1739.0
1743.664794921875,1899.1885857775087,23.14546295339674,20.762033676386686,PLATFORM_RATING,艾瑞泽8,6,50390.0
556.9538370768229,693.4863811642022,19.376623384530145,20.784444722359357,PLATFORM_RATING,英仕派,6,16078.0
2041.9930419921875,2403.216206875798,160.62933978489716,48.582252476121674,PLATFORM_RATING,荣威i5,6,25219.0
188.94436645507812,189.86388273018432,2483.1847971664797,3656.9877378402216,PLATFORM_RATING,荣威i6 MAX新能源,6,31.0
406.96953837076825,453.6390051795477,42.08931968959544,44.63200932598445,PLATFORM_RATING,菱智,6,5471.0
440.7516682942708,524.5383777217219,19.171229161911487,20.83603852636011,PLATFORM_RATING,蒙迪欧,6,12692.0
209.2733154296875,258.88265673519146,40.145039001665886,31.32834063318675,PLATFORM_RATING,蔚来ET5,6,4008.0
45.897339502970375,47.58559743340838,324.8825786656308,286.8583718935648,PLATFORM_RATING,蔚来ET7,6,96.0
561.6257527669271,585.465267982906,46.14999263194549,38.393010329287485,PLATFORM_RATING,赛图斯,6,8777.0
2668.249064127604,2882.021899267588,36.97901201559775,38.104235117852255,PLATFORM_RATING,赛那SIENNA,6,42015.0
527.2312520345052,583.7257306138013,51.447597387911294,55.14971255591059,PLATFORM_RATING,起亚K3,6,5736.0
0.6261313954989115,0.6263130291519527,,,PLATFORM_RATING,起亚KX3傲跑,6,0.0
4941.951497395833,6977.2202608309935,26.917543049707014,31.169999668213688,PLATFORM_RATING,轩逸,6,95129.0
3344.0128580729165,3942.840485334363,23.86203155741824,26.133267099663303,PLATFORM_RATING,迈腾,6,76776.0
24.120945692062378,41.89220256585369,84.8022008346299,122.64887640031719,PLATFORM_RATING,迈腾PHEV,6,118.0
436.6029535929362,711.9503005633683,4126.661497925792,115.80980201404142,PLATFORM_RATING,迈锐宝XL,6,2262.0
385.90643310546875,400.76506490956234,21.759508696391773,20.067937238973936,PLATFORM_RATING,途昂,6,11538.0
4074.080078125,4568.142765084048,27.90067332355115,29.520180263205564,PLATFORM_RATING,途观L,6,82806.0
2854.7960611979165,4005.029323658507,16.827336752085596,20.248934717863012,PLATFORM_RATING,速腾,6,84591.0
1483.89697265625,1844.9699480106965,13.349322201838158,15.184674141176622,PLATFORM_RATING,逸动,6,58634.0
34.911746978759766,44.18586555344212,1294.9571604459375,62.90404861037796,PLATFORM_RATING,铂智4X,6,333.0
3775.4949544270835,4055.591696631617,27.91054479701998,28.811408237281398,PLATFORM_RATING,锋兰达,6,78625.0
73.52713521321614,88.70007643160545,45.959546039552905,36.0132907166773,PLATFORM_RATING,锐际,6,1225.0
5992.0400390625,6204.234216842742,49.01358414979779,49.275294309880486,PLATFORM_RATING,长安CS75 PLUS,6,72962.0
7.073287725448608,7.250559026603739,588.9057874679565,606.2818050384521,PLATFORM_RATING,长安UNI-K 智电iDD,6,7.0
46.72430610656738,55.83505513782201,1294.7623166896055,274.8488594503964,PLATFORM_RATING,长安UNI-T,6,102.0
3165.230712890625,3676.6577681436333,76.22968148459388,47.00721337923257,PLATFORM_RATING,雅阁,6,40401.0
645.3561401367188,698.426483378887,15110.067664089465,102.62753354943845,PLATFORM_RATING,零跑T03,6,3773.0
1207.7969156901042,1481.5782260348176,28.152150686023937,31.290075536013063,PLATFORM_RATING,领克03,6,23160.0
3.250652631123861,4.273998252836533,67.92160278905635,33.627441011626146,PLATFORM_RATING,风光330,6,58.0
60.88598124186198,67.26879522023164,138.86064598800016,134.8029104985874,PLATFORM_RATING,风光380,6,271.0
89.18794504801433,110.26790146932449,82.15434118533021,55.62657695302349,PLATFORM_RATING,飞凡F7,6,962.0
321.3441975911458,358.5098428947719,67.83377126209632,53.81147601303028,PLATFORM_RATING,马自达3 昂克赛拉,6,3583.0
57.5223134358724,71.02045831824447,114.57201726940087,69.72401628590593,PLATFORM_RATING,骐达,6,495.0
411.8526611328125,476.69098988527446,39.23036494514687,32.95700142433816,PLATFORM_RATING,高尔夫,6,7498.0
1224.5345865885417,1331.0249881236155,22.21135584821343,21.46611598893052,PLATFORM_RATING,魏牌 高山,6,34227.0
1163.0853474934895,1271.9324271144658,108.17515688791264,52.775558382824904,TEXT_ABSA,AION S,6,13223.0
559.6196594238281,629.2967655441632,169.86684910141722,98.61139373107105,TEXT_ABSA,ID.4 CROZZ,6,3405.0
58.263837814331055,61.228359079358626,7742.756652832031,34958.30268859863,TEXT_ABSA,ID.6 CROZZ,6,1.0
6258.690592447917,7129.403510632914,54.09272499084793,53.07498417690769,TEXT_ABSA,MG4,6,70753.0
204.74071248372397,262.0302631464737,24.679054559430487,27.636541617600535,TEXT_ABSA,MG7,6,4445.0
62.72396866480509,69.56247195968972,,,TEXT_ABSA,Model 3,6,0.0
28.73159646987915,35.13262601844277,,,TEXT_ABSA,Model Y,6,0.0
464.0124918619792,605.845079054016,80.99992947006439,56.255303115212676,TEXT_ABSA,QQ冰淇淋,6,4949.0
5038.17431640625,5930.629452192265,40.56239053671939,43.89035905920594,TEXT_ABSA,RAV4荣放,6,68874.0
821.7417399088541,1155.275588660395,29.302779221400915,35.881307324453275,TEXT_ABSA,T-ROC探歌,6,13741.0
325.11378479003906,392.818682997777,57.572238051094985,51.387847964705855,TEXT_ABSA,e爱丽舍,6,3796.0
134.11702728271484,190.55893770723577,49.71467198979146,49.09714238537456,TEXT_ABSA,五菱佳辰,6,1639.0
316.09263102213544,340.20078247738655,3070.8802753169093,137.631043986416,TEXT_ABSA,五菱星驰,6,1378.0
2.837839663028717,2.9380217364897723,,,TEXT_ABSA,传祺GA8,6,0.0
744.1265869140625,957.8435967413033,31.899052739123174,38.749865661207906,TEXT_ABSA,传祺M6,6,11522.0
2697.9105021158853,2994.865438790176,50.64663470733245,55.39478137257995,TEXT_ABSA,传祺M8,6,29222.0
2359.11669921875,2506.042467157224,61.947023129930336,56.2744014444102,TEXT_ABSA,元PLUS,6,25153.0
100.94755554199219,110.11345299569403,36.16399445511295,31.350172528569004,TEXT_ABSA,冠道,6,1932.0
99.96542867024739,128.04771761433153,65.32798205115074,39.09990691143966,TEXT_ABSA,凌宝BOX,6,1534.0
53.865190505981445,58.328329332440525,889.7891743977866,547.7815983659129,TEXT_ABSA,凌尚,6,59.0
18.383418083190918,19.702037821943488,290.1804025967916,424.23272499671344,TEXT_ABSA,凌放HARRIER,6,26.0
336.1985677083333,440.5366962968798,28.99741172696258,31.51861572265625,TEXT_ABSA,凡尔赛C5 X,6,6400.0
5500.090738932292,6239.826386971102,36.79411689260476,38.38120565426519,TEXT_ABSA,凯美瑞,6,85981.0
759.2102254231771,980.9278556353282,25.529879868757334,29.645069325387624,TEXT_ABSA,凯迪拉克CT5,6,15366.0
1406.61474609375,1542.7540198926376,37.20469051044839,38.92306634950191,TEXT_ABSA,凯迪拉克XT5,6,21683.0
135.02185821533203,145.29795167876907,178.14585104349823,150.58199800966398,TEXT_ABSA,凯迪拉克XT6,6,538.0
1349.2222290039062,1477.7870785069947,39.12468677998288,41.19133655942318,TEXT_ABSA,别克GL8,6,19653.0
2188.6656087239585,2625.464073598425,38.133408469072315,41.78437588247343,TEXT_ABSA,卡罗拉,6,31428.0
2.366231699784597,2.444625912642305,,,TEXT_ABSA,卡罗拉双擎E+,6,0.0
3364.404052734375,4162.958322752485,26.321658089177173,29.776561468597425,TEXT_ABSA,卡罗拉锐放,6,67793.0
257.31199137369794,293.1611489809437,48.368546761549645,35.38555920793462,TEXT_ABSA,吉利ICON,6,4363.0
610.8392944335938,903.1634996224001,19.619513780912932,25.775622523395192,TEXT_ABSA,君威,6,14219.0
481.28928629557294,521.5339030409,294.4819706285624,144.45901539637006,TEXT_ABSA,型格,6,1999.0
677.5088907877604,726.1528965799962,135.88126658778822,104.12534182188942,TEXT_ABSA,大众ID.3,6,3904.0
110.6537577311198,122.86327777735617,253.41766995904496,101.98503016693068,TEXT_ABSA,大家9,6,651.0
119.6120096842448,130.08426250997226,78.88561356217227,73.23184266382334,TEXT_ABSA,大通G10,6,980.0
74.13016001383464,95.14099424835968,41.19992810722605,29.16596459560707,TEXT_ABSA,大通G50,6,1525.0
2829.7005208333335,3228.021429868007,47.647807318063414,41.41732277462006,TEXT_ABSA,奔驰C级,6,40993.0
4157.75048828125,4678.166449168726,39.0798766127908,40.745615238362596,TEXT_ABSA,奔驰E级,6,61225.0
908.1068318684896,1150.2911779926399,496.5521578592907,89.55688677204039,TEXT_ABSA,奔驰GLB,6,6084.0
3358.8002115885415,4199.436163210109,34.35041132020526,38.359253991532164,TEXT_ABSA,奔驰GLC,6,52537.0
428.2713317871094,430.2711361167157,164.4715043003552,152.50017749095883,TEXT_ABSA,奔驰V级,6,1685.0
184.37149047851562,242.5640050142945,17.692237659968484,18.819818694642628,TEXT_ABSA,奥德赛,6,5878.0
1964.1612955729167,2358.837945708766,32.033476066293936,34.304499544267046,TEXT_ABSA,奥迪A3,6,34354.0
2119.5516764322915,2376.224254024225,20.37911237835386,21.462727724492854,TEXT_ABSA,奥迪A6L,6,59253.0
233.9380849202474,239.11852166575505,74.50923659194869,60.37111868909611,TEXT_ABSA,奥迪A7L,6,2325.0
1015.1743977864584,1173.94067321567,37.555780291598495,40.47206901474252,TEXT_ABSA,奥迪Q3,6,15050.0
132.12089157104492,135.23322530285432,,,TEXT_ABSA,奥迪Q5 e-tron,6,0.0
2142.1189778645835,2550.699165201549,23.328749089487108,25.02329277337286,TEXT_ABSA,奥迪Q5L,6,51363.0
4667.8543701171875,5424.084677037576,58.63951637406871,64.42418563407891,TEXT_ABSA,威兰达,6,43473.0
365.44957478841144,375.53533746921664,215.70801054706848,149.16309175037205,TEXT_ABSA,威朗,6,1470.0
586.8168131510416,604.7330357929209,254.53219687286182,185.11571392777338,TEXT_ABSA,威然,6,1902.0
299.1842753092448,316.4512599207383,114.77027562915045,96.09773296870819,TEXT_ABSA,威霆,6,1868.0
80.21009318033855,82.46225615901396,2082.08708327914,815.6958628509004,TEXT_ABSA,威飒,6,59.0
2898.2120361328125,2942.3951001755963,1973.4196392949812,1160.832591241447,TEXT_ABSA,宋PLUS新能源,6,1498.0
6777.684407552083,7217.118421938255,75.0395122298409,55.86080364471009,TEXT_ABSA,宏光MINIEV,6,72799.0
4247.613444010417,4454.440636118881,38.83153541921622,38.940350605156006,TEXT_ABSA,宝马3系,6,65448.0
1327.2894694010417,1444.2061616502351,25.45042279596956,26.428622494959846,TEXT_ABSA,宝马X5,6,30133.0
262.3161926269531,293.28105330101687,26.914244853499664,24.80531372358895,TEXT_ABSA,宝马i3,6,6345.0
198.6612548828125,259.6838715227609,34.52263780353959,25.70003297319696,TEXT_ABSA,宝马iX1,6,4638.0
57.191768646240234,64.25626440288998,455.4793811459553,205.47940830984516,TEXT_ABSA,宝马iX3,6,167.0
6.227573434511821,6.956345947078946,,,TEXT_ABSA,小虎FEV,6,0.0
2.6890233953793845,2.7826343587928997,,,TEXT_ABSA,小鹏P5,6,0.0
2200.7301025390625,2464.631242508155,40.260793354215025,41.34120418044576,TEXT_ABSA,岚图梦想家,6,31940.0
4375.295817057292,4927.635624741673,30.771005565260417,32.798319468195594,TEXT_ABSA,帕萨特,6,80040.0
1110.567403157552,1195.0156940554805,2163.0321292565723,190.38298339843752,TEXT_ABSA,帕萨特新能源,6,3500.0
432.9583028157552,547.1415562862862,27.53773234868601,31.29442015292773,TEXT_ABSA,库斯途,6,8301.0
32.801263173421226,35.345072813020124,2863.6855761210127,3280.1263173421225,TEXT_ABSA,护卫舰07,6,6.0
1178.3069661458333,1311.276514445391,53.42411412289461,50.50247729748554,TEXT_ABSA,捷达VA3,6,13999.0
5188.16943359375,5856.711353009168,39.121186400458875,42.37027399523949,TEXT_ABSA,探岳,6,73469.0
11.007009665171305,12.3141343608224,630.1608324050903,300.1911726864901,TEXT_ABSA,探界者,6,22.0
89.18445841471355,135.1277588316401,16.30692035409666,17.217076914037364,TEXT_ABSA,揽境,6,3108.0
4346.193684895833,5006.377610339798,43.56986563035125,46.1248799161154,TEXT_ABSA,新帝豪,6,56536.0
5713.5498453776045,6345.044115616043,50.59997064695866,52.21271010290697,TEXT_ABSA,星瑞,6,65657.0
7980.8486328125,8977.759220797661,59.89325776492679,61.98396432142672,TEXT_ABSA,星越L,6,77254.0
380.8960927327474,391.3689183499122,962.0031247223204,280.75879071209886,TEXT_ABSA,星途ES,6,814.0
47.52552858988444,52.37978713560922,172.0230371363132,127.87137737188638,TEXT_ABSA,智跑,6,223.0
6680.979085286458,6975.828662016795,39.70395380973383,39.90033794029637,TEXT_ABSA,朗逸,6,100465.0
1295.4752095540364,1326.2036153676477,63.270239488010304,63.94776846831937,TEXT_ABSA,本田HR-V,6,12155.0
154.3679987589518,195.52565763969525,108.24689400003322,51.087037647750186,TEXT_ABSA,本田XR-V,6,1813.0
275.3153889973958,345.1016942674263,10.644977116217582,11.011147406908245,TEXT_ABSA,极氪001,6,15002.0
605.7002563476562,843.904483714938,52.76311464578828,51.287066583205444,TEXT_ABSA,极氪009,6,7086.0
228.81219482421875,229.5146531313556,26.676241012522915,25.03872276026468,TEXT_ABSA,林肯Z,6,5483.0
352.07200113932294,499.3716488414261,37.8325932982718,47.374568442160516,TEXT_ABSA,标致408,6,4459.0
88.31467692057292,101.18174625404086,96.93540635424333,73.69792232593011,TEXT_ABSA,标致508,6,719.0
1066.6061604817708,1352.251022269414,54.528753922533035,35.42169127630832,TEXT_ABSA,格瑞维亚,6,18067.0
648.7934163411459,801.3280850685046,161.88458570764388,81.8322576843993,TEXT_ABSA,欧拉好猫,6,4757.0
44.36944548288981,47.078510521078265,,,TEXT_ABSA,欧拉闪电猫,6,0.0
107.51089986165364,119.05573173507156,20.050333147215493,20.556577411406053,TEXT_ABSA,欧诺S,6,3138.0
1416.4391276041667,2032.2296308126536,63.91223702104515,49.18476049322877,TEXT_ABSA,汉,6,17279.0
693.890625,711.2138952415067,125.07555031714543,72.14250129960146,TEXT_ABSA,沃尔沃S90,6,5771.0
242.80252075195312,248.20984966262455,1796.5587839637599,1025.9261440223372,TEXT_ABSA,沃尔沃S90新能源,6,142.0
6203.747395833333,6504.30399289247,57.02857438738644,53.85742823347272,TEXT_ABSA,海豚,6,69113.0
186.00040181477866,220.46958583496357,54.32299719731435,37.613832520683246,TEXT_ABSA,海豹07DM-i,6,2967.0
211.3449249267578,228.5140339419,1753.915703573938,80.5123523530506,TEXT_ABSA,深蓝SL03,6,1575.0
12.209750493367514,12.86049202834664,689.2506281534831,732.5850296020508,TEXT_ABSA,焕驰,6,10.0
150.6041463216146,174.0271856205542,22.72134772788267,19.951973458372432,TEXT_ABSA,瑞虎3x,6,4529.0
649.4730631510416,809.6082783998763,26.28510368701867,29.157039872100636,TEXT_ABSA,瑞虎7,6,13365.0
2867.2174479166665,3453.420884193536,25.224508368113753,28.054965243802997,TEXT_ABSA,瑞虎8,6,61320.0
1338.4512532552083,1466.6418149404574,32.08647174979451,33.09039317454881,TEXT_ABSA,瑞虎9,6,24269.0
51.66979471842448,59.7501518449452,52.399537422625954,32.09304019777918,TEXT_ABSA,瑞风E3,6,966.0
822.8935953776041,1014.5048649543361,30.751152918266435,23.525809178375304,TEXT_ABSA,皇冠陆放,6,20987.0
117.09757232666016,122.15038758714748,280.2906193268459,173.9072856336537,TEXT_ABSA,皓影新能源,6,404.0
427.5439682006836,535.7278564543456,60.732496512038445,68.35235302968563,TEXT_ABSA,福瑞迪,6,3753.0
6290.9873046875,7975.60001104722,79.8363711471592,55.209120841499804,TEXT_ABSA,秦PLUS,6,68369.0
814.3879089355469,818.6923791522431,1823.9476356675113,1215.504341694846,TEXT_ABSA,秦新能源,6,402.0
26.485358874003094,27.263769434653486,,,TEXT_ABSA,红旗E-HS9,6,0.0
1339.5388590494792,1546.642024839454,49.34424831760047,48.93292635797184,TEXT_ABSA,红旗E-QM5,6,16425.0
282.9783223470052,286.5322427583928,66.32555394438188,63.92582583140178,TEXT_ABSA,红旗H9,6,2656.0
6.312377134958903,6.573263535344574,179.5845337708791,145.67024157597467,TEXT_ABSA,红旗国耀,6,26.0
140.6758270263672,187.7252673690778,25.185781523356127,27.448941858803355,TEXT_ABSA,缤智,6,3075.0
5301.022135416667,6483.919628374538,41.65510913540761,47.93039800554559,TEXT_ABSA,缤越,6,66359.0
2066.99072265625,2496.9456498261266,41.08874336006603,43.93801578664175,TEXT_ABSA,腾势D9,6,28226.0
88.87840779622395,98.07588986781631,35.669156314942754,30.66535059099159,TEXT_ABSA,艾力绅,6,1739.0
1603.2185872395833,1948.4825315144958,18.68256567058336,19.08972320586922,TEXT_ABSA,艾瑞泽8,6,50390.0
608.2446695963541,741.7947808000459,23.207288765246595,22.698519825712932,TEXT_ABSA,英仕派,6,16078.0
2067.253865559896,2411.83452443099,148.8215397443237,49.183247525117466,TEXT_ABSA,荣威i5,6,25219.0
220.21646881103516,222.50623762510017,2840.6305257427407,4262.254235052294,TEXT_ABSA,荣威i6 MAX新能源,6,31.0
476.8083902994792,516.9893788673171,50.07537602674089,52.29117787967237,TEXT_ABSA,菱智,6,5471.0
373.8288981119792,457.7852305858443,17.00376688320655,17.67233996747459,TEXT_ABSA,蒙迪欧,6,12692.0
217.3149617513021,268.5841454244922,41.66509920572115,32.53217990288954,TEXT_ABSA,蔚来ET5,6,4008.0
128.13653182983398,144.35671982018138,920.5820083278174,800.8533239364624,TEXT_ABSA,蔚来ET7,6,96.0
553.0010172526041,587.0377984464319,45.385355547293656,37.80341920377835,TEXT_ABSA,赛图斯,6,8777.0
3150.5943603515625,3315.5545803641453,44.21292930922391,44.992422139972334,TEXT_ABSA,赛那SIENNA,6,42015.0
427.8945007324219,497.85185272194184,40.00845318684472,44.75883898874706,TEXT_ABSA,起亚K3,6,5736.0
2.101661483446757,2.23706201924416,,,TEXT_ABSA,起亚KX3傲跑,6,0.0
5726.100260416667,7588.185462728181,32.56366231445993,36.115802292150654,TEXT_ABSA,轩逸,6,95129.0
4121.490966796875,4723.6702727406055,30.17678940874106,32.20921355733725,TEXT_ABSA,迈腾,6,76776.0
23.524829586346943,42.47490172401807,86.67398307283047,119.61777755769634,TEXT_ABSA,迈腾PHEV,6,118.0
436.05432891845703,712.2806468364989,4139.949363512185,115.66427822770744,TEXT_ABSA,迈锐宝XL,6,2262.0
346.52797444661456,371.41354021175874,20.17997823036152,18.02017547824309,TEXT_ABSA,途昂,6,11538.0
5002.970947265625,5507.742953161765,34.86109056524091,36.250785792809396,TEXT_ABSA,途观L,6,82806.0
3588.0797526041665,4630.039333819943,22.560214467924503,25.45008158743247,TEXT_ABSA,速腾,6,84591.0
2139.1287434895835,2545.4620109778925,19.819346215437385,21.889641608857488,TEXT_ABSA,逸动,6,58634.0
41.84640630086263,53.30036003765185,1631.9945813764666,75.39893027182455,TEXT_ABSA,铂智4X,6,333.0
4921.803304036458,5144.502881977561,37.29615244306875,37.55907131856121,TEXT_ABSA,锋兰达,6,78625.0
69.93234252929688,80.96053731750389,42.79044072938925,34.25257593271684,TEXT_ABSA,锐际,6,1225.0
6930.4301350911455,7132.22048515635,57.19307150510091,56.99210659048117,TEXT_ABSA,长安CS75 PLUS,6,72962.0
11.305077075958252,11.433369902619596,907.3999404907227,969.0066065107073,TEXT_ABSA,长安UNI-K 智电iDD,6,7.0
60.147055308024086,69.0043834430251,1590.7834347573375,353.80620769425934,TEXT_ABSA,长安UNI-T,6,102.0
2824.882568359375,3056.5925223883896,63.008248687596094,41.95266307803334,TEXT_ABSA,雅阁,6,40401.0
685.9329020182291,749.8494473978211,15879.318875830515,109.08023885792142,TEXT_ABSA,零跑T03,6,3773.0
1207.7284749348958,1421.2962490262366,29.144572608622504,31.28830245945326,TEXT_ABSA,领克03,6,23160.0
18.588901201883953,23.344168690050246,291.89132850522196,192.29897795052364,TEXT_ABSA,风光330,6,58.0
41.467594146728516,43.3725770403733,98.28236849621089,91.81017154257236,TEXT_ABSA,风光380,6,271.0
92.38859558105469,114.2806787506024,86.97852310218055,57.62282468672849,TEXT_ABSA,飞凡F7,6,962.0
304.36266072591144,342.1838295143417,64.62122440350326,50.96779135795335,TEXT_ABSA,马自达3 昂克赛拉,6,3583.0
67.86016464233398,84.36817916848686,137.8117190454131,82.25474502101089,TEXT_ABSA,骐达,6,495.0
393.78017171223956,473.7133987578372,37.45536499352799,31.510816621411543,TEXT_ABSA,高尔夫,6,7498.0
1447.5707194010417,1600.7335596010187,25.516197001660096,25.37594389343574,TEXT_ABSA,魏牌 高山,6,34227.0
